Team;Year;Category;Picture Front;Picture Back (if different);Difference to previous;Kevin;Special Edition ?;URL Front;URL Back
Passing;;;;;x;;;passing;
05 Orbitel;2003;TT II;;;x;;;http://www.zonadeavituallamiento.es/images/05Orbitel03.jpg;
05 Orbitel;2002;TT II;;;x;;;http://www.zonadeavituallamiento.es/images/Orbitel02.jpg;
0711 CYCLING;2017;;;;x;;;https://lakarra.net/wp-content/uploads/2019/12/musette-2017-0711-cycling-saby.jpg;
40 Criterium cycliste;1988;Race;;;x;;;https://lakarra.net/wp-content/uploads/2019/12/musette-1988-40-criteium-cycliste-le-dauphine-system-u.jpg;
4-72-Colombia;2013;UCI America Tour Continental;;;x;;;http://www.zonadeavituallamiento.es/images/4-72-Colombia13.jpg;
4-72-Colombia;2014;UCI America Tour Continental;;;x;;;http://www.zonadeavituallamiento.es/images/4-72-Colombia14.jpg;
5 Hour Energy;2013;UCI America Tour Continental;;;x;;;http://www.zonadeavituallamiento.es/images/5-Hour-Energy13.jpg;
AA Drink Cycling Team;2010;Elite-Sub23;;;x;;;http://www.zonadeavituallamiento.es/images/AA-Drink10.jpg;
ABTF Betao - Feirense;2022;UCI Europa Tour Continental;;;x;;;https://lakarra.net/wp-content/uploads/2023/01/musette-2022-abtf-betao-feirense.jpeg;
ABTF Betao - Feirense;2022;UCI Europa Tour Continental;;;x;;;https://lakarra.net/wp-content/uploads/2023/01/musette-2022-abtf-betao-feirensen-volta.jpeg;
ABTF Betao - Feirense;2023;UCI Europa Tour Continental;;;x;;;betao_23;
ABX-Go Pass Slagino;2003;Elite 2;;;x;;;http://www.zonadeavituallamiento.es/images/ABX-GoPass03.jpg;
ABX-Go Pass Slagino;2002;Elite 2;;;x;;;http://www.zonadeavituallamiento.es/images/GoPass.jpg;
Accent.jobs-Wanty;2013;UCI Europa Tour Continental Profesional;;;x;;;http://www.zonadeavituallamiento.es/images/Accent13.jpg;
Accent.jobs-Willems Veranda's;2012;UCI Europa Tour Continental;;;x;;;http://www.zonadeavituallamiento.es/images/Accent12(a).jpg;http://www.zonadeavituallamiento.es/images/Accent12(b).jpg
Acqua & Sapone;2011;UCI Europa Tour Continental Profesional;;;x;;;http://www.zonadeavituallamiento.es/images/Acqua&Sapone11.jpg;
Acqua & Sapone;2012;UCI Europa Tour Continental Profesional;;;x;;;http://www.zonadeavituallamiento.es/images/Acqua-Sapone12.jpg;
Acqua & Sapone-Adria Mobil;2005;UCI Europa Tour Continental Profesional;;;x;;;http://www.avesdeburgos.com/ciclismo/images/Acqua&Sapone05.jpg;
Acqua & Sapone-Caffè Mokambo;2004;TT II;;;x;;;http://www.zonadeavituallamiento.es/images/Acqua&Sapone04.jpg;
Acqua & Sapone-Caffè Mokambo;2006;UCI Europa Tour Continental Profesional;;;x;;;http://www.avesdeburgos.com/ciclismo/images/Acqua&Sapone06.jpg;
Acqua & Sapone-Caffè Mokambo;2007, 2008, 2009;UCI Europa Tour Continental Profesional;;;x;;;http://www.avesdeburgos.com/ciclismo/images/Acqua&Sapone07.jpg;
Acqua & Sapone-Cantina Tollo;2002;TT I;;;x;;;http://www.avesdeburgos.com/ciclismo/images/AcquaSapone-CantinaTollo.jpg;
Acqua & Sapone-D'Angelo & Antenucci;2010;UCI Europa Tour Continental Profesional;;;x;;;http://www.zonadeavituallamiento.es/images/Acqua&Sapone10.jpg;
ActiveJet;2014;;;;x;;;https://lakarra.net/wp-content/uploads/2019/12/musette-2014-active-jet-trek.jpg;
ADR FANGIO;1997;;;;x;;;https://lakarra.net/wp-content/uploads/2020/07/musette-1997-adr-fangio-ioc-mbk.jpeg;
ADR-Anti-M;1988;Profesional;;;x;;;http://www.zonadeavituallamiento.es/images/ADR88.jpg;
ADR-Coors Light-Bottechia-W-Cup Coffee;1989;Profesional;;;x;;;http://www.zonadeavituallamiento.es/images/ADR89.jpg;
Adria Mobil;2008;UCI Europa Tour Continental;;;logo on tape;;;http://www.zonadeavituallamiento.es/images/Adria08.jpg;
Adria Mobil;2011;UCI Europa Tour Continental;;;x;;;http://www.zonadeavituallamiento.es/images/Adria11.jpg;
Adria Mobil;2013;UCI Europa Tour Continental;;;Krka Fiat Ach at the botton;;;http://www.zonadeavituallamiento.es/images/Adria13.jpg;
Adria Mobil;2014;UCI Europa Tour Continental;;;x;;;http://www.zonadeavituallamiento.es/images/Adria14.jpg;
Adria Mobil;2015, 2016, 2017, 2018;UCI Europa Tour Continental;;;No copyright at Adria;;;http://www.zonadeavituallamiento.es/images/Adria1516.jpg;
AG Insurance;2023;Women;;;x;;;ag_23;
AG Insurance;2024;Women;;;No quick step middle;x;;ag_24;
Ag2r Citroen Team;2021, 2022, 2023;UCI WorldTeam;;;x;;;http://www.zonadeavituallamiento.es/images/Ag2r21.jpg;
Ag2r La Mondiale;2008;UCI ProTour;;;x;;;http://www.zonadeavituallamiento.es/images/Ag2r08.jpg;
Ag2r La Mondiale;2008;UCI ProTour;;;x;;;https://lakarra.net/wp-content/uploads/2019/12/ag2r-musette-2008.jpg;
Ag2r La Mondiale;2009;UCI ProTour;;;x;;;http://www.zonadeavituallamiento.es/images/Ag2r09(2).jpg;
Ag2r La Mondiale;2009;UCI ProTour;;;Biemme logo - bottom right;;;http://www.zonadeavituallamiento.es/images/Ag2r09.jpg;
Ag2r La Mondiale;2010, 2011;UCI ProTour;;;x;;;http://www.zonadeavituallamiento.es/images/Ag2r10.jpg;
Ag2r La Mondiale;2012;UCI WorldTour;;;x;;;http://www.zonadeavituallamiento.es/images/Ag2r12.jpg;
Ag2r La Mondiale;2013;UCI WorldTour;;;Focus instead Kuota - bottom left;;;http://www.zonadeavituallamiento.es/images/Ag2r13.jpg;
Ag2r La Mondiale;2014;UCI WorldTour;;;Focus logo - bottom left;;;http://www.zonadeavituallamiento.es/images/Ag2r15.jpg;
Ag2r La Mondiale;2015;UCI WorldTour;;;Focus logo - bottom left;;;http://www.zonadeavituallamiento.es/images/Ag2r14.jpg;
Ag2r La Mondiale;2016;UCI WorldTour;;;x;;;http://www.zonadeavituallamiento.es/images/Ag2r16.jpg;
Ag2r La Mondiale;2017;UCI WorldTour;;;Factor and GSG - bottom;;;http://www.zonadeavituallamiento.es/images/Ag2r17.jpg;
Ag2r La Mondiale;2018;UCI WorldTour;;;x;;;http://www.zonadeavituallamiento.es/images/Ag2r18.jpg;
Ag2r La Mondiale;2019, 2020;UCI WorldTour;;;Eddy Mercx - bottom right;;;http://www.zonadeavituallamiento.es/images/Ag2r19.jpg;
Ag2r La Mondiale - Conti;2020;;;;x;;;https://lakarra.net/wp-content/uploads/2021/02/musette-2020-ag2r-la-mondiale-continental.jpeg;
Ag2r Prévoyance;2001;TT I;;;x;;;http://www.avesdeburgos.com/ciclismo/images/ag2r02.jpg;
Ag2r Prévoyance;2002, 2003;TT I;;;x;;;http://www.avesdeburgos.com/ciclismo/images/ag2r03.jpg;
Ag2r Prévoyance;2004, 2005;TT I;;;x;;;http://www.zonadeavituallamiento.es/images/Ag2r0405.jpg;
Ag2r Prévoyance;2006;UCI ProTour;;;x;;;http://www.avesdeburgos.com/ciclismo/images/ag2r06.jpg;
Ag2r Prévoyance;2007;UCI ProTour;;;b'Twin in black - top middle;;;http://www.avesdeburgos.com/ciclismo/images/ag2r07.jpg;
Agilsport;2008;;;;x;;;https://lakarra.net/wp-content/uploads/2019/12/agilsport-musette-2008.jpg;
Agores;;;;;x;;;https://lakarra.net/wp-content/uploads/2020/12/musette-agores.jpeg;
Agritubel;2005;UCI Europa Tour Continental Profesional;;;Several small sponsors on top;;;http://www.avesdeburgos.com/ciclismo/images/Agritubel05(2).jpg;
Agritubel;2005;UCI Europa Tour Continental Profesional;;;x;;;http://www.avesdeburgos.com/ciclismo/images/Agritubel05.jpg;
Agritubel;2006;UCI Europa Tour Continental Profesional;;;x;;;http://www.avesdeburgos.com/ciclismo/images/Agritubel06(a).jpg;http://www.avesdeburgos.com/ciclismo/images/Agritubel06(b).jpg
Agritubel;2007;UCI Europa Tour Continental Profesional;;;x;;;http://www.avesdeburgos.com/ciclismo/images/Agritubel07.jpg;
Agritubel;2008;UCI Europa Tour Continental Profesional;;;x;;;http://www.zonadeavituallamiento.es/images/Agritubel08.jpg;
Agritubel;2009;UCI Europa Tour Continental Profesional;;;Agritubel in dark blue;;;http://www.zonadeavituallamiento.es/images/Agritubel09.jpg;
Agritubel Loudun 86;2004;Elite 2;;;x;;;http://www.avesdeburgos.com/ciclismo/images/Agritubel(amarilla).jpg;
Agritubel Loudun 86;;;;;White sides;;;agritubel;
Aguas de mesa;1980;;;;x;;;https://lakarra.net/wp-content/uploads/2019/12/musette-1980-aguas-de-mesa-lanjaron.jpg;
Aiarabike;2018;;;;x;;;https://lakarra.net/wp-content/uploads/2019/12/musette-2018-aiarabike.jpg;
Aitos;;;;;x;;;https://lakarra.net/wp-content/uploads/2019/12/musette-aitos.jpg;
Aki-Safi;1997;TT II;;;x;;;http://www.zonadeavituallamiento.es/images/Aki97.jpg;
Akros - Renfer SA;2018, 2019;UCI Europa Tour Continental;;;x;;;https://lakarra.net/wp-content/uploads/2019/12/musette-2018-akros-winforce-jakroo.jpg;
Aldro;2016;Elite-Sub23;;;x;;;http://www.zonadeavituallamiento.es/images/Aldro16.jpg;
Aldro;2017, 2018;Elite-Sub23;;;Cantabria bottom right;;;http://www.zonadeavituallamiento.es/images/Aldro17.jpg;
Ale BTC Ljubjana;2020;UCI Equipo Femenino;;;x;;;ljubjana_20;
Ale BTC Ljubjana;2024;UCI Equipo Femenino;;;;;;ljubjana_24;
Ale BTC Ljubjana;2021;UCI Equipo Femenino;;;x;;;https://lakarra.net/wp-content/uploads/2022/01/musette-2021-ale-btc-ljubljana.jpeg;
Ale Cipollini;2014;UCI Equipo Femenino;;;x;;;http://www.zonadeavituallamiento.es/images/Ale-Cipollini14.jpg;
Ale Cipollini;2016;UCI Equipo Femenino;;;x;;;https://lakarra.net/wp-content/uploads/2019/12/musette-2016-ale-cipollini-galassia-dmt.jpg;https://lakarra.net/wp-content/uploads/2019/12/musette-2016-ale-cipollini-galassia-parmigiano-reggiano.jpg
Ale Cipollini;2017;UCI Equipo Femenino;;;Parmigiano Reggiano middle;;;https://lakarra.net/wp-content/uploads/2019/12/musette-2017-ale-cipollini.jpg;
Ale Cipollini;2018;UCI Equipo Femenino;;;Bardiani bottom middle;;;https://lakarra.net/wp-content/uploads/2019/12/musette-2018-ale-cipollini.jpg;
Ale Cipollini;2019;UCI Equipo Femenino;;;DMT middle;;;http://www.zonadeavituallamiento.es/images/Ale-Cipollini19.jpg;
Alessio;2002;TT I;;;x;;;http://www.avesdeburgos.com/ciclismo/images/Alessio02.jpg;
Alessio;2003;TT I;;;Ruote in lega leggeria in black;;;http://www.zonadeavituallamiento.es/images/Alessio03(a).jpg;http://www.zonadeavituallamiento.es/images/Alessio03(b).jpg
ALESSIO DMT OA;2003;;;;x;;;https://lakarra.net/wp-content/uploads/2019/12/musette-2003-alessio-dmt-oa.jpg;
Alessio-Bianchi;2004;TT I;;;x;;;http://www.avesdeburgos.com/ciclismo/images/Alessio-Bianchi04(a).jpg;http://www.avesdeburgos.com/ciclismo/images/Alessio-Bianchi04(b).jpg
Alessio-Bianchi;2004;TT I;;;square format;;;http://www.zonadeavituallamiento.es/images/Alessio-Bianchi(2)04(a).jpg;http://www.zonadeavituallamiento.es/images/Alessio-Bianchi(2)04(b).jpg
Alexia Alluminio;2001;TT II;;;x;;;http://www.avesdeburgos.com/ciclismo/images/Alexia01.jpg;
Alexia Alluminio;2000;TT II;;;x;;;http://www.zonadeavituallamiento.es/images/Alexia2000.jpg;
Alfa Lum;1989;;;;x;;;https://lakarra.net/wp-content/uploads/2019/12/musette-1989-alfa-lum.jpg;
Alisian;1979;Profesional;;;x;;;http://www.zonadeavituallamiento.es/images/Alisian.jpg;
Alpecin Deceuninck;2024;;;;;;;alpecin_tdf;
Alpecin-Deceuninck;2022;PRT;;;X;;;http://www.zonadeavituallamiento.es/images/Alpecin22.jpg;
Alpecin-Deceuninck;2023, 2024;WT;;;Hairbooster instead Caffeine Shampoo - middle;x;;http://www.zonadeavituallamiento.es/images/Alpecin2223.jpg;
Alpecin-Fenix;2020, 2021;PRT;;;X;;;http://www.zonadeavituallamiento.es/images/Alpecin2021.jpg;
Alpha Baltic-Unitymarathons.com;2013, 2014, 2015;UCI Europa Tour Continental;;;x;;;http://www.zonadeavituallamiento.es/images/Alphabaltic13(a).jpg;http://www.zonadeavituallamiento.es/images/Alphabaltic13(b).jpg
Aluminios Cortizo;2022, 2023;Elite-Sub23;;;x;;;http://www.zonadeavituallamiento.es/images/Cortizo22.jpg;
Amaya Seguros;1991;Profesional;;;Blue A;;;http://www.zonadeavituallamiento.es/images/Amaya(1).jpg;
Amaya Seguros;1992, 1993;Profesional;;;Black A;;;http://www.zonadeavituallamiento.es/images/Amaya(2).jpg;
Amica Chips-Costa de Almería;1999;Profesional;;;x;;;http://www.zonadeavituallamiento.es/images/AmicaChips-Almeria.jpg;
Amica Chips-Knauf;2009;UCI Europa Tour Continental Profesional;;;x;;;http://www.zonadeavituallamiento.es/images/AmicaChips09(a).jpg;http://www.zonadeavituallamiento.es/images/AmicaChips09(b).jpg
Amica Chips-Tacconi Sport;2000;TT II;;;x;;;http://www.zonadeavituallamiento.es/images/AmicaChips2000.jpg;
Amieux;;;;;x;;;amieux;
Amore & Vita;2012, 2013;UCI Europa Tour Continental;;;x;;;http://www.zonadeavituallamiento.es/images/Amore&Vita13.jpg;
Amore & Vita;2013;UCI Europa Tour Continental;;;x;;;http://www.zonadeavituallamiento.es/images/Amore&Vita14.jpg;
Amore & Vita;2017;;;;x;;;https://lakarra.net/wp-content/uploads/2019/12/musette-2017-amore-vita.jpg;
Amore & Vita;2020;;;;x;;;https://lakarra.net/wp-content/uploads/2021/02/musette-2020-amore-e-vita.jpeg;https://lakarra.net/wp-content/uploads/2021/02/musette-2020-amore-e-vita-trasera.jpeg
Amore & Vita;2021;;;;x;;;https://lakarra.net/wp-content/uploads/2022/01/musette-2021-amore-vita.jpeg;https://lakarra.net/wp-content/uploads/2022/01/musette-2021-amore-vita-velo-trasera.jpeg
Amore & Vita - Prodir;2018;;;;x;;;https://lakarra.net/wp-content/uploads/2019/12/musette-2018-amore-vita-prodir.jpg;
Amore & Vita - Prodir;2019;;;;x;;;https://lakarra.net/wp-content/uploads/2020/04/musette-2019-amore-vita-prodir.jpg;https://lakarra.net/wp-content/uploads/2020/04/musette-2019-amore-vita-trasera-velo.jpg
Amore & Vita Giubileo Beretta;2000, 2001, 2002;No UCI;;;x;;;http://www.zonadeavituallamiento.es/images/Amore&Vita(a).jpg;http://www.zonadeavituallamiento.es/images/Amore&Vita(b).jpg
Amore & Vita-Beretta;2003, 2004, 2005;TT III;;;Colorful;;;http://www.avesdeburgos.com/ciclismo/images/Amore&Vita0305(a).jpg;http://www.avesdeburgos.com/ciclismo/images/Amore&Vita0305(b).jpg
Amore & Vita-Fanini;1991, 1992;Profesional;;;x;;;http://www.zonadeavituallamiento.es/images/Amore&Vita91.jpg;
Amore & Vita-Galatron;1993, 1994, 1995;Profesional;;;No nalini bottom right;;;http://www.zonadeavituallamiento.es/images/Amore&Vita93.jpg;
Amore & Vita-McDonald's;2006, 2007;UCI Europa Tour Continental;;;x;;;http://www.avesdeburgos.com/ciclismo/images/Amore&Vita06(a).jpg;http://www.avesdeburgos.com/ciclismo/images/Amore&Vita06(b).jpg
Amore & Vita-McDonald's;2008;UCI Europa Tour Continental;;;x;;;http://www.zonadeavituallamiento.es/images/Amore&Vita08.jpg;
Amore & Vita-McDonald's;2009;UCI America Tour Continental;;;Smaller biemme bottom middle;;;http://www.zonadeavituallamiento.es/images/Amore&Vita09.jpg;
Amore & Vita-Selle SMP;2014;UCI Europa Tour Continental;;;x;;;http://www.zonadeavituallamiento.es/images/Amore&Vita14.jpg;
Amore & Vita-Selle SMP;2014, 2015;UCI Europa Tour Continental;;;x;;;http://www.zonadeavituallamiento.es/images/Amore&Vita1415.jpg;
Amore & Vita-Selle SMP;2016;UCI Europa Tour Continental;;;x;;;http://www.zonadeavituallamiento.es/images/Amore&Vita16.jpg;
An Post Chain Reaction;2013;;;;x;;;https://lakarra.net/wp-content/uploads/2019/12/musette-2013-An-Post-Chainreaction-Kinetica.jpg;
An Post Chain Reaction;2016, 2017;UCI Europa Tour Continental;;;x;;;http://www.zonadeavituallamiento.es/images/An-Post17.jpg;
An Post-Sean Kelly;2010;UCI Europa Tour Continental;;;x;;;http://www.zonadeavituallamiento.es/images/Fashion-Cycling.jpg;
Andalucía;2012;UCI Europa Tour Continental Profesional;;;Inverse at the bottom;;;http://www.zonadeavituallamiento.es/images/Andalucia12.jpg;
Andalucía Caja Granada;2011;UCI Europa Tour Continental Profesional;;;x;;;http://www.zonadeavituallamiento.es/images/Andalucia11(a).jpg;http://www.zonadeavituallamiento.es/images/Andalucia11(b).jpg
Andalucía-CajaSur;2007;UCI Europa Tour Continental Profesional ;;;x;;;http://www.avesdeburgos.com/ciclismo/images/Andalucia07.jpg;
Andalucía-CajaSur;2008;UCI Europa Tour Continental Profesional;;;x;;;http://www.zonadeavituallamiento.es/images/Andalucia08(2).jpg;
Andalucía-CajaSur;2009;UCI Europa Tour Continental Profesional;;;white strap;;;http://www.avesdeburgos.com/ciclismo/images/Andalucia07(2).jpg;
Andalucía-CajaSur;2009;UCI Europa Tour Continental Profesional;;;x;;;http://www.zonadeavituallamiento.es/images/Andalucia08.jpg;
Andalucía-CajaSur;2009, 2010;UCI Europa Tour Continental Profesional;;;white strap;;;http://www.zonadeavituallamiento.es/images/Andalucia09.jpg;
Andalucía-Paul Versan;2005, 2006;UCI Europa Tour Continental Profesional;;;x;;;http://www.avesdeburgos.com/ciclismo/images/Andalucia0506.jpg;
Andalucía-Paul Versan;2006;UCI Europa Tour Continental Profesional;;;x;;;http://www.avesdeburgos.com/ciclismo/images/Andalucia06.jpg;
Andorra-GrandValira;2009;UCI Europa Tour Continental ;;;x;;;http://www.zonadeavituallamiento.es/images/Andorra09.jpg;
Androni Giocattoli-Serramenti PVC Diquigiovanni;2010, 2011;UCI Europa Tour Continental Profesional;Same as previous year;;x;;;http://www.zonadeavituallamiento.es/images/Santini08.jpg;
Androni Giocattoli-Sidermec;2016;UCI Europa Tour Continental Profesional;;;x;;;http://www.zonadeavituallamiento.es/images/Androni16.jpg;
Androni Giocattoli-Sidermec;2019, 2020, 2021;UCI Europa Tour Continental Profesional;;;inkospor top left;;;http://www.zonadeavituallamiento.es/images/Androni19.jpg;
Androni Giocattoli-Venezuela;2013, 2014, 2015;UCI Europa Tour Continental Profesional;;;x;;;http://www.zonadeavituallamiento.es/images/Santini13.jpg;
Androni-Sidermec-Bottecchia;2017, 2018;UCI Europa Tour Continental Profesional;;;square format;;;http://www.zonadeavituallamiento.es/images/Androni17.jpg;
Anicolor Mortagua;2016;;;;x;;;https://lakarra.net/wp-content/uploads/2019/12/musette-2016-anicolor.jpg;
Anquetil;1965;;;;x;;;https://lakarra.net/wp-content/uploads/2019/12/musette-1965-anquetil.jpg;
Antarte - Feirense;2021;UCI Europa Tour Continental;;;x;;;https://lakarra.net/wp-content/uploads/2022/01/musette-2021-antarte-feirense.jpeg;
Apac Cycling Team;2004;TT III;;;x;;;http://www.zonadeavituallamiento.es/images/Apac04.jpg;
Aquablue Sport;2018;UCI Europa Tour Continental Profesional;;;x;;;http://www.zonadeavituallamiento.es/images/Aquablue18.jpg;
AR Monex;2023;;;;Eva bottom right;;;monex_23;
AR Monex;2022;;;;x;;;monex_22;
AR Monex;2024;;;;x;;;ar_24;
AR Monex;;;;;;;;monex;
Arabay;2024;;;;;;;arabay_24;
Araphoe Hincapie;2019;;;;x;;;https://lakarra.net/wp-content/uploads/2020/04/musette-2019-arapahoe.jpg;
Area Zero Pro Team;2014;UCI Europa Tour Continental;;;x;;;http://www.zonadeavituallamiento.es/images/Area-Zero14(1).jpg;
Argentina;2012, 2013;Nation;;;x;;;https://lakarra.net/wp-content/uploads/2019/12/musette-2012-argentina-vittal.jpg;
Argentina;2017;Nation;;;x;;;argentina_17;
Ariostea;1993;Profesional;;;x;;;http://www.zonadeavituallamiento.es/images/Ariostea.jpg;
Ariostea;1992;Profesional;;;square format;;;http://www.zonadeavituallamiento.es/images/Ariostea92.jpg;
Ariostea-Gres;1987;Profesional;;;x;;;http://www.zonadeavituallamiento.es/images/Ariostea87.jpg;
Arkea B&B;2024;UCI WorldTeam;;;x;x;;arkea_24;
Armée de Terre;2015;UCI Europa Tour Continental;;;x;;;http://www.zonadeavituallamiento.es/images/Armee-Terre15.jpg;
Armée de Terre;2016, 2017;UCI Europa Tour Continental;;;colorful;;;http://www.zonadeavituallamiento.es/images/Armee-Terre16.jpg;
Artiach-Filipinos-Chiquilín;1993;Profesional;;;x;;;http://www.zonadeavituallamiento.es/images/Artiach93(a).jpg;http://www.zonadeavituallamiento.es/images/Artiach93(b).jpg
Artiach-Royal;1990;Profesional;;;x;;;http://www.zonadeavituallamiento.es/images/Royal90.jpg;
Artiach-Royal;1991;Profesional;;;x;;;http://www.zonadeavituallamiento.es/images/Artiach-Royal91.jpg;
Artiach-Royal-Fruco;1992;Profesional;;;x;;;http://www.zonadeavituallamiento.es/images/Artiach92.jpg;
Asics-CGA;1997;TT I;;;x;;;http://www.avesdeburgos.com/ciclismo/images/Asics97.jpg;
ASLK-Eddy Merckx;--;Elite 2;;;Eddy Merckx bottom;;;http://www.zonadeavituallamiento.es/images/ASLK-CGER(1).jpg;
ASLK-Eddy Merckx;--;Elite 2;;;x;;;http://www.zonadeavituallamiento.es/images/ASLK-CGER(2).jpg;
ASLK-Eddy Merckx;--;Elite 2;;;Eddy Merckx top;;;http://www.zonadeavituallamiento.es/images/ASLK-CGER(3).jpg;
Asport Luxembourg;2011;;;;;;;https://lakarra.net/wp-content/uploads/2019/12/musette-2011-luxemburgo-asport.jpg;
Astana;2006;UCI ProTour;;;x;;;http://www.avesdeburgos.com/ciclismo/images/Astana06-1.jpg;
Astana;2007;UCI ProTour;;;x;;;http://www.avesdeburgos.com/ciclismo/images/Astana07.jpg;
Astana;2008, 2009;UCI ProTour;;;x;;;http://www.zonadeavituallamiento.es/images/Astana08.jpg;
Astana;2010;UCI ProTour;;;x;;;http://www.zonadeavituallamiento.es/images/Astana10.jpg;
Astana City;2016;UCI Asia Tour Continental;;;x;;;http://www.zonadeavituallamiento.es/images/Seven-Rivers16.jpg;
Astana City;2018;;;;x;;;astana_18;
Astana Premier Tech;2021, 2022;UCI WorldTour;;;x;;;http://www.zonadeavituallamiento.es/images/Astana21.jpg;
Astana Pro Team;2012;UCI WorldTour;;;Samruk gold - bottom middle;;;http://www.zonadeavituallamiento.es/images/Astana11(2).jpg;
Astana Pro Team;2012;UCI WorldTour;;;SIS - bottom right;;;http://www.zonadeavituallamiento.es/images/Astana12.jpg;
Astana Pro Team;2013;UCI WorldTour;;;Smaller MOA than 2012 - bottom right;;;http://www.zonadeavituallamiento.es/images/Astana13(2).jpg;
Astana Pro Team;2013;UCI WorldTour;;;x;;;http://www.zonadeavituallamiento.es/images/Astana13.jpg;
Astana Pro Team;2014;UCI WorldTour;;;x;;;http://www.zonadeavituallamiento.es/images/Astana(1)14(a).jpg;http://www.zonadeavituallamiento.es/images/Astana(1)14(b).jpg
Astana Pro Team;2015;UCI WorldTour;;;Air Astana;;;http://www.zonadeavituallamiento.es/images/Astana15.jpg;http://www.zonadeavituallamiento.es/images/Astana15(b).jpg
Astana Pro Team;2016;UCI WorldTour;;;x;;;http://www.zonadeavituallamiento.es/images/Astana(1)16(a).jpg;
Astana Pro Team;2016;UCI WorldTour;;;Expo 2017;;;http://www.zonadeavituallamiento.es/images/Astana(2)16(a).jpg;http://www.zonadeavituallamiento.es/images/Astana(2)16(b).jpg
Astana Pro Team;2017;UCI WorldTour;;;x;;;http://www.zonadeavituallamiento.es/images/Astana17.jpg;
Astana Pro Team;2018;UCI WorldTour;;;x;;;http://www.zonadeavituallamiento.es/images/Astana18.jpg;
Astana Pro Team;2019;UCI WorldTour;;;Big Giordana bottom right;;;http://www.zonadeavituallamiento.es/images/Astana19.jpg;
Astana Pro Team;2020;UCI WorldTour;;;x;;;http://www.zonadeavituallamiento.es/images/Astana20.jpg;
Astana Qazaqstan;2024;UCI WorldTeam;;;x;x;;astana_24;
Astana Qazaqstan Team;2022, 2023;UCI WorldTeam;;;x;;;http://www.zonadeavituallamiento.es/images/Astana22.jpg;
A-Style Somn;2008;UCI Europa Tour Continental;;;x;;;http://www.zonadeavituallamiento.es/images/A-Style.jpg;
Atal Ofmega;1986;;;;x;;;https://lakarra.net/wp-content/uploads/2019/12/musette-1986-atala-ofmega.jpg;
Atala;;;;;x;;;atala;atala_back
Atlas Personal;2010;UCI Europa Tour Continental;;;x;;;http://www.zonadeavituallamiento.es/images/Atlas10.jpg;
Atlas Personal;2011;UCI Europa Tour Continental;;;No möbel markl;;;http://www.zonadeavituallamiento.es/images/Atlas11.jpg;
Atlas Personal-Jakroo;2012;UCI Europa Tour Continental;;;x;;;http://www.zonadeavituallamiento.es/images/Atlas11.jpg;
Atlas Personal-Jakroo;2013;UCI Europa Tour Continental;;;Jakrod;;;http://www.zonadeavituallamiento.es/images/Atlas13.jpg;
Atlas-Romer's Hausbäckerei;2005, 2006;UCI Europa Tour Continental;;;x;;;http://www.zonadeavituallamiento.es/images/OTC08.jpg;
ATT Investments;2023;;;;x;;;att_23;
ATT Investments;2024;Continental;;;x;x;;att_24;
Atum General/Tavira;2020;UCI Europa Tour Continental;;;x;;;https://lakarra.net/wp-content/uploads/2021/02/musette-2020-tavira.jpeg;
Atum General/Tavira;2021;UCI Europa Tour Continental;;;x;;;https://lakarra.net/wp-content/uploads/2022/01/musette-2021-atum-general-tavira.jpeg;
Atum General/Tavira;2021;UCI Europa Tour Continental;;;x;;;https://lakarra.net/wp-content/uploads/2022/01/musette-2021-conservas-ramirez-tavira.jpeg;
Atum General/Tavira;2022;;;;Smaller logos and blue straps;;;https://lakarra.net/wp-content/uploads/2023/01/musette-2022-tavira-atum-general.jpeg;
Auber 93;2004, 2005, 2006;TT III;Same as previous year;;x;;;http://www.zonadeavituallamiento.es/images/Inkospor-BigMat(2).jpg;
Auber 93;2007;UCI Europa Tour Continental;;;x;;;http://www.avesdeburgos.com/ciclismo/images/Auber93-07.jpg;
Auber 93;2008;UCI Europa Tour Continental;;;x;;;http://www.zonadeavituallamiento.es/images/Auber93-08(a).jpg;http://www.zonadeavituallamiento.es/images/Auber93-08(b).jpg
Auber 93;2009;UCI Europa Tour Continental;;;x;;;http://www.zonadeavituallamiento.es/images/Auber93-0910(a).jpg;http://www.zonadeavituallamiento.es/images/Auber93-0910(b).jpg
Auber 93;2015;UCI Europa Tour Continental;;;x;;;http://www.zonadeavituallamiento.es/images/Auber93-15.jpg;
Aubervilliers 93-Peugeot;1996;TT II;;;x;;;http://www.avesdeburgos.com/ciclismo/images/Auber96.jpg;
Aurum Hotels;2007;UCI Europa Tour Continental;;;x;;;http://www.avesdeburgos.com/ciclismo/images/Aurum-Hotels07.jpg;
Australia;2012;Nation;;;x;;;https://lakarra.net/wp-content/uploads/2019/12/musette-2012-australia.jpg;
Australia;2014;Nation;;;x;;;https://lakarra.net/wp-content/uploads/2019/12/musette-2014-orica-ais-australia.jpg;
Australia;2018, 2019;Nation;Same as previous year;;x;;;https://www.facebook.com/photo/?fbid=2053563781598905&set=a.2020848098203807;
Australia;2021;Nation;;;x;;;australia_21;
Austria;2010;Nation;;;x;;;https://lakarra.net/wp-content/uploads/2019/12/musette-2010-austria.jpg;
Austria;2018;Nation;;;x;;;austria_18;
Austria;2022;Nation;;;x;;;https://lakarra.net/wp-content/uploads/2023/01/musette-2022-austria.jpeg;
Autronic C.C. Vigués;2014;Elite-Sub23;;;;;;http://www.zonadeavituallamiento.es/images/Vigo14.jpg;
AV Villas;2019;;;;x;;;avvillas_19;
Aviludo-Louletano;2021;;;;x;;;https://lakarra.net/wp-content/uploads/2022/01/musette-2021-louletano-loule-concelho.jpeg;
Aviludo-Louletano;2022;;;;x;;;https://lakarra.net/wp-content/uploads/2023/01/musette-2022-louletano-aviludo.jpeg;
Aviludo-Louletano;2023;;;;x;;;avijudo_23;
Aviludo-Louletano-Uli;2018, 2019;UCI Europa Tour Continental;;;x;;;http://www.zonadeavituallamiento.es/images/Louletano18.jpg;
AVP-Viditel;1985;Profesional;;;x;;;http://www.zonadeavituallamiento.es/images/AVP-Viditel.jpg;
AWT Greenway;2015, 2016;UCI Europa Tour Continental;;;x;;;http://www.zonadeavituallamiento.es/images/AWT15.jpg;
Axa Cycling Team;2003;TT III;Same as previous year;;x;;;http://www.zonadeavituallamiento.es/images/Axa-VVZ.jpg;
Axa Cycling Team;2004;TT III;;;No VZ sponsor;;;http://www.avesdeburgos.com/ciclismo/images/Axa05.jpg;
Axa Cycling Team;2004;TT III;;;square format;;;http://www.zonadeavituallamiento.es/images/Axa04.jpg;
Axa Pro-Cycling Team;2005;UCI Europa Tour Continental;Same as previous year;;x;;;http://www.avesdeburgos.com/ciclismo/images/Axa05.jpg;
Axa-VVZ Professional Cycling Team;2002;TT III;;;x;;;http://www.zonadeavituallamiento.es/images/Axa-VVZ.jpg;
Axeon Hagens Berman;2016, 2017;UCI América Tour Continental;;;x;;;http://www.zonadeavituallamiento.es/images/Axeon1617.jpg;
B&B Hotels Vital Concept;2020;UCI Europa Tour Continental Profesional;;;x;;;https://lakarra.net/wp-content/uploads/2021/02/musette-2020-vital-concept-bb-men-in-glaz.jpeg;https://lakarra.net/wp-content/uploads/2021/02/musette-2020-vital-concept-bb-men-in-glaz-trasera.jpeg
B&B Hotels Vital Concept;2021;UCI Europa Tour Continental Profesional;;;x;;;https://lakarra.net/wp-content/uploads/2022/01/musette-2021-bb-hotels-vital-concept.jpeg;https://lakarra.net/wp-content/uploads/2022/01/musette-2021-bb-hotels-vital-concept-men-in-glaz-trasera.jpeg
B&B Hotels Vital Concept;2022;UCI Europa Tour Continental Profesional;;;x;;;https://lakarra.net/wp-content/uploads/2022/01/musette-2021-bb-hotels-vital-concept.jpeg;https://lakarra.net/wp-content/uploads/2022/01/musette-2021-bb-hotels-vital-concept-men-in-glaz-trasera.jpeg
B&S Wegenbouw-Elro Snacks;1982;Profesional;;;x;;;http://www.zonadeavituallamiento.es/images/BS-Elro82.jpg;
Baby Dump Qute;2017;;;;x;;;https://lakarra.net/wp-content/uploads/2019/12/musette-2017-baby-dump-qute.jpg;
Bahrain-McLaren;2020;UCI WorldTour;;;x;;Vuelta;https://lakarra.net/wp-content/uploads/2021/02/musette-2020-bahrain-le-col-vuelta.jpeg;
Bahrain-McLaren;2020;UCI WorldTour;;;x;;;http://www.zonadeavituallamiento.es/images/Bahrain-McLaren20(a).jpg;http://www.zonadeavituallamiento.es/images/Bahrain-McLaren20(b).jpg
Bahrain-Merida;2017;UCI WorldTour;;;x;;;http://www.zonadeavituallamiento.es/images/Bahrain-Merida17.jpg;
Bahrain-Merida;2018;UCI WorldTour;;;x;;;http://www.zonadeavituallamiento.es/images/Bahrain-Merida18.jpg;
Bahrain-Merida;2019;UCI WorldTour;;;x;;;http://www.zonadeavituallamiento.es/images/Bahrain-Merida19(a).jpg;http://www.zonadeavituallamiento.es/images/Bahrain-Merida19(b).jpg
Bahrain-Victorious;2021;UCI WorldTeam;;;Nalini - middle;;;https://lakarra.net/wp-content/uploads/2022/01/musette-2021-bahrain-victorious-nalini.jpeg;
Bahrain-Victorious;2021;UCI WorldTeam;;;Ale - middle;;;http://www.zonadeavituallamiento.es/images/Bahraiin-Victorius21(a).jpg;http://www.zonadeavituallamiento.es/images/Bahraiin-Victorius21(b).jpg
Bahrain-Victorious;2022;UCI WorldTeam;;;x;;;http://www.zonadeavituallamiento.es/images/Bahraiin-Victorius22(a).jpg;http://www.zonadeavituallamiento.es/images/Bahraiin-Victorius22(b).jpg
Bahrain-Victorious;2023;UCI WorldTeam;;;x;;Tour;bahrain_23;
Bahrain-Victorious;2023;UCI WorldTeam;;;x;;;http://www.zonadeavituallamiento.es/images/Bahraiin-Victorius23(a).jpg;http://www.zonadeavituallamiento.es/images/Bahraiin-Victorius23(b).jpg
Bahrain-Victorious;2024;UCI WorldTeam;;;x;x;;bahrain_24;
Bai Sicasal;2019;;;;x;;;bai_19;
BAI Sicasal;2022;;;;x;;;https://lakarra.net/wp-content/uploads/2023/01/musette-2022-bai-sicasal.jpeg;
Bairrada Cycling Team;2022;Junior;;;x;;;http://www.zonadeavituallamiento.es/images/Bairrada22.jpg;
Ballan;1998;TT I;;;x;;;http://www.zonadeavituallamiento.es/images/Ballan98.jpg;
Ballan-Alessio;1999;TT II;;;x;;;http://www.avesdeburgos.com/ciclismo/images/Ballan-Alessio99.jpg;
Banco Bic-Carmin;2013;UCI Europa Tour Continental;;;x;;;http://www.zonadeavituallamiento.es/images/Banco-Bic13.jpg;
Banco Bic-Carmin;2014;UCI Europa Tour Continental;;;White stripes on the sides;;;http://www.zonadeavituallamiento.es/images/Banco-Bic14(2).jpg;
Banco Bic-Carmin;2014;UCI Europa Tour Continental;;;x;;;http://www.zonadeavituallamiento.es/images/Banco-Bic14.jpg;
Banesto;--;Profesional;;;x;;;http://www.zonadeavituallamiento.es/images/Banesto.jpg;
Banesto;1995;;;;x;;;https://lakarra.net/wp-content/uploads/2019/12/musette-1995-banesto.jpg;
Banesto;1997;TT I;;;Square format;;;http://www.avesdeburgos.com/ciclismo/images/Banesto97.jpg;
Banesto;2000;;;;Pinarello top left;;;https://lakarra.net/wp-content/uploads/2019/12/musette-2000-banesto.jpg;
Banesto-Pinarello;1993, 1994;Profesional;;;x;;;http://www.zonadeavituallamiento.es/images/Banesto93.jpg;
BANK BGZ;2013;;;;x;;;https://lakarra.net/wp-content/uploads/2019/12/musette-2013-bank-bgz.jpg;
BANK BGZ;2012;;;;x;;;https://lakarra.net/wp-content/uploads/2020/07/musette-2012-bank-bgz.jpeg;
BankGiroLoterij;2003, 2004;TT II;;;x;;;http://www.avesdeburgos.com/ciclismo/images/BankGiroLoterij0304.jpg;
BankGiroLoterij-Batavus;2000;TT II;;;x;;;https://lakarra.net/wp-content/uploads/2019/12/musette-2000-bankgiro-loterij-batavus.jpg;
BankGiroLoterij-Batavus;2001;TT II;;;x;;;http://www.zonadeavituallamiento.es/images/BankGiroLoterij01.jpg;
Barbot-Gaia;2004;UCI Europa Tour Continental;;;x;;;barbot_gaia_04;
Barbot-Halcón;2007;UCI Europa Tour Continental;;;Halcon right;;;http://www.avesdeburgos.com/ciclismo/images/Barbot07.jpg;
Barbot-Pascoal;2005;UCI Europa Tour Continental;;;Pascoal right;;;http://www.zonadeavituallamiento.es/images/Barbot-Pascoal05.jpg;
Barbot-Siper;2008, 2009, 2010, 2011;UCI Europa Tour Continental;;;Siper right;;;http://www.zonadeavituallamiento.es/images/Barbot08.jpg;
Bardiani CSF;2014, 2015;UCI Europa Tour Continental Profesional;Same as previous year;;x;;;http://www.zonadeavituallamiento.es/images/Bardiani13.jpg;
Bardiani CSF;2015;UCI Europa Tour Continental Profesional;;;x;;;http://www.zonadeavituallamiento.es/images/Bardiani15.jpg;
Bardiani CSF;2016, 2017, 2018;UCI Europa Tour Continental Profesional;;;x;;;http://www.zonadeavituallamiento.es/images/Bardiani16.jpg;
Bardiani CSF;2019;;;;x;;;bardiani_19;
Bardiani CSF Faizane';2020, 2021, 2022;UCI Europa Tour Continental Profesional;;;x;;;http://www.zonadeavituallamiento.es/images/Bardiani20.jpg;
Bardiani Valvole-CSF Inox;2013;UCI Europa Tour Continental Profesional;;;x;;;http://www.zonadeavituallamiento.es/images/Bardiani13.jpg;
Barloworld;2006;UCI Europa Tour Continental Profesional;;;x;;;http://www.avesdeburgos.com/ciclismo/images/Barloworld06.jpg;
Barloworld;2007;UCI Europa Tour Continental Profesional;;;x;;;http://www.avesdeburgos.com/ciclismo/images/Barloworld07.jpg;
Barloworld;2008;UCI Europa Tour Continental Profesional;;;x;;;http://www.zonadeavituallamiento.es/images/Barloworld08.jpg;
Barloworld;2009;UCI Europa Tour Continental Profesional;;;x;;;http://www.zonadeavituallamiento.es/images/Barloworld09.jpg;
Batavus-BankGiroLoterij-Big Star;1999;TT II;;;x;;;https://lakarra.net/wp-content/uploads/2019/12/musette-1999-batavus-bankgiroloterij-big-star-goldracing-gazelle.jpg;
Batavus-BankGiroLoterij-Big Star;1999;TT II;;;x;;;http://www.zonadeavituallamiento.es/images/Batavus99.jpg;
Batik-Del Monte;1997;TT I;;;x;;;http://www.zonadeavituallamiento.es/images/Batik97(2).jpg;
Batik-Del Monte;1997;TT I;;;x;;;http://www.zonadeavituallamiento.es/images/Batik97.jpg;
Bauknecht;;;;;x;;;bauknecht;
BBox Bouygues Telecom;2009;UCI ProTour;;;Bbox top right and Nalini bottom left;;;http://www.zonadeavituallamiento.es/images/Bouygues-Telecom09.jpg;
BBox Bouygues Telecom;2010;UCI Europa Tour Continental Profesional;;;Colnago bottom middle;;;http://www.zonadeavituallamiento.es/images/Bouygues-Telecom10.jpg;
BDC-MarcPol Team;2012;UCI Europa Tour Continental;;;x;;;http://www.zonadeavituallamiento.es/images/BDC12.jpg;
Beat Cycling Club;2018;UCI Europa Tour Continental;;;x;;;http://www.zonadeavituallamiento.es/images/Beat18.jpg;
Beat Cycling Club;2021;;;;White AGU bottom right;;;https://lakarra.net/wp-content/uploads/2022/01/musette-2021-beat.jpeg;
Beat Cycling Club;2022;;;;Transparent AGU bottom right;;;https://lakarra.net/wp-content/uploads/2023/01/musette-2022-beat-agu.jpeg;
Beat Cycling Club;2023;;;;x;;;beat_23;
Belgium;2008;Nation;;;x;;;https://lakarra.net/wp-content/uploads/2019/12/bioracer-musette-2008.jpg;
Belkin-Pro Cycling Team;2013;UCI WorldTour;;;x;;;http://www.zonadeavituallamiento.es/images/Belkin13.jpg;
Belkin-Pro Cycling Team;2013;UCI WorldTour;;;x;;;http://www.zonadeavituallamiento.es/images/Giant-Sis13(a).jpg;http://www.zonadeavituallamiento.es/images/Giant-Sis13(b).jpg
Belkin-Pro Cycling Team;2014;UCI WorldTour;;;x;;;http://www.zonadeavituallamiento.es/images/Belkin14.jpg;
Beltrami TSA;2019;;;;x;;;https://lakarra.net/wp-content/uploads/2020/12/musette-2019-beltrami-tsa-hoppla.jpeg;
Beltrami TSA;2019;;;;x;;;beltrami_19;
Beltrami TSA;2024;;;;x;;;beltrami_24;
Beltrami TSA;2020;;;;x;;;beltrami_20;
Beltrami TSA;2021;;;;x;;;beltrami_21;
Benfica;2007;UCI Europa Tour Continental Profesional;;;White straps;;;http://www.avesdeburgos.com/ciclismo/images/Benfica07.jpg;
Benfica;2007;;;;No benfica logo;;;https://lakarra.net/wp-content/uploads/2019/12/musette-2007-benfica.jpg;
Benfica;2008;UCI Europa Tour Continental Profesional;;;x;;;http://www.zonadeavituallamiento.es/images/Benfica08.jpg;
Benfica;2008;UCI Europa Tour Continental Profesional;;;Red straps;;;http://www.zonadeavituallamiento.es/images/SLB08.jpg;
Benfica;2008;UCI Europa Tour Continental Profesional;;;Dietsport bottom right;;;https://lakarra.net/wp-content/uploads/2019/12/benfica-3-musette-2008.jpg;
Benotto;80s;Profesional;;;x;;;http://www.avesdeburgos.com/ciclismo/images/Benotto.jpg;
Benotto;--;Profesional;;;x;;;http://www.zonadeavituallamiento.es/images/Benotto-Eliconf.jpg;
Bepink;2019;;;;x;;;bepink_19;
Bergen 2017;2017;Race;;;x;;;bergen_17;
Besson Chaussures-Sojasun;2009;UCI Europa Tour Continental;;;x;;;http://www.zonadeavituallamiento.es/images/Besson-Sojasun09(a).jpg;http://www.zonadeavituallamiento.es/images/Besson-Sojasun09(b).jpg
Best PC Ecuador;2021;;;;x;;;bestpc_21;
Beveren 2000;2009, 2010;Elite-Sub23;;;x;;;http://www.zonadeavituallamiento.es/images/Nico-Sport09(1).jpg;
Beveren 2000;2009;Elite-Sub23;;;x;;;http://www.zonadeavituallamiento.es/images/Nico-Sport09(2).jpg;
Beveren 2000;--;Elite-Sub23;;;x;;;http://www.zonadeavituallamiento.es/images/Westautos.jpg;
Beveren 2000;2000-2005;Elite-Sub23;;;x;;;http://www.zonadeavituallamiento.es/images/Westautos-Haco.jpg;
BH;1988;Profesional;;;x;;;http://www.avesdeburgos.com/ciclismo/images/BH(a).jpg;http://www.avesdeburgos.com/ciclismo/images/BH(b).jpg
BH;1987;Profesional;;;x;;;http://www.zonadeavituallamiento.es/images/BH(2).jpg;
Bianchi;2014;;;;x;;;bianchi_14;
BIC;1974;;;;x;;;https://lakarra.net/wp-content/uploads/2020/12/musette-1974-bic.jpeg;
Bicicletas Strongman;2019;;;;x;;;https://lakarra.net/wp-content/uploads/2020/04/musette-2019-bicicletas-strogman-champion-system.jpg;
Biesse Carrera;2023;;;;x;;;biesse_carrera_23;
Biesse Carrera;2018, 2019;;;;x;;;https://lakarra.net/wp-content/uploads/2020/04/musette-2019-biesse-carrera.jpg;
Bigla;2019;;;;x;;;bigla_19;
BIGLA KATUSHA;2020;;;;x;;;https://lakarra.net/wp-content/uploads/2023/02/musette-2020-bigla-katusha-pauleka.jpeg;
BigMat Auber 93;1998;TT II;;;x;;;http://www.avesdeburgos.com/ciclismo/images/BigMat03.jpg;
BigMat Auber 93;2003;TT II;;;x;;;http://www.zonadeavituallamiento.es/images/Inkospor-BigMat.jpg;
BigMat Auber 93;2011, 2012;UCI Europa Tour Continental;;;x;;;http://www.zonadeavituallamiento.es/images/BigMat11.jpg;
BigMat Auber 93;2013;;;;x;;;https://lakarra.net/wp-content/uploads/2019/12/musette-2013-bigmat-auber-93.jpg;
BigMat.Auber 93;2001;TT II;;;x;;;http://www.avesdeburgos.com/ciclismo/images/BigMat01.jpg;
BigMat.Auber 93;2002;TT I;Same as previous year;;x;;;http://www.avesdeburgos.com/ciclismo/images/BigMat01.jpg;
BigMat-Auber 93;2010;UCI Europa Tour Continental;Same as previous year;;x;;;http://www.zonadeavituallamiento.es/images/Auber93-0910(a).jpg;http://www.zonadeavituallamiento.es/images/Auber93-0910(b).jpg
BigMat-Auber 93;2010;UCI Europa Tour Continental;;;x;;;http://www.zonadeavituallamiento.es/images/Auber93-10(a).jpg;http://www.zonadeavituallamiento.es/images/Auber93-10(b).jpg
BIKE CLUBE PORTUGAL;2018;;;;;;;https://lakarra.net/wp-content/uploads/2019/12/musette-2018-bike-clube-portugal-liberty-carglass.jpg;
Bikuben;1996;Esponsor Individual;;;x;;;http://www.avesdeburgos.com/ciclismo/images/Bikuben96.jpg;
Bikuben;1996;Esponsor Individual;;;Darker yellow;;;http://www.zonadeavituallamiento.es/images/Bikuben96(2).jpg;
Bingoal WB;2020, 2023;UCI ProTeam;;;x;;;http://www.zonadeavituallamiento.es/images/Vermarc20.jpg;
BioRacer-Avia;2004, 2005, 2006;Elite 2;;;x;;;http://www.avesdeburgos.com/ciclismo/images/Bioracer(a).jpg;http://www.avesdeburgos.com/ciclismo/images/Bioracer(b).jpg
Biover;2015;;;;x;;;https://lakarra.net/wp-content/uploads/2019/12/musette-2015-biover.jpg;
Bizkaia-Durango;2010, 2011, 2012, 2013, 2014, 2015,2016, 2017;UCI Equipo Femenino;;;x;;;http://www.zonadeavituallamiento.es/images/Bizkaia-Durango.jpg;
BKCP-Powerplus;2010;UCI  Europa Tour Continental;Vermarc neutral;;x;;;http://www.zonadeavituallamiento.es/images/Vermarc0910.jpg;
Black Spoke;2021;;;;x;;;black_spoke_21;
Blagnac;2023;;;;Mioum middle;;;blagnac_23;
Blagnac;2022;;;;x;;;blagnac_22;
Blagnac;2018;;;;x;;;blagnac_18;
Blanco-Pro Cycling Team (hasta junio);2013;UCI  WorldTour;;;x;;;http://www.zonadeavituallamiento.es/images/BioRacer13.jpg;
Blanco-Pro Cycling Team (hasta junio);2013;UCI  WorldTour;;;x;;;http://www.zonadeavituallamiento.es/images/Giant-Sis13(a).jpg;http://www.zonadeavituallamiento.es/images/Giant-Sis13(b).jpg
Bleu mercure;;;;;x;;;https://lakarra.net/wp-content/uploads/2022/01/musette-bleu-mercure.jpeg;
Blois CAC 41;2005;Elite-Sub23;;;x;;;http://www.avesdeburgos.com/ciclismo/images/Blois05.jpg;
BMC Racing Team;2008;UCI  America Tour Continental Profesional;;;x;;;http://www.zonadeavituallamiento.es/images/BMC08.jpg;
BMC Racing Team;2009;UCI  America Tour Continental Profesional;;;x;;;http://www.zonadeavituallamiento.es/images/Assos08(a).jpg;http://www.zonadeavituallamiento.es/images/Assos08(b).jpg
BMC Racing Team;2010;UCI  America Tour Continental Profesional;;;x;;;http://www.zonadeavituallamiento.es/images/BMC10(a).jpg;http://www.zonadeavituallamiento.es/images/BMC10(b).jpg
BMC Racing Team;2011;UCI WorldTour;;;La coquillade top;;;http://www.zonadeavituallamiento.es/images/BMC11(a).jpg;http://www.zonadeavituallamiento.es/images/BMC11(b).jpg
BMC Racing Team;2012;UCI WorldTour;;;x;;;http://www.zonadeavituallamiento.es/images/BMC12(a).jpg;http://www.zonadeavituallamiento.es/images/BMC12(b).jpg
BMC Racing Team;2013, 2014;UCI WorldTour;;;Synthetic;;;http://www.zonadeavituallamiento.es/images/BMC13(2).jpg;
BMC Racing Team;2013;UCI WorldTour;;;Coton;;;http://www.zonadeavituallamiento.es/images/BMC13.jpg;
BMC Racing Team;2014;UCI WorldTour;;;x;;;https://lakarra.net/wp-content/uploads/2019/12/musette-2014-bmc.jpg;
BMC Racing Team;2015, 2016;UCI WorldTour;;;No sponsors on top;;;http://www.zonadeavituallamiento.es/images/BMC15.jpg;
BMC Racing Team;2017;UCI WorldTour;;;x;;;http://www.zonadeavituallamiento.es/images/BMC17.jpg;
BMC Racing Team;2018;UCI WorldTour;;;50/50 black and red;;;http://www.zonadeavituallamiento.es/images/BMC1718.jpg;
BMC-Amplatz;2017;;;;x;;;amplatz_17;
BMS BIRN;2016;;;;x;;;https://lakarra.net/wp-content/uploads/2022/01/musette-2016-bms-birn.jpeg;https://lakarra.net/wp-content/uploads/2022/01/musette-2016-bms-birn-trasera-id.jpeg
Bodysol-Win for Life-Jong Vlaanderen;2006;UCI  Europa Tour Continental;;;x;;;http://www.avesdeburgos.com/ciclismo/images/Vlaanderen06.jpg;
Boels dolmans;2018;;;;x;;;https://lakarra.net/wp-content/uploads/2019/12/musette-2018-boels-dolmans.jpg;
Boels dolmans;2019, 2020;;;;x;;;https://lakarra.net/wp-content/uploads/2020/04/musette-2019-boels-dolmans.jpg;
Bolton Equities;2023;;;;x;;;bolton_23;
Bonjour;2000;TT II;;;x;;;http://www.avesdeburgos.com/ciclismo/images/Bonjour2000.jpg;
Bonjour;2001, 2002;TT II;;;x;;;http://www.avesdeburgos.com/ciclismo/images/Bonjour01.jpg;
Bontrager;2013;;;;x;;;https://lakarra.net/wp-content/uploads/2019/12/musette-2013-bontrager.jpg;
Boom;2014;;;;x;;;boom_14;
Bora Hansgrohe;2024;UCI WorldTeam;;;x;x;;bora_24;
Bora-Argon 18;2015, 2016;UCI  Europa Tour Continental Profesional;;;x;;;http://www.zonadeavituallamiento.es/images/Born15.jpg;
Bora-Hansgrohe;2017;UCI  WorldTour;;;x;;;http://www.zonadeavituallamiento.es/images/Bora(1)17(a).jpg;
Bora-Hansgrohe;2017;UCI  WorldTour;;;x;;;http://www.zonadeavituallamiento.es/images/Bora(2)17(a).jpg;
Bora-Hansgrohe;2018;UCI  WorldTour;;;x;;;http://www.zonadeavituallamiento.es/images/Bora18(a).jpg;http://www.zonadeavituallamiento.es/images/Bora18(b).jpg
Bora-Hansgrohe;2019;UCI  WorldTour;;;x;;;http://www.zonadeavituallamiento.es/images/Bora19(a).jpg;http://www.zonadeavituallamiento.es/images/Bora19(b).jpg
Bora-Hansgrohe;2020;UCI  WorldTour;;;New painting effect - bottom;;;http://www.zonadeavituallamiento.es/images/Bora20(a).jpg;http://www.zonadeavituallamiento.es/images/Bora20(b).jpg
Bora-Hansgrohe;2021;UCI  WorldTeam;;;x;;;http://www.zonadeavituallamiento.es/images/Bora20(2).jpg;
Bora-Hansgrohe;2021;UCI  WorldTeam;;;x;;;http://www.zonadeavituallamiento.es/images/Bora21(a).jpg;http://www.zonadeavituallamiento.es/images/Bora21(b).jpg
Bora-Hansgrohe;2022;UCI  WorldTeam;;;x;;;http://www.zonadeavituallamiento.es/images/Bora22(a).jpg;http://www.zonadeavituallamiento.es/images/Bora22(b).jpg
Bora-Hansgrohe;2023;UCI  WorldTeam;;;Mon Sports;;;http://www.zonadeavituallamiento.es/images/Bora23(a).jpg;http://www.zonadeavituallamiento.es/images/Bora23(b).jpg
Boston Mavic;1981;;;;x;;;https://lakarra.net/wp-content/uploads/2019/12/musette-1981-boston-mavic.jpg;
Bouygues Telecom;2005;UCI ProTour;;;x;;;http://www.avesdeburgos.com/ciclismo/images/Bouygues-Telecom05.jpg;
Bouygues Telecom;2006;UCI ProTour;;;Telecom bottom right of Bouygues;;;http://www.avesdeburgos.com/ciclismo/images/Bouygues-Telecom06.jpg;
Bouygues Telecom;2007;UCI ProTour;;;x;;;http://www.avesdeburgos.com/ciclismo/images/Bouygues-Telecom07.jpg;
Bouygues Telecom;2008;UCI ProTour;;;GSG bottom left;;;http://www.zonadeavituallamiento.es/images/Bouygues-Telecom08.jpg;
Boyacá es para Vivirla;2009;UCI  America Tour Continental;;;x;;;http://www.zonadeavituallamiento.es/images/Boyaca09(2).jpg;
Boyacá es para Vivirla;2009;UCI  America Tour Continental;;;x;;;http://www.zonadeavituallamiento.es/images/Boyaca09.jpg;
Boyacá Raza de Campeones;2016;UCI  America Tour Continental;;;x;;;http://www.zonadeavituallamiento.es/images/Boyaca16.jpg;
Brescialat-Liquigas;1998;TT II;;;x;;;http://www.avesdeburgos.com/ciclismo/images/Brescialat-Liquigas.jpg;
Brescialat-Oyster;1997;TT II;;;Oyster top;;;https://lakarra.net/wp-content/uploads/2019/12/musette-1997-brescialat-liquigas.jpg;
Brescialat-Oyster;1997;TT II;;;x;;;http://www.zonadeavituallamiento.es/images/Brescialat97.jpg;
Brescialat-Verynet;1996;TT I;;;x;;;http://www.avesdeburgos.com/ciclismo/images/Brescialat-Verynet97.jpg;
Bretagne;2016;;;;x;;;https://lakarra.net/wp-content/uploads/2019/12/musette-2016-bretagne.jpg;
BRETAGNE;2019;;;;x;;;https://lakarra.net/wp-content/uploads/2020/04/musette-2019-bretagne.jpg;
Bretagne Armor Lux;2007, 2008;UCI  Europa Tour Continental;;;x;;;http://www.zonadeavituallamiento.es/images/Gemy-Peugeot.jpg;
Bretagne-Jean Floc'h;2005;UCI  Europa Tour Continental;;;x;;;http://www.zonadeavituallamiento.es/images/Bretagne05.jpg;
Bretagne-Schuller;2009;UCI  Europa Tour Continental;;;x;;;http://www.zonadeavituallamiento.es/images/Bretagne09(a).jpg;http://www.zonadeavituallamiento.es/images/Bretagne09(b).jpg
Bretagne-Schuller;2011;UCI  Europa Tour Continental Profesional;;;x;;;http://www.zonadeavituallamiento.es/images/Bretagne11(a).jpg;http://www.zonadeavituallamiento.es/images/Bretagne11(b).jpg
Bretagne-Schuller;2012;UCI  Europa Tour Continental Profesional;;;x;;;http://www.zonadeavituallamiento.es/images/Bretagne12(a).jpg;http://www.zonadeavituallamiento.es/images/Bretagne12(b).jpg
Bretagne-Séché Environnement;2013;UCI  Europa Tour Continental Profesional;;;x;;;http://www.zonadeavituallamiento.es/images/Bretagne13(a).jpg;http://www.zonadeavituallamiento.es/images/Bretagne13(b).jpg
Bretagne-Séché Environnement;2014;UCI  Europa Tour Continental Profesional;;;x;;;http://www.zonadeavituallamiento.es/images/Bretagne14(a).jpg;http://www.zonadeavituallamiento.es/images/Bretagne14(b).jpg
Bretagne-Séché Environnement;2015;UCI  Europa Tour Continental Profesional;;;x;;;http://www.zonadeavituallamiento.es/images/Bretagne15.jpg;
Brioches La Boulangere;2005;;;;x;;Tour;https://lakarra.net/wp-content/uploads/2019/12/musette-2005-TDF-la-boulangere.jpg;
Brioches La Boulangére;2003;TT I;;;x;;;http://www.zonadeavituallamiento.es/images/Boulangere03.jpg;
Brioches La Boulangére;2004;TT I;;;x;;;http://www.avesdeburgos.com/ciclismo/images/Boulangere04.jpg;
Brouwer;1983;Profesional;;;x;;;http://www.avesdeburgos.com/ciclismo/images/Brouwermachines.jpg;
Buckler-Colnago-Decca;1990;Profesional;;;x;;;http://www.zonadeavituallamiento.es/images/Isostar(9).jpg;
Buckler-Colnago-Decca;--;Profesional;;;x;;;http://www.zonadeavituallamiento.es/images/Buckler.jpg;
Buckler-Colnago-Decca;--;Profesional;;;x;;;http://www.zonadeavituallamiento.es/images/Colnago.jpg;
Burgos Monumental;2008;UCI Europa Tour Continental;;;Maglia top left;;;http://www.zonadeavituallamiento.es/images/Vina-Magna08(2).jpg;
Burgos Monumental;2008;UCI Europa Tour Continental;;;x;;;http://www.zonadeavituallamiento.es/images/Vina-Magna08(5).jpg;
Burgos Monumental-Castilla y León;2009;UCI Europa Tour Continental;;;x;;;http://www.zonadeavituallamiento.es/images/Burgos08.jpg;
Burgos Monumental-Castilla y León;2009;UCI Europa Tour Continental;;;x;;;http://www.zonadeavituallamiento.es/images/Burgos09(2).jpg;
Burgos Monumental-Castilla y León;2009;UCI Europa Tour Continental;;;x;;;http://www.zonadeavituallamiento.es/images/Burgos09(3).jpg;
Burgos Monumental-Castilla y León;2009;UCI Europa Tour Continental;;;x;;;http://www.zonadeavituallamiento.es/images/Burgos09.jpg;
Burgos 2016-Castilla y León;2010;UCI Europa Tour Continental;;;x;;;https://lakarra.net/wp-content/uploads/2019/12/musette-2010-burgos-2016-grande.jpg;
Burgos 2016-Castilla y León;2010;UCI Europa Tour Continental;;;Pink straps;;;http://www.zonadeavituallamiento.es/images/Burgos2016(2).jpg;
Burgos 2016-Castilla y León;2010;UCI Europa Tour Continental;;;Black straps;;;http://www.zonadeavituallamiento.es/images/Burgos2016.jpg;
Burgos 2016-Castilla y León;2011;UCI Europa Tour Continental;;;Green straps;;;http://www.zonadeavituallamiento.es/images/Burgos11.jpg;
Burgos BH-Castilla y León;2012;UCI Europa Tour Continental;;;x;;;http://www.zonadeavituallamiento.es/images/Burgos12(1).jpg;
Burgos BH-Castilla y León;2013;UCI Europa Tour Continental;;;x;;;http://www.zonadeavituallamiento.es/images/Burgos13.jpg;
Burgos-BH;2014;UCI Europa Tour Continental;;;x;;;http://www.zonadeavituallamiento.es/images/Burgos14(1).jpg;
Burgos-BH;2014;UCI Europa Tour Continental;;;Beige with blue straps;;;http://www.zonadeavituallamiento.es/images/Burgos14(2).jpg;
Burgos-BH;2014;UCI Europa Tour Continental;;;Purple black straps;;;http://www.zonadeavituallamiento.es/images/Burgos14(3).jpg;
Burgos BH;2015;UCI Europa Tour Continental;;;Green;;;http://www.zonadeavituallamiento.es/images/Burgos15(1).jpg;
Burgos BH;2015;UCI Europa Tour Continental;;;x;;;http://www.zonadeavituallamiento.es/images/Burgos15(2).jpg;
Burgos BH;2015;UCI Europa Tour Continental;;;Purple white straps;;;http://www.zonadeavituallamiento.es/images/Burgos15(3).jpg;
Burgos BH;2015;UCI Europa Tour Continental;;;x;;;http://www.zonadeavituallamiento.es/images/Burgos15(4).jpg;
Burgos BH;2016;UCI Europa Tour Continental;;;x;;;http://www.zonadeavituallamiento.es/images/Burgos16(3).jpg;
Burgos BH;2017;UCI Europa Tour Continental;;;x;;;http://www.zonadeavituallamiento.es/images/Burgos17(3).jpg;
Burgos-BH;2018;UCI Europa Tour Continental Profesional;;;x;;;http://www.zonadeavituallamiento.es/images/Burgos18(1).jpg;
Burgos-BH;2019;UCI Europa Tour Continental Profesional;;;White gopasa;;;http://www.zonadeavituallamiento.es/images/Burgos1819.jpg;
Burgos-BH;2019;UCI Europa Tour Continental Profesional;;;x;;;http://www.zonadeavituallamiento.es/images/Burgos19(2).jpg;
Burgos-BH;2019;UCI Europa Tour Continental Profesional;;;x;;;http://www.zonadeavituallamiento.es/images/Burgos19(a).jpg;http://www.zonadeavituallamiento.es/images/Burgos19(b).jpg
Burgos-BH;2020;UCI ProTeam;;;x;;;http://www.zonadeavituallamiento.es/images/Burgos20.jpg;
Burgos-BH;2021, 2022, 2023;UCI ProTeam;;;x;x;;http://www.zonadeavituallamiento.es/images/Burgos21.jpg;
Burgos-BH;2023;UCI ProTeam;;;x;;;http://www.zonadeavituallamiento.es/images/Burgos23.jpg;
Burgos;2024;UCI ProTeam;;;x;;;burgos_24;
C.B. Immobiliare-Universal Caffè;2006;UCI Europa Tour Continental;;;x;;;http://www.zonadeavituallamiento.es/images/Universal06.jpg;
Cactus;2008;;;;x;;;https://lakarra.net/wp-content/uploads/2019/12/cactus-musette-2008.jpg;
Cadel Evans Great Ocean Race;2019;Race;;;x;;;cadel_evans_19;
Café Baqué;2007;Elite-Sub23;;;x;;;http://www.avesdeburgos.com/ciclismo/images/Cafe-Baque07.jpg;
Café de Colombia;1988;Profesional;;;x;;;http://www.zonadeavituallamiento.es/images/Cafe-Colombia88.jpg;
Café de Colombia-Colombia es Pasión;2009;UCI America Tour Continental;;;x;;;http://www.zonadeavituallamiento.es/images/Cafe-Colombia09.jpg;
Café de Colombia-Colombia es Pasión;2010;UCI America Tour Continental;;;Colombia, Cafe de Colombia;;;http://www.zonadeavituallamiento.es/images/Cafe-Colombia10(2).jpg;
Café de Colombia-Colombia es Pasión;2010;UCI America Tour Continental;;;x;;;http://www.zonadeavituallamiento.es/images/Cafe-Colombia(1)10(a).jpg;http://www.zonadeavituallamiento.es/images/Cafe-Colombia(1)10(b).jpg
Café de Colombia-Colombia es Pasión;2010;UCI America Tour Continental;;;Cafe de Colombia, Colombia, Coldeportes;;;http://www.zonadeavituallamiento.es/images/Cafe-Colombia(2)10(a).jpg;http://www.zonadeavituallamiento.es/images/Cafe-Colombia(2)10(b).jpg
Café de Colombia-Colombia es Pasión;2010;UCI America Tour Continental;;;Colombia, 472, Cafe de Colombia;;;http://www.zonadeavituallamiento.es/images/Cafe-Colombia10(3).jpg;
Café de Colombia-Varta-Mavic;1986;Profesional;;;x;;;http://www.zonadeavituallamiento.es/images/Cafe-Colombia86.jpg;
Cafés Baqué;2004;TT II;;;x;;;http://www.avesdeburgos.com/ciclismo/images/Cafes-Baque04(a).jpg;http://www.avesdeburgos.com/ciclismo/images/Cafes-Baque04(b).jpg
Cage;2002;;;;x;;;https://lakarra.net/wp-content/uploads/2019/12/musette-2002-cage-olmo.jpg;
Caisse d'Epargne;2007;UCI ProTour;;;Diagonal squares;;;http://www.avesdeburgos.com/ciclismo/images/Caisse07.jpg;
Caisse d'Epargne;2008;UCI ProTour;;;Bigger squares in the back;;;http://www.zonadeavituallamiento.es/images/Caisse08.jpg;
Caisse d'Epargne;2009, 2010;UCI ProTour;;;Roundes squares;;;http://www.zonadeavituallamiento.es/images/Caisse09.jpg;
Caisse d'Epargne-Illes Balears;2006;UCI ProTour;;;x;;;http://www.zonadeavituallamiento.es/images/Caisse-DEpargne06(1).jpg;
Caisse d'Epargne-Illes Balears;2006;UCI ProTour;;;Lighter grey;;;http://www.zonadeavituallamiento.es/images/Caisse-DEpargne06(2).jpg;
Caja Madria Otero;1985;;;;x;;;https://lakarra.net/wp-content/uploads/2019/12/musette-1985-caja-madrid-otero.jpg;
Caja Madrid;1984;;;;x;;;https://lakarra.net/wp-content/uploads/2019/12/musette-1984-caja-madrid.jpg;
Caja Rural;2010;UCI Europa Tour Continental;;;x;;;http://www.zonadeavituallamiento.es/images/Caja-Rural10(2).jpg;
Caja Rural;2010;UCI Europa Tour Continental;;;White strap;;;http://www.zonadeavituallamiento.es/images/Caja-Rural10.jpg;
Caja Rural;2011;UCI Europa Tour Continental;;;x;;;http://www.zonadeavituallamiento.es/images/BioRacer11.jpg;
Caja Rural;2012, 2013;UCI Europa Tour Continental;;;x;;;http://www.zonadeavituallamiento.es/images/Caja-Rural12.jpg;
Caja Rural-Orbea (Seat-Orbea-Danena hasta abril);1987, 1988, 1989;Profesional;;;x;;;http://www.zonadeavituallamiento.es/images/Caja-Rural88(a).jpg;http://www.zonadeavituallamiento.es/images/Caja-Rural88(b).jpg
Caja Rural-Seguros RGA;2014;UCI Europa Tour Continental Profesional;;;Seguros RGA;;;http://www.zonadeavituallamiento.es/images/Caja-Rural14.jpg;
Caja Rural-Seguros RGA;2015, 2016;UCI Europa Tour Continental Profesional;;;x;;;http://www.zonadeavituallamiento.es/images/Caja-Rural15.jpg;
Caja Rural-Seguros RGA;2017;UCI Europa Tour Continental Profesional;;;x;;;http://www.zonadeavituallamiento.es/images/Caja-Rural17.jpg;
Caja Rural-Seguros RGA;2018;UCI Europa Tour Continental Profesional;;;No Fuji;;;http://www.zonadeavituallamiento.es/images/Caja-Rural18.jpg;
Caja Rural-Seguros RGA;2019;UCI Europa Tour Continental Profesional;;;x;;;http://www.zonadeavituallamiento.es/images/Caja-Rural19(a).jpg;http://www.zonadeavituallamiento.es/images/Caja-Rural19(b).jpg
Caja Rural-Seguros RGA;2020;UCI ProTeams;;;x;;;http://www.zonadeavituallamiento.es/images/Caja-Rural20.jpg;
Caja Rural-Seguros RGA;2021;UCI ProTeams;;;Small ulevel;;;http://www.zonadeavituallamiento.es/images/Caja-Rural21.jpg;
Caja Rural-Seguros RGA;2022;UCI ProTeams;;;x;;;http://www.zonadeavituallamiento.es/images/Caja-Rural22.jpg;
Caja Rural-Seguros RGA;2023;UCI ProTeams;;;No ulevel;;;caja_23;
Caja Rural-Seguros RGA;2023;UCI ProTeams;;;x;;;http://www.zonadeavituallamiento.es/images/Caja-Rural23.jpg;
Caja Rural-Seguros RGA;2024;UCI ProTeam;;;x;x;;caja_24;
Cajamar;2013;Elite-Sub23;;;x;;;http://www.zonadeavituallamiento.es/images/Cajamar13.jpg;
Cajamar-Consentino;2012;Elite-Sub23;;;x;;;http://www.zonadeavituallamiento.es/images/Cajamar12.jpg;
California Giant-Berry Farms;2013;;;;x;;;california_giant_13;
Camiroo;2009;;;;;;;https://lakarra.net/wp-content/uploads/2019/12/musette-2009-camiroo.jpg;
Canada;;Nation;;;x;;;https://lakarra.net/wp-content/uploads/2019/12/musette-canada.jpg;
Canada;2015;Nation;;;x;;;canada_15;
CandiTV-Pinarello RT;2009;UCI Europa Tour Continental ;;;x;;;http://www.zonadeavituallamiento.es/images/CandiTV08.jpg;
Cannondale;2014;UCI WorldTour;;;x;;;http://www.zonadeavituallamiento.es/images/Cannondale14(2).jpg;
Cannondale;2014;UCI WorldTour;;;Only 3 small logos;;;http://www.zonadeavituallamiento.es/images/Cannondale14.jpg;
Cannondale Pro Cycling;2013;UCI WorldTour;;;x;;;http://www.zonadeavituallamiento.es/images/Cannondale13.jpg;
Cannondale-Drapac Pro Cycling Team;2016;UCI WorldTour;;;x;;;http://www.zonadeavituallamiento.es/images/Cannondale16.jpg;
Cannondale-Drapac Pro Cycling Team;2016;UCI WorldTour;;;Drapac - middle;;;http://www.zonadeavituallamiento.es/images/Cannondale-Drapac16.jpg;
Cannondale-Drapac Professional Cycling Team;2017;UCI WorldTour;;;x;;;http://www.zonadeavituallamiento.es/images/Cannondale-Drapac17.jpg;
Cantina Tollo;2000;TT I;;;x;;;http://www.zonadeavituallamiento.es/images/CantinaTollo2000.jpg;
Cantina Tollo-Acqua&Sapone;2001;TT II;;;x;;;http://www.avesdeburgos.com/ciclismo/images/CantinaTollo-AS01.jpg;
Cantina Tollo-Alexia Alluminio;1998, 1999;TT I;;;x;;;http://www.avesdeburgos.com/ciclismo/images/CantinaTollo-Alexia.jpg;
Cantina Tollo-Carrier-Starpalast;1997;TT II;;;x;;;http://www.zonadeavituallamiento.es/images/CantinaTollo-Carrier97.jpg;
Cantina Tollo-Co.Bo.;1996;TT II;;;x;;;http://www.avesdeburgos.com/ciclismo/images/CantinaTollo-Cobo.jpg;
Canyon SRAM;2022;Women;;;x;;;https://lakarra.net/wp-content/uploads/2023/01/musette-2022-canyon-sram.jpeg;https://lakarra.net/wp-content/uploads/2023/01/musette-2022-canyon-sram-trasera.jpeg
Canyon SRAM;2022;Women;;;x;;;https://lakarra.net/wp-content/uploads/2023/01/musette-2022-canyon-sram-swif.jpeg;https://lakarra.net/wp-content/uploads/2023/01/musette-2022-canyon-sram-swift-trasera.jpeg
Canyon SRAM;2018;Women;;;x;;;https://lakarra.net/wp-content/uploads/2019/12/musette-2018-canyon-sram.jpg;
Canyon SRAM;2024;Women;;;x;;;canyon_24;
Canyon SRAM Paris Roubaix;2022;Women;;;x;;;canyon_sram_roubaix_22;
Canyon-DHB;2019, 2020, 2021;;;;x;;;https://lakarra.net/wp-content/uploads/2020/04/musette-2019-canyon-dhb.jpg;
Capri Sonne-Eddy Merckx-Campagnolo;1982;Profesional;;;x;;;http://www.zonadeavituallamiento.es/images/Capri-Sonne82.jpg;
Carmin-Prio;2012;UCI Europa Tour Continental;;;x;;;http://www.zonadeavituallamiento.es/images/Carmin-Prio12.jpg;
CarmioOro NGC;2010;UCI Europa Tour Continental Profesional;;;x;;;http://www.zonadeavituallamiento.es/images/Carmiooro10.jpg;
CarmioOro-A-Style;2009;UCI Europa Tour Continental;Same as previous year;;x;;;http://www.zonadeavituallamiento.es/images/A-Style.jpg;
Carrera-Tassoni;1992;Profesional;;;Tassoni top left;;;http://www.zonadeavituallamiento.es/images/Carrera93.jpg;
Carrera-Tassoni;1993;Profesional;;;x;;;https://lakarra.net/wp-content/uploads/2019/12/musette-1993-carrera-tassoni.jpg;
Carrera-Tassoni;1994;Profesional;;;x;;;http://www.zonadeavituallamiento.es/images/Carrera94.jpg;
Carrera-Tassoni;1995;Profesional;;;x;;;http://www.avesdeburgos.com/ciclismo/images/carrera-tassoni.jpg;
Carrera-Vagabond;1987, 1988;Profesional;;;x;;;http://www.avesdeburgos.com/ciclismo/images/Carrera90.jpg;
Carrera-Vagabond;1989, 1990, 1991;Profesional;;;Bigger Jeans;;;http://www.zonadeavituallamiento.es/images/Carrera.jpg;
Cartucho.es;2017;;;;x;;;cartucho_17;
Casillo - Petroli Firenze - Hoppla;2022;Club;;;x;;;https://lakarra.net/wp-content/uploads/2022/01/musette-2021-casilio-hoppla-pissei-petroli-firenze-don-camilo.jpeg;
Casino;1998;TT I;;;Colnago top right;;;http://www.avesdeburgos.com/ciclismo/images/Casino-Ag2r.jpg;
Casino;1999;TT I;;;Vitus top right;;;http://www.zonadeavituallamiento.es/images/Casino98.jpg;
Casino-C'est votre équipe;1997;TT I;;;x;;;http://www.zonadeavituallamiento.es/images/Casino97.jpg;
Castellblanch born;1995;;;;x;;;https://lakarra.net/wp-content/uploads/2019/12/musette-1995-castellblanch-born.jpg;
Castellon Electro Hiper;2023;UCI Continental Team;;;x;;;http://www.zonadeavituallamiento.es/images/Electro23.jpg;
Castorama;1992, 1993;Profesional;;;x;;;http://www.zonadeavituallamiento.es/images/Castorama(2).jpg;
Castorama;1994, 1995;Profesional;;;x;;;http://www.avesdeburgos.com/ciclismo/images/Castorama.jpg;
Castorama - Raleigh;1991;Profesional;;;x;;;casto_91;
Ccache par Küp;2024;;;;x;x;;ccache_24;
CCC Polsat Polkowice;2008, 2009;UCI Europa Tour Continental;;;x;;;http://www.zonadeavituallamiento.es/images/CCC09.jpg;
CCC Polsat Polkowice;2010, 2011, 2012, 2013;UCI Europa Tour Continental Profesional;;;Wider C;;;http://www.zonadeavituallamiento.es/images/CCC1011.jpg;
CCC Polsat Polkowice;2013, 2014;UCI Europa Tour Continental Profesional;;;x;;;http://www.zonadeavituallamiento.es/images/CCC13.jpg;
CCC Sprandi Polkowice;2015, 2016;UCI Europa Tour Continental Profesional;;;Sprandi and Polkowice;;;http://www.zonadeavituallamiento.es/images/CCC15.jpg;
CCC Sprandi Polkowice;2017;UCI Europa Tour Continental Profesional;;;Sprandi, Polkowice and Biemme;;;http://www.zonadeavituallamiento.es/images/CCC17.jpg;
CCC Sprandi Polkowice;2018;UCI Europa Tour Continental Profesional;;;Biemme ;;;ccc_18;
CCC Team;2019;UCI WorldTour;;;x;;;http://www.zonadeavituallamiento.es/images/CCC19.jpg;
CCC Team;2019;UCI WorldTour;;;Smaller logo;;;ccc_19;
CCC Team;2020;UCI WorldTour;;;x;;;http://www.zonadeavituallamiento.es/images/CCC20.jpg;
CCT p/b Champion System;2015;UCI Oceanía Tour Continental;;;x;;;http://www.zonadeavituallamiento.es/images/Champion-System15.jpg;
CDC-Cavaliere;2010;UCI Europa Tour Continental;;;x;;;http://www.zonadeavituallamiento.es/images/CDC10(a).jpg;http://www.zonadeavituallamiento.es/images/CDC10(b).jpg
CDC-Cavaliere;2010;UCI Europa Tour Continental;;;x;;;http://www.zonadeavituallamiento.es/images/Giordana10.jpg;
Cedico Moguy;1996;;;;;;;https://lakarra.net/wp-content/uploads/2019/12/musette-1996-cedico-moguy-ville-de-charleroi.jpg;
CENTRE MUNDIAL CYCLISME;2016;;;;SMS bottom right;;;https://lakarra.net/wp-content/uploads/2019/12/musette-2016-centre-mundial-cyclisme-cmc.jpg;
Centri della Calzatura;2009;UCI Europa Tour Continental;;;x;;;http://www.zonadeavituallamiento.es/images/Centri09(a).jpg;http://www.zonadeavituallamiento.es/images/Centri09(b).jpg
Centri della Calzatura-Partizan;2008;UCI Europa Tour Continental;;;x;;;http://www.zonadeavituallamiento.es/images/Partizan08.jpg;
Centro Ciclismo de Loulé;2008;UCI Europa Tour Continental;;;x;;;http://www.zonadeavituallamiento.es/images/Loule08(a).jpg;http://www.zonadeavituallamiento.es/images/Loule08(b).jpg
Centro Ciclismo de Loulé-Louletano;2009;UCI Europa Tour Continental;;;x;;;https://lakarra.net/wp-content/uploads/2019/12/musette-2009-loule.jpg;
Centro Ciclismo de Loulé-Louletano;2010;UCI Europa Tour Continental;;;x;;;http://www.zonadeavituallamiento.es/images/Loule09.jpg;
Centro Mundial de Ciclismo;2013;Elite-Sub23;;;x;;;http://www.zonadeavituallamiento.es/images/CM-Ciclismo13.jpg;
Centro Mundial de Ciclismo;2022, 2023;Elite Equipo Femenino;;;x;;;http://www.zonadeavituallamiento.es/images/CMC22.jpg;
Cerámica Flaminia;2006;UCI Europa Tour Continental Profesional;;;Farmaenergy bottom;;;http://www.avesdeburgos.com/ciclismo/images/Flaminia06.jpg;
Cerámica Flaminia;2007;UCI Europa Tour Continental Profesional;;;Vifra botton;;;http://www.zonadeavituallamiento.es/images/Flaminia07.jpg;
Cerámica Flaminia;2010;UCI Europa Tour Continental Profesional;;;x;;;http://www.zonadeavituallamiento.es/images/Flaminia10.jpg;
Cerámica Flaminia Bossini Docce;2008, 2009;UCI Europa Tour Continental Profesional;;;Bossini Vifra;;;http://www.zonadeavituallamiento.es/images/Flaminia08.jpg;
Cerámica Flaminia-Fondriest;2013;UCI Europa Tour Continental;;;x;;;http://www.zonadeavituallamiento.es/images/Flaminia13.jpg;
Cerámica Panaria-Navigare;2005, 2006;UCI Europa Tour Continental Profesional;;;x;;;http://www.avesdeburgos.com/ciclismo/images/Panaria06.jpg;
Cerámica Panaria-Navigare;2007;UCI Europa Tour Continental Profesional;;;x;;;http://www.avesdeburgos.com/ciclismo/images/Panaria07.jpg;
Ceramiche Ariostea;1986;;;;x;;;https://lakarra.net/wp-content/uploads/2019/12/musette-1986-ariostea-ceramiche.jpg;
Ceramiche Panaria-Fiordo;2002, 2003;;;;x;;;http://www.avesdeburgos.com/ciclismo/images/Panaria02.jpg;
Ceramiche Panaria-Margres;2004;TT II;;;x;;;http://www.avesdeburgos.com/ciclismo/images/Panaria-Margres04.jpg;
Ceratizit WNT;2019, 2020;;;;WNT Ceratizit;;;ceratizit_19;
Ceratizit WNT;2021;;;;Ceratizit WNT;;;ceratizit_21;
Ceratizit WNT;2022;;;;Ceratizit WNT on blue;;;ceratizit_22;
Ceratizit WNT;2023;;;;x;;;ceratizit_23;
Cervélo Bigla;2017;;;;x;;;https://lakarra.net/wp-content/uploads/2019/12/musette-2017-cervelo-bigla.jpg;
Cervélo Test Team;2009;UCI Europa Tour Continental Profesional;;;x;;;http://www.zonadeavituallamiento.es/images/Cervelo09.jpg;
Cervélo Test Team;2010;UCI Europa Tour Continental Profesional;;;x;;;http://www.zonadeavituallamiento.es/images/Cervelo10(2).jpg;
Cervélo Test Team;2010;UCI Europa Tour Continental Profesional;;;Scorpio bottom middle;;;http://www.zonadeavituallamiento.es/images/Cervelo10(3).jpg;
Cervélo Test Team;2010;UCI Europa Tour Continental Profesional;;;Vittoria bottom middle;;;http://www.zonadeavituallamiento.es/images/Cervelo10.jpg;
Champ;--;Profesional;;;x;;;http://www.zonadeavituallamiento.es/images/Champ.jpg;
Champion System Pro Cycling Team;2012, 2013;UCI Asia Tour Continental Profesional;;;x;;;http://www.zonadeavituallamiento.es/images/Champion-System12.jpg;
Chapuillot-Autun;Años 50;Profesional;;;x;;;http://www.avesdeburgos.com/ciclismo/images/Chapuillot-Autun.jpg;
Chateau D'Ax-Salotti;1989;;;;x;;;https://lakarra.net/wp-content/uploads/2019/12/musette-1989-chateau-dax-enervit-salotti.jpg;
Chateau D'Ax-Salotti;1988;;;;x;;;https://lakarra.net/wp-content/uploads/2022/01/musette-1988-chateau-dax-salotti.jpeg;
Chateau D'Ax-Salotti;1989;Profesional;;;x;;;http://www.zonadeavituallamiento.es/images/Chateau-Dax88(a).jpg;http://www.zonadeavituallamiento.es/images/Chateau-Dax88(b).jpg
Chazal-MBK-König;1995;Profesional;;;x;;;http://www.avesdeburgos.com/ciclismo/images/Chazal94.jpg;
Chazal-MBK-König;1994;Profesional;;;x;;;http://www.zonadeavituallamiento.es/images/Chazal.jpg;
Chevrolet-L.A. Sheriff;1995;Profesional;;;x;;;http://www.zonadeavituallamiento.es/images/Chevrolet(a).jpg;http://www.zonadeavituallamiento.es/images/Chevrolet(b).jpg
Chevrolet-L.A. Sheriff;1992;Profesional;;;x;;;http://www.zonadeavituallamiento.es/images/Chevrolet2(a).jpg;http://www.zonadeavituallamiento.es/images/Chevrolet2(b).jpg
China Glory Continental Cycling Team;2022;UCI Asia Tour Continental;;;x;x;;http://www.zonadeavituallamiento.es/images/China-Glory22.jpg;
Chocolat Jacques;2004;TT I;;;x;;;http://www.avesdeburgos.com/ciclismo/images/Jacques-Wincor04(a).jpg;http://www.avesdeburgos.com/ciclismo/images/Jacques-Wincor04(b).jpg
Chocolat Jacques-T.interim;2005;UCI Europa Tour Continental Profesional;;;x;;;http://www.avesdeburgos.com/ciclismo/images/Jacques-Tinterim05.jpg;
Chocolat Jacques-Topsport Vlaanderen;2006;UCI Europa Tour Continental Profesional;;;Topsport black and red;;;http://www.avesdeburgos.com/ciclismo/images/Jacques-Topsport06.jpg;
Chocolat Jacques-Topsport Vlaanderen;2007;UCI Europa Tour Continental Profesional;;;Topsport black and grey;;;http://www.avesdeburgos.com/ciclismo/images/Jacques-Topsport07.jpg;
Christina Watches-Onfone;2011;UCI Europa Tour Continental;;;x;;;http://www.zonadeavituallamiento.es/images/Christina11.jpg;
Christina Watches-Onfone;2012;UCI Europa Tour Continental;;;x;;;http://www.zonadeavituallamiento.es/images/Christina12.jpg;
Christina Watches-Onfone;2013;UCI Europa Tour Continental;;;x;;;https://lakarra.net/wp-content/uploads/2022/01/musette-2013-christina-watches-onfone.jpeg;
CIC Nantes;2023, 2024;;;;x;;;cic_23;
Cilo-Aufina;1980-1983;Profesional;;;x;;;http://www.zonadeavituallamiento.es/images/Cilo-Aufina.jpg;
Cinelli-Endeka-OPD;2007;UCI Europa Tour Continental;;;x;;;http://www.avesdeburgos.com/ciclismo/images/Endeka07.jpg;
Cinelli-OPD;2008;UCI Europa Tour Continental;;;x;;;http://www.zonadeavituallamiento.es/images/Cinelli08(a).jpg;http://www.zonadeavituallamiento.es/images/Cinelli08(b).jpg
Circus- Wanty Gobert;2010;UCI Europa Tour Continental Profesional;;;x;;;http://www.zonadeavituallamiento.es/images/3Action19.jpg;
CKT Tmit-Champion System;2010;UCI Europa Tour Continental;;;x;;;http://www.zonadeavituallamiento.es/images/Champion-System09.jpg;
CLAS;1988;;;;x;;;https://lakarra.net/wp-content/uploads/2019/12/musette-1988-clas.jpg;
CLAS-Cajastur;1990;Profesional;;;plastic;;;http://www.zonadeavituallamiento.es/images/Clas-Cajastur(2).jpg;
CLAS-Cajastur;1991;Profesional;;;cotton;;;http://www.avesdeburgos.com/ciclismo/images/Clas-Cajastur.jpg;
CLAS-Cajastur;1993;Profesional;;;x;;;http://www.zonadeavituallamiento.es/images/Clas-Cajastur(3).jpg;
CLAS-Razesa;1989;Profesional;;;x;;;http://www.avesdeburgos.com/ciclismo/images/CLAS(a).jpg;http://www.avesdeburgos.com/ciclismo/images/CLAS(b).jpg
Cm benros;2019;;;;x;;;https://lakarra.net/wp-content/uploads/2020/12/musette-2019-cm-benros.jpeg;
Cofidis;2020, 2021;UCI WorldTour;;;De Rosa - top left;;;http://www.zonadeavituallamiento.es/images/Cofidis20.jpg;
Cofidis;2021;UCI WorldTeam;;;x;;Giro;https://lakarra.net/wp-content/uploads/2022/01/musette-2021-cofidis-rosa-pink-giro.jpeg;
Cofidis;2021;UCI WorldTeam;;;x;;14 juillet;https://lakarra.net/wp-content/uploads/2022/01/musette-2021-cofidis-tour-france-francia.jpeg;
Cofidis;2021;UCI WorldTeam;;;x;;Tour;http://www.zonadeavituallamiento.es/images/Cofidis21(1).jpg;
Cofidis;2021;UCI WorldTeam;;;x;;Vuelta;http://www.zonadeavituallamiento.es/images/Cofidis21(2).jpg;
Cofidis;2022;UCI WorldTeam;;;x;;Vuelta;http://www.zonadeavituallamiento.es/images/Cofidis22(1).jpg;
Cofidis;2022;UCI WorldTeam;;;Van Rysel - top right;;;http://www.zonadeavituallamiento.es/images/Cofidis22(2).jpg;
Cofidis;2022;UCI WorldTeam;;;x;;Tour;https://lakarra.net/wp-content/uploads/2023/01/musette-2022-cofidis-tour.jpeg;
Cofidis;2022;UCI WorldTeam;;;x;;Giro;https://lakarra.net/wp-content/uploads/2023/01/musette-2022-cofidis-giro.jpeg;
Cofidis;2023;UCI WorldTeam;;;Look - top left;;;http://www.zonadeavituallamiento.es/images/Cofidis23.jpg;
Cofidis;2023;UCI WorldTeam;;;x;;Tour;cofidis_23;
Cofidis;2023;UCI WorldTeam;;;x;;Giro;cofidis_giro_23;
Cofidis;2024;UCI WorldTeam;;;Möbel - top right;x;;cofidis_24;
Cofidis;2024;UCI WorldTeam;;;x;x;Giro;cofidis_giro_24;
Cofidis;2024;UCI WorldTeam;;;x;x;Tour;cofidis_tdf_24;
Cofidis, le Crédit en ligne;2009, 2010, 2011;UCI ProTour;;;x;;;http://www.zonadeavituallamiento.es/images/Cofidis09.jpg;
Cofidis, le Crédit en ligne;2012;UCI Europa Tour Continental Profesional;;;Cofidis logo - middle;;;http://www.zonadeavituallamiento.es/images/Cofidis12.jpg;
Cofidis, le Crédit par Téléphone;1997, 1998;TT I;;;x;;;http://www.avesdeburgos.com/ciclismo/images/Cofidis97.jpg;
Cofidis, le Crédit par Téléphone;1999;TT I;;;MBK - bottom right;;;http://www.zonadeavituallamiento.es/images/Cofidis99.jpg;
Cofidis, le Crédit par Téléphone;2000, 2001, 2002;TT I;;;Scratch instead button;;;http://www.avesdeburgos.com/ciclismo/images/Cofidis2000.jpg;
Cofidis, le Crédit par Téléphone;2003;TT I;;;x;;;http://www.zonadeavituallamiento.es/images/Cofidis03.jpg;
Cofidis, le Crédit par Téléphone;2004;TT I;;;Decathlon blue - top;;;http://www.avesdeburgos.com/ciclismo/images/Cofidis04.jpg;
Cofidis, le Crédit par Téléphone;2005;UCI ProTour;;;x;;;http://www.avesdeburgos.com/ciclismo/images/Cofidis05.jpg;
Cofidis, le Crédit par Téléphone;2006;UCI ProTour;;;Nalini logo - top;;;http://www.avesdeburgos.com/ciclismo/images/Cofidis06.jpg;
Cofidis, le Crédit par Téléphone;2007;UCI ProTour;Same as previous year;;x;;;http://www.avesdeburgos.com/ciclismo/images/Cofidis07.jpg;
Cofidis, le Crédit par Téléphone;2008;UCI ProTour;;;x;;;http://www.zonadeavituallamiento.es/images/Cofidis08.jpg;
Cofidis, solutions crédits;2013;UCI Europa Tour Continental Profesional;;;x;;;http://www.zonadeavituallamiento.es/images/Cofidis13(a).jpg;http://www.zonadeavituallamiento.es/images/Cofidis13(b).jpg
Cofidis, solutions crédits;2014;UCI Europa Tour Continental Profesional;;;x;;;http://www.zonadeavituallamiento.es/images/Cofidis13(a).jpg;
Cofidis, solutions crédits;2014;UCI Europa Tour Continental Profesional;;;Square musette;;;http://www.zonadeavituallamiento.es/images/Cofidis14(a).jpg;http://www.zonadeavituallamiento.es/images/Cofidis14(b).jpg
Cofidis, solutions crédits;2015, 2016;UCI Europa Tour Continental Profesional;;;x;;;http://www.zonadeavituallamiento.es/images/Cofidis15.jpg;
Cofidis, solutions crédits;2017;UCI Europa Tour Continental Profesional;;;No overstim - bottom;;;http://www.zonadeavituallamiento.es/images/Cofidis17.jpg;
Cofidis, solutions crédits;2018, 2019;UCI Europa Tour Continental Profesional;;;Kuota - top left;;;http://www.zonadeavituallamiento.es/images/Cofidis18.jpg;
Cofidis, solutions crédits;2019;UCI Europa Tour Continental Profesional;;;Cofidis red;;Tour;https://lakarra.net/wp-content/uploads/2020/04/musette-2019-cofidis-red-tour.jpg;
Colbat;2008;;;;;;;https://lakarra.net/wp-content/uploads/2019/12/colbat-musette-2008.jpg;
Coldeportes Zenú Sello Rojo;2018;UCI América Tour Continental;;;x;;;http://www.zonadeavituallamiento.es/images/Zenu18(a).jpg;http://www.zonadeavituallamiento.es/images/Zenu18(b).jpg
Coldeportes Zenú Sello Rojo;2018;;;;x;;;https://lakarra.net/wp-content/uploads/2019/12/musette-2018-zenu-sello-rojo-coldeportes-blanco.jpg;
Coldeportes Zenú Sello Rojo;2018;;;;x;;;https://lakarra.net/wp-content/uploads/2019/12/musette-2018-zenu-sello-rojo-coldeportes-rojo.jpg;
Collstrop;90s;Profesional;;;x;;;http://www.zonadeavituallamiento.es/images/Performance.jpg;
COLLSTROP NICO LAPAGE;1991;;;;Nico Lapage bottom;;;https://lakarra.net/wp-content/uploads/2019/12/musette-1991-collstrop-nico-lapage.jpg;
Collstrop-Isoglass;1991;Profesional;;;x;;;http://www.zonadeavituallamiento.es/images/Collstrop91.jpg;
Collstrop-Naessens-Concorde;1994;Profesional;;;Concorde bottom;;;http://www.zonadeavituallamiento.es/images/Collstrop-Concorde.jpg;
Colnago CM Team;2020;;;;x;;;https://lakarra.net/wp-content/uploads/2022/01/musette-2020-colnago-cm-team.jpeg;
Colnago CSF;2013;;;;;;;https://www.facebook.com/photo/?fbid=2700724486882828&set=a.1608208979467723;
Colnago-CSF Inox;2010;UCI Europa Tour Continental Profesional;;;x;;;http://www.zonadeavituallamiento.es/images/Colnago-CSF10.jpg;
Colnago-CSF Inox;2011;UCI Europa Tour Continental Profesional;;;x;;;http://www.zonadeavituallamiento.es/images/Colnago-CSF11.jpg;
Colnago-CSF Inox;2012;UCI Europa Tour Continental Profesional;;;x;;;http://www.zonadeavituallamiento.es/images/Colnago-CSF12.jpg;
Colombia;2013, 2014;UCI America Tour Continental Profesional;;;x;;;http://www.zonadeavituallamiento.es/images/Colombia13.jpg;
Colombia;2015;UCI America Tour Continental Profesional;;;x;;;http://www.zonadeavituallamiento.es/images/Colombia15.jpg;
Colombia es Pasión Coldeportes;2008;UCI America Tour Continental;;;x;;;http://www.zonadeavituallamiento.es/images/Colombia-Pasion08(a).jpg;http://www.zonadeavituallamiento.es/images/Colombia-Pasion08(b).jpg
Colombia es Pasión Coldeportes;2009;UCI America Tour Continental;;;x;;;http://www.zonadeavituallamiento.es/images/Colombia-Pasion09.jpg;
Colombia es Pasión-Café de Colombia;2011;UCI America Tour Continental Profesional;;;Colombia, 472, PazdelRio;;;http://www.zonadeavituallamiento.es/images/Colombia-Pasion11.jpg;
Colombia Tierra de Atletas GW Shimano;2020;;;;x;;;https://lakarra.net/wp-content/uploads/2021/02/musette-2020-colombia-tierra-de-atletas-gw-shimano.jpeg;
Colombia Tierra de Atletas GW Shimano;2022;UCI Women's Continental Team;;;x;;;http://www.zonadeavituallamiento.es/images/Colombia-Femenino22.jpg;
Colombia-Coldeportes;2012;UCI America Tour Continental Profesional;;;x;;;http://www.zonadeavituallamiento.es/images/Colombia12.jpg;
Coloquick;2015, 2016;;;;x;;;coloquick_15;
Coloquick;2023;;;;x;;;coloquick_23;
Coloquick;2024;;;;x;;;coloquick_24;
Color Code-Aquality Protect;2015, 2016;UCI Europa Tour Continental;;;x;;;http://www.zonadeavituallamiento.es/images/Color-Code15.jpg;
Comunitat Valenciana;2006, 2007, 2008;UCI Europa Tour Continental Profesional;;;x;;;http://www.avesdeburgos.com/ciclismo/images/Comunitat-Valenciana06.jpg;
Comunitat Valenciana-Kelme;2004, 2005;TT II;;;x;;;http://www.avesdeburgos.com/ciclismo/images/Comunitat-Valenciana0405.jpg;
Comunitat Valenciana-Kelme;2004;TT II;;;x;;;http://www.avesdeburgos.com/ciclismo/images/Kelme-Costablanca04(a).jpg;http://www.avesdeburgos.com/ciclismo/images/Kelme-Costablanca04(b).jpg
Concello do Porriño;2013;Elite-Sub23;;;x;;;http://www.zonadeavituallamiento.es/images/Spol.jpg;
Concello do Porriño;2013;Elite-Sub23;;;x;;;http://www.zonadeavituallamiento.es/images/Spol13.jpg;
Condor;2012;;;;x;;;https://lakarra.net/wp-content/uploads/2019/12/musette-2012-rapha-condor-gp-sharp.jpg;
Contentpolis Murcia;2008;UCI Europa Tour Continental Profesional;;;x;;;http://www.zonadeavituallamiento.es/images/Contentpolis08(a).jpg;http://www.zonadeavituallamiento.es/images/Contentpolis08(b).jpg
Contentpolis Murcia;2008;UCI Europa Tour Continental Profesional;;;x;;;http://www.zonadeavituallamiento.es/images/Soctec-Portesano08(a).jpg;http://www.zonadeavituallamiento.es/images/Soctec-Portesano08(b).jpg
Contentpolis-Ampo;2009;UCI Europa Tour Continental Profesional;;;x;;;http://www.zonadeavituallamiento.es/images/Born-WCup09.jpg;
Contentpolis-Ampo;2009;UCI Europa Tour Continental Profesional;;;x;;;http://www.zonadeavituallamiento.es/images/Contentpolis09(a).jpg;http://www.zonadeavituallamiento.es/images/Contentpolis09(b).jpg
Continental Team Differdange ;2010;UCI Europa Tour Continental;;;x;;;http://www.zonadeavituallamiento.es/images/Asport10(a).jpg;http://www.zonadeavituallamiento.es/images/Asport10(b).jpg
Continental Team Differdange ;2010;UCI Europa Tour Continental;;;x;;;http://www.zonadeavituallamiento.es/images/Edy-Schutz10.jpg;
Coop-Mercier-Mavic;1982, 1983;Profesional;;;x;;;http://www.zonadeavituallamiento.es/images/Coop2.jpg;
Coors Classic;1986;;;;x;;;https://lakarra.net/wp-content/uploads/2019/12/musette-1986-coors-classic.jpg;
Coors Classic;1987;;;;x;;;https://lakarra.net/wp-content/uploads/2019/12/musette-1987-coors-classic.jpg;
Copenhague;2017;;;;;;;copenhague_17;
Corbatas Pindal;2018;Junior;;;x;;;http://www.zonadeavituallamiento.es/images/Pindal18.jpg;
Corendon Circus;2018, 2019;CT;;;X;;;corendon_18;
Corratec;2022;UCI ProTeam;;;x;;;https://lakarra.net/wp-content/uploads/2023/01/musette-2022-corratec.jpeg;
Corratec;2023;UCI ProTeam;;;More colors around corratec;;;corratec_23;
Corratec;2024;UCI ProTeam;;;x;x;;corratec_24_2;
Corratec;2024;UCI ProTeam;;;x;x;;corratec_24;
Costa de Almería-Paternina;2004;TT II;Same as previous year;;x;;;http://www.avesdeburgos.com/ciclismo/images/Paternina-CostaAlmeria04.jpg;
CR Colchón;1986;Profesional;;;x;;;http://www.zonadeavituallamiento.es/images/CR86.jpg;
Crédit Agricole;2000, 2001, 2002, 2003;TT II;;;x;;;http://www.avesdeburgos.com/ciclismo/images/CA2000-03.jpg;
Crédit Agricole;2003, 2004;TT I;;;Darker green?;;;http://www.zonadeavituallamiento.es/images/CA03.jpg;
Crédit Agricole;2005;UCI ProTour;;;Look top;;;http://www.avesdeburgos.com/ciclismo/images/CA05.jpg;
Crédit Agricole;2006;UCI ProTour;;;Look bottom left;;;http://www.avesdeburgos.com/ciclismo/images/CA06(2).jpg;
Crédit Agricole;2007;UCI ProTour;;;Green nalini;;;http://www.avesdeburgos.com/ciclismo/images/CA0607.jpg;
Crédit Agricole;2008;UCI ProTour;;;Grey nalini;;;http://www.zonadeavituallamiento.es/images/CA08(2).jpg;
CSF Group Navigare;2008, 2009;Europa Tour Continental Profesional;;;x;;;http://www.zonadeavituallamiento.es/images/CSF08.jpg;
CTF Victorious;2023, 2024;;;;x;;;ctf_23;
Cueva El Soplao;2010, 2011;Elite-Sub23;;;Cantabria bottom;;;http://www.zonadeavituallamiento.es/images/Soplao1011(b).jpg;http://www.zonadeavituallamiento.es/images/Soplao1011(a).jpg
Cueva El Soplao-Cantabria Infinita;2008, 2009, 2010;Elite-Sub23;;;x;;;http://www.zonadeavituallamiento.es/images/Soplao08(a).jpg;http://www.zonadeavituallamiento.es/images/Soplao08(b).jpg
Cueva El Soplao-Cantabria Infinita;2015;UCI Europa Tour Continental;;;x;;;http://www.zonadeavituallamiento.es/images/Cult15.jpg;
Cycle Racing Team Vang;2006;UCI Asia Tour Continental;;;;;;http://www.avesdeburgos.com/ciclismo/images/CycleRacingTeamVang06.jpg;
Cycling Academy Team;2015, 2016;UCI Europa Tour Continental;;;x;;;http://www.zonadeavituallamiento.es/images/Cycling-Academy16.jpg;
Cycling Team Bert Story-Piels;2002;TT III;;;x;;;http://www.zonadeavituallamiento.es/images/BertStory-Piels02(a).jpg;http://www.zonadeavituallamiento.es/images/BertStory-Piels02(b).jpg
Cycling Team Bert Story-Piels;2003;TT III;;;x;;;http://www.zonadeavituallamiento.es/images/BertStory-Piels0203.jpg;
Cycling Team Bert Story-Piels;2004;TT III;;;x;;;http://www.avesdeburgos.com/ciclismo/images/BertStory-Piels05.jpg;
Cycling Team Bert Story-Piels;2004, 2005;TT III;;;x;;;http://www.zonadeavituallamiento.es/images/Gazelle-GoldRacing.jpg;
Cycling Team Jo Piels;2009;UCI Europa Tour Continental;;;x;;;http://www.zonadeavituallamiento.es/images/Gazelle08.jpg;
CyclingTeam De Rijke;2011;UCI Europa Tour Continental;;;x;;;http://www.zonadeavituallamiento.es/images/DeRijke11.jpg;
CyclingTeam De Rijke-Shanks;2013;UCI Europa Tour Continental;;;x;;;http://www.zonadeavituallamiento.es/images/AA-Drink13.jpg;
CyclingTeam Join's-De Rijke;2014, 2015;;;;x;;;https://lakarra.net/wp-content/uploads/2019/12/musette-2014-aa-drink-de-rijke.jpg;
Czech Republic;2013, 2014, 2015, 2016, 2017;;;;x;;;https://lakarra.net/wp-content/uploads/2019/12/musette-2013-czech-team-chequia.jpg;
Daf Trucks-Teve Blad-Rossin;1982;Profesional;;;x;;;http://www.zonadeavituallamiento.es/images/DAF82(a).jpg;http://www.zonadeavituallamiento.es/images/DAF82(b).jpg
D'alessandro Tubolari Kas;1978;;;;x;;;https://lakarra.net/wp-content/uploads/2019/12/musette-1978-d-alessandro-tubolari-kas.jpg;
D'Amico - UM Tools;2021;UCI Europa Tour Continental;;;x;;;damico_21;
D'Amico Utensilnord;2018;UCI Europa Tour Continental;;;x;;;http://www.zonadeavituallamiento.es/images/Damico18.jpg;
D'Amico-Bottecchia;2016, 2017;UCI Europa Tour Continental;;;x;;;http://www.zonadeavituallamiento.es/images/Damico16.jpg;
Dauner Akkon;2018, 2019, 2020, 2021;;;;x;;;https://lakarra.net/wp-content/uploads/2019/12/musette-2018-dauner-akkon.jpg;
Davitamon Win for Life Jong Vlaanderen;2007, 2008;UCI Europa Tour Continental;;;x;;;http://www.avesdeburgos.com/ciclismo/images/Vlaanderen07(a).jpg;http://www.avesdeburgos.com/ciclismo/images/Vlaanderen07(b).jpg
Davitamon-Lotto;2005, 2006;UCI ProTour;;;x;;;http://www.avesdeburgos.com/ciclismo/images/Davitamon-Lotto0506.jpg;
Davo;2007;UCI Europa Tour Continental;;;x;;;http://www.avesdeburgos.com/ciclismo/images/Davo07.jpg;
De Clerck;1975-1977;Profesional;;;x;;;http://www.avesdeburgos.com/ciclismo/images/De-Clerck75.jpg;
De Nardi-Colpack;2003, 2004;TT II;;;x;;;http://www.avesdeburgos.com/ciclismo/images/Selle-Italia06.jpg;
De Nardi-Pasta Montegrappa;2001;TT II;;;Orange sponsor top right;;;http://www.avesdeburgos.com/ciclismo/images/DeNardi01(a).jpg;http://www.avesdeburgos.com/ciclismo/images/DeNardi01(b).jpg
De Nardi-Pasta Montegrappa;2002;TT II;;;x;;;http://www.zonadeavituallamiento.es/images/DeNardi02(b).jpg;http://www.zonadeavituallamiento.es/images/DeNardi02(a).jpg
De Rosa-Stac Plastic;2010;UCI Europa Tour Continental Profesional;;;x;;;http://www.zonadeavituallamiento.es/images/De-Rosa10.jpg;
Decathlon Ag2R;2024;UCI WorldTeam;;;x;x;;decathlon_24_2;
Decathlon Ag2R;2024;UCI WorldTeam;;;x;x;;decathlon_24;
Deceuninck-Quick-Step;2019, 2020, 2021;UCI WorldTour;;;x;;;http://www.zonadeavituallamiento.es/images/Deceuninck19.jpg;
Deceuninck-Quick-Step;;UCI WorldTour;;;x;;;http://www.zonadeavituallamiento.es/images/Deceuninck1921.jpg;
Del tongo;;;;;x;;;deltongo;
Del Tongo-Colnago-Samet-Candy;1985;Profesional;;;x;;;http://www.zonadeavituallamiento.es/images/Del-Tongo85.jpg;
Delko;2021;UCI Europa Tour Continental Profesional;;;x;;;https://lakarra.net/wp-content/uploads/2022/01/musette-2021-delko-infisport.jpeg;
Delko Marseille Provence;2019;UCI Europa Tour Continental Profesional;;;x;;;http://www.zonadeavituallamiento.es/images/Delko19(2).jpg;
Delko Marseille Provence;2019;UCI Europa Tour Continental Profesional;;;x;;;http://www.zonadeavituallamiento.es/images/Delko19(a).jpg;http://www.zonadeavituallamiento.es/images/Delko19(b).jpg
Delko Marseille Provence KTM;2016;UCI Europa Tour Continental;;;x;;;http://www.zonadeavituallamiento.es/images/Delko16(a).jpg;http://www.zonadeavituallamiento.es/images/Delko16(b).jpg
Delko Marseille Provence KTM;2017;UCI Europa Tour Continental Profesional;;;M2017 bottom middle;;;http://www.zonadeavituallamiento.es/images/Delko17(a).jpg;http://www.zonadeavituallamiento.es/images/Delko17(b).jpg
Delko Marseille Provence KTM;2018;UCI Europa Tour Continental Profesional;;;x;;;http://www.zonadeavituallamiento.es/images/Delko18(a).jpg;http://www.zonadeavituallamiento.es/images/Delko18(b).jpg
Denmark;2013, 2014;Nation;;;x;;;https://lakarra.net/wp-content/uploads/2019/12/musette-2013-denmark-parentini.jpg;
Denmark;2017, 2018;Nation;;;x;;;https://lakarra.net/wp-content/uploads/2019/12/musette-2017-dinamarca-dcu.jpg;https://lakarra.net/wp-content/uploads/2019/12/musette-2017-dinamarca-dcu-trasera.jpg
Denmark;2020;Nation;;;x;;;denmark_20;
Denmark;2021;Nation;;;x;;;denmark_21;
Deportpublic;1994;;;;x;;;https://lakarra.net/wp-content/uploads/2019/12/musette-1994-deportpublic.jpg;
Designa Kokken- Knudsgaard;2011;UCI Europa Tour Continental;Same as previous year;;x;;;https://lakarra.net/wp-content/uploads/2020/12/musette-2011-designa.jpeg;
Designa Kokken- Knudsgaard;2012, 2013;UCI Europa Tour Continental;;;x;;;http://www.zonadeavituallamiento.es/images/Designa13.jpg;
DFL-CyclingNews-Litespeed;2006, 2007;UCI Europa Tour Continental;;;x;;;http://www.zonadeavituallamiento.es/images/DFL.jpg;
DHL-Author;2008;UCI Europa Tour Continental;;;x;;;http://www.zonadeavituallamiento.es/images/DHL-Author08.jpg;
Diana-Colnago-Animex;1990;Profesional;;;x;;;http://www.zonadeavituallamiento.es/images/Diana90.jpg;
Dimension Data for Qhubeka;2016;UCI World Tour;;;x;;;http://www.zonadeavituallamiento.es/images/Dimension-Data16.jpg;
Dinan Ideal Auto;2022;;;;x;;;https://lakarra.net/wp-content/uploads/2023/01/musette-2022-dinan-ideal-auto-diffu-sport.jpeg;
DIPUTACION LEON DEYSER GIOS;2012;;;;;;;https://lakarra.net/wp-content/uploads/2019/12/musette-2012-diputacion-leon-deyser-gios.jpg;
Direct Energie;2016;UCI Europa Tour Continental Profesional;;;x;;;http://www.zonadeavituallamiento.es/images/Direct-Energie16.jpg;
Direct Energie;2017;UCI Europa Tour Continental Profesional;;;Harmonie and Ultimum side by side;;;http://www.zonadeavituallamiento.es/images/Direct-Energie17.jpg;
Direct Energie;2018;UCI Europa Tour Continental Profesional;;;No ultimum;;;http://www.zonadeavituallamiento.es/images/Direct-Energie18.jpg;
Direct Energie;2019;UCI Europa Tour Continental Profesional;;;x;;;http://www.zonadeavituallamiento.es/images/Direct-Energie19.jpg;
Discovery Channel Pro Cycling Team;2005;UCI ProTour;;;Black & white;;;http://www.avesdeburgos.com/ciclismo/images/Discovery-Channel05.jpg;
Discovery Channel Pro Cycling Team;2006;UCI ProTour;;;x;;;http://www.avesdeburgos.com/ciclismo/images/Discovery-Channel06.jpg;
Discovery Channel Pro Cycling Team;2007;UCI ProTour;;;Earth more colorful;;;http://www.avesdeburgos.com/ciclismo/images/Discovery-Channel07.jpg;
DNA cycling;2019;;;;x;;;https://lakarra.net/wp-content/uploads/2020/12/musette-2019-dna.jpeg;
DNA cycling;2022;;;;x;;;https://lakarra.net/wp-content/uploads/2023/01/musette-2022-dna-cyclilng.jpeg;
DNA cycling;2023;;Same as previous year;;x;;;https://lakarra.net/wp-content/uploads/2023/01/musette-2022-dna-cyclilng.jpeg;
DNA cycling;2024;;Same as previous year;;x;;;https://lakarra.net/wp-content/uploads/2023/01/musette-2022-dna-cyclilng.jpeg;
Doltcini;2019;;;;x;;;doltcini_19;
Doltcini-Flanders;2013;UCI Europa Tour Continental;;;x;;;http://www.zonadeavituallamiento.es/images/Doltcini13.jpg;
Domex-Weinmann;1989;Profesional;;;x;;;http://www.zonadeavituallamiento.es/images/Domex89.jpg;
Domina Vacanze;2004;TT II;;;x;;;http://www.zonadeavituallamiento.es/images/Domina-Vacanze04.jpg;
Domina Vacanze;2005;UCI ProTour;;;x;;;http://www.avesdeburgos.com/ciclismo/images/Domina-Vacanze05.jpg;
Domina Vacanze-Elitron;2003;TT I;;;x;;;http://www.avesdeburgos.com/ciclismo/images/Domina-Elitron03.jpg;
Domo-Farm Frites;2001;TT I;;;x;;;http://www.avesdeburgos.com/ciclismo/images/Domo-FF05.jpg;
Domo-Farm Frites;2001;;;;x;;Tour;https://lakarra.net/wp-content/uploads/2019/12/musette-2001-TDF-domo-farm-frites-01.jpg;
Domo-Farm Frites;2002;TT I;;;x;;;http://www.zonadeavituallamiento.es/images/Domo.jpg;
Dormilón-Campagnolo;1987;Profesional;;;x;;;http://www.avesdeburgos.com/ciclismo/images/Dormilon.jpg;
Dormilón-Campagnolo;1987;Profesional;;;x;;;http://www.avesdeburgos.com/ciclismo/images/DormilonAzul(a).jpg;http://www.avesdeburgos.com/ciclismo/images/DormilonAzul(b).jpg
Dossche Sport;Años 60;Profesional;;;x;;;http://www.zonadeavituallamiento.es/images/Dossche-Sport.jpg;
Drapac Cycling;2012;UCI Oceania Tour Continental;;;x;;;http://www.zonadeavituallamiento.es/images/Drapac1112.jpg;
Drapac Cycling;2013;UCI Oceania Tour Continental;Same as previous year;;x;;;http://www.zonadeavituallamiento.es/images/Drapac1112.jpg;
Drapac Porsche Cycling;2009;UCI Oceania Tour Continental;;;x;;;http://www.zonadeavituallamiento.es/images/Drapac10.jpg;
Drapac Porsche Cycling;2010;UCI Oceania Tour Continental;Same as previous year;;x;;;http://www.zonadeavituallamiento.es/images/Drapac10.jpg;
Drapac Porsche Cycling;;;;;;;;drapac;
Drapac Professional Cycling;2015;;;;x;;;https://lakarra.net/wp-content/uploads/2019/12/musette-2015-drapac.jpg;
Drapac Professional Cycling;2016;UCI Oceania Tour Continental Profesional;;;x;;;http://www.zonadeavituallamiento.es/images/Drapac16.jpg;
Dromedario-Alan-OECE-Sidermec;1984;Profesional;;;x;;;http://www.zonadeavituallamiento.es/images/Dromedario84.jpg;
Drone Hopper-Androni Giocattoli;2022;UCI Europa Tour Continental Profesional;;;x;;;http://www.zonadeavituallamiento.es/images/DH22.jpg;
Drops Le Col;2022;;;;x;;;https://lakarra.net/wp-content/uploads/2023/01/musette-2022-drops-le-col.jpeg;
Drukkerij Van Lijsebetten-Bodyrepair-Bikeland;2005;UCI Europa Tour Continental;;;x;;;http://www.avesdeburgos.com/ciclismo/images/VV06.jpg;
DSM-Firmenich PostNL;2024;UCI WorldTeam;;;x;x;;dsm_24;
Dubai;2016;;;;x;;;https://lakarra.net/wp-content/uploads/2019/12/musette-2016-dubai.jpg;
Duja-Tavira;2007;UCI Europa Tour Continental;;;x;;;http://www.zonadeavituallamiento.es/images/Duja07.jpg;
Dukla Trencin Trek;2007;UCI Europa Tour Continental;;;x;;;http://www.zonadeavituallamiento.es/images/Dukla13.jpg;
Ebo-Superia;1977;Profesional;;;x;;;http://www.zonadeavituallamiento.es/images/Ebo-Superia77.jpg;
Ecoflam-Jolly-BFB;1986;Profesional;;;x;;;http://www.zonadeavituallamiento.es/images/Ecoflan86.jpg;
Ecoflo Chronos;2024;;;;x;;;ecoflo_24;
Ecuador;2018;;;;x;;;https://lakarra.net/wp-content/uploads/2019/12/musette-2018-Movistar-Ecuador.jpg;
Ecuador;2021;;;;x;;;ecuador_21;
EDS-Fakta;2002;TT II;;;x;;;http://www.zonadeavituallamiento.es/images/EDS-Fakta.jpg;
Ed'system Zvvz;2003;;;;x;;;https://lakarra.net/wp-content/uploads/2020/12/musette-2003-ed-system-zvvz.jpeg;
Ed'system Zvvz;2005;UCI Europa Tour Continental Profesional;;;x;;;http://www.avesdeburgos.com/ciclismo/images/ZVZ05(a).jpg;http://www.avesdeburgos.com/ciclismo/images/ZVZ05(b).jpg
EEC ;2008;;;;x;;;https://lakarra.net/wp-content/uploads/2019/12/eec-musette-2008.jpg;
EF Education;2020;UCI WorldTeam;;;x;;Giro;ef_giro_20;
EF Education;2020;UCI WorldTour;;;x;;;http://www.zonadeavituallamiento.es/images/EF20(a).jpg;http://www.zonadeavituallamiento.es/images/EF20(b).jpg
EF Education First;2019;UCI WorldTour;;;x;;;http://www.zonadeavituallamiento.es/images/EF(2)19(a).jpg;http://www.zonadeavituallamiento.es/images/EF(2)19(b).jpg
EF Education First;2019;UCI WorldTour;;;Only Rapha - top left;;;http://www.zonadeavituallamiento.es/images/EF19(a).jpg;http://www.zonadeavituallamiento.es/images/EF19(b).jpg
EF Education First Tibco;2022;;;;x;;;https://lakarra.net/wp-content/uploads/2023/01/musette-2022-ef-education-first-tibco.jpeg;https://lakarra.net/wp-content/uploads/2023/01/musette-2022-ef-education-first-tibco-rapha-trasera.jpeg
EF Education-Easypost;2022;UCI WorldTeam;;;x;;Tour;https://lakarra.net/wp-content/uploads/2023/01/musette-2022-ef-education-first-giro-neverseecond-easypost.jpeg;https://lakarra.net/wp-content/uploads/2023/01/musette-2022-ef-education-first-palace-rapha-easypost-cannondale-trasera.jpeg
EF Education-Easypost;2022;UCI WorldTeam;;;x;;;http://www.zonadeavituallamiento.es/images/EF22(a).jpg;http://www.zonadeavituallamiento.es/images/EF22(b).jpg
EF Education-Easypost;2023;UCI WorldTeam;;;x;;Giro;ef_giro_23;
EF Education-Easypost;2024;UCI WorldTeam;;;x;x;;ef_24;
EF Education-Easypost;2023;UCI WorldTeam;;;x;;;ef_23;
EF Education-Easypost;2023;UCI WorldTeam;;;x;;;http://www.zonadeavituallamiento.es/images/EF(1)23(a).jpg;http://www.zonadeavituallamiento.es/images/EF(1)23(b).jpg
EF Education-Easypost;2023;UCI WorldTeam;;;x;;;;
EF Education-First Nippo;2022;;;;x;;;https://lakarra.net/wp-content/uploads/2023/01/musette-2022-ef-education-first-cannondale-nippo-development-northwave.jpeg;https://lakarra.net/wp-content/uploads/2023/01/musette-2022-ef-education-first-cannondale-nippo-development-northwave-trasera.jpeg
EF Education-Nippo;2021;UCI WorldTeam;;;x;;;http://www.zonadeavituallamiento.es/images/EF21(a).jpg;http://www.zonadeavituallamiento.es/images/EF21(b).jpg
EF Education-Nippo;2021;UCI WorldTeam;;;x;;Giro;https://lakarra.net/wp-content/uploads/2022/01/musette-2021-ef-education-first-nippo-giro.jpeg;https://lakarra.net/wp-content/uploads/2022/01/musette-2021-ef-education-first-nippo-giro-trasera.jpeg
EF Nippo;2023;;;;x;;;ef_nippo_23;
EF SVB Tibco;2022;;;;x;;Tour;ef_tibco_tdf_22;
EF Tibco svb;2023;;;;x;;;ef_tibco_23;
Efapel;2015;UCI Europa Tour Continental;;;BH bottom right;;;http://www.zonadeavituallamiento.es/images/Efapel15.jpg;
Efapel;2015;UCI Europa Tour Continental;;;x;;;https://lakarra.net/wp-content/uploads/2019/12/musette-2015-efapel-blanca.jpg;
Efapel;2016;UCI Europa Tour Continental;;;Scott bottom right;;;http://www.zonadeavituallamiento.es/images/Efapel16.jpg;
Efapel;2016;UCI Europa Tour Continental;;;Xisto middle;;;efapel_16;
Efapel;2017;UCI Europa Tour Continental;;;x;;;http://www.zonadeavituallamiento.es/images/Efapel17.jpg;
Efapel;2018;UCI Europa Tour Continental;;;x;;;http://www.zonadeavituallamiento.es/images/Efapel18(1).jpg;
Efapel;2019;UCI Europa Tour Continental;;;x;;;http://www.zonadeavituallamiento.es/images/Efapel19.jpg;
Efapel;2020;UCI Europa Tour Continental;;;x;;;https://lakarra.net/wp-content/uploads/2021/02/musette-2020-efapel-prio.jpeg;
Efapel;2021;UCI Europa Tour Continental;;;x;;;http://www.zonadeavituallamiento.es/images/Efapel21.jpg;
Efapel;2021;UCI Europa Tour Continental;;;x;;;https://lakarra.net/wp-content/uploads/2022/01/musette-2021-efapel-prio-anicolor-vuelta.jpeg;
Efapel;2022;UCI Europa Tour Continental;;;x;;;https://lakarra.net/wp-content/uploads/2023/01/musette-2022-efapel.jpeg;
Efapel;2023;UCI Europa Tour Continental;;;x;;;efapel_23;
Efapel;2024;UCI Europa Tour Continental;Same as previous year;;x;;;efapel_23;
Efapel;2024;;;;x;;;efapel_24;
Efapel-Glassdrive;2012;UCI Europa Tour Continental;;;x;;;http://www.zonadeavituallamiento.es/images/Efapel12.jpg;
Efapel-Glassdrive;2013;UCI Europa Tour Continental;;;x;;;http://www.zonadeavituallamiento.es/images/Efapel13(2).jpg;
Efapel-Glassdrive;2013;UCI Europa Tour Continental;;;Jerbi & Fullwear;;;http://www.zonadeavituallamiento.es/images/Efapel13.jpg;
Efapel-Glassdrive;2014;UCI Europa Tour Continental;;;x;;;http://www.zonadeavituallamiento.es/images/Efapel14(1).jpg;
Efapel-Glassdrive;2014;UCI Europa Tour Continental;;;x;;;http://www.zonadeavituallamiento.es/images/Efapel14(2).jpg;
Eldor-Viner;1993;Profesional;;;x;;;http://www.zonadeavituallamiento.es/images/Eldor-Viner93.jpg;
Electro Hiper;2022;;Same as previous year;;x;;;https://lakarra.net/wp-content/uploads/2023/01/musette-2022-hiper-electro-europa-austral.jpeg;
Electro Hiper Europa;2021;UCI Continental Team;;;x;;;http://www.zonadeavituallamiento.es/images/Electro21.jpg;
Elk Haus;2009;UCI Europa Tour Continental Profesional;;;x;;;http://www.zonadeavituallamiento.es/images/Elk09.jpg;
Elk Haus-Simplon;2007;UCI Europa Tour Continental Profesional;;;Simplon ;;;http://www.avesdeburgos.com/ciclismo/images/Elk07.jpg;
Elk Haus-Simplon;2008;UCI Europa Tour Continental Profesional;Same as previous year;;x;;;http://www.avesdeburgos.com/ciclismo/images/Elk07.jpg;
Elkov Kasper;2019;UCI Europa Tour Continental;;;Light blue;;;elkov_19;
Elkov Kasper;2021;UCI Europa Tour Continental;;;Kasper middle;;;https://lakarra.net/wp-content/uploads/2022/01/musette-2021-elkov-elektro-kasper.jpeg;
Elkov Kasper;2022;UCI Europa Tour Continental;;;Light blue;;;elkov_22;
Elkov Kasper;2023;UCI Europa Tour Continental;;;Dark blue;;;elkov_23;
Elkov-Author;2017;UCI Europa Tour Continental;;;x;;;https://lakarra.net/wp-content/uploads/2019/12/musette-2017-elkov-elektro-author.jpg;
Elkov-Author;2018;UCI Europa Tour Continental;;;Dark blue;;;http://www.zonadeavituallamiento.es/images/Elkov18.jpg;
EmiliaRomagna;2020;;;;x;;;emilia_20;
Endura Racing;2011;UCI Europa Tour Continental;;;x;;;http://www.zonadeavituallamiento.es/images/Endura11.jpg;
Endura Racing;2012;UCI Europa Tour Continental;Same as previous year;;x;;;http://www.zonadeavituallamiento.es/images/Endura11.jpg;
Eolo-Kometa Cycling Team;2021;UCI ProTeam;;;x;;;http://www.zonadeavituallamiento.es/images/Eolo21.jpg;
Eolo-Kometa Cycling Team;2022;UCI ProTeam;;;Burger king top right;;;http://www.zonadeavituallamiento.es/images/Eolo22(1).jpg;
Eolo-Kometa Cycling Team;2022;UCI ProTeam;;;x;;;http://www.zonadeavituallamiento.es/images/Eolo22(2).jpg;
Eolo-Kometa Cycling Team;2023;UCI ProTeam;;;Visit Malta bottom middle;;;http://www.zonadeavituallamiento.es/images/Eolo23.jpg;
EPM Tigo-UNE Area Metropolitana;2016;UCI América Tour Continental;;;x;;;http://www.zonadeavituallamiento.es/images/EPM-Tigo-UNE16.jpg;
EPM-UNE;2011;UCI América Tour Continental;;;x;;;http://www.zonadeavituallamiento.es/images/EPM-UNE11(1).jpg;
EPM-UNE;2011;UCI América Tour Continental;;;x;;;http://www.zonadeavituallamiento.es/images/EPM-UNE11(2).jpg;
EPM-UNE;2012;UCI América Tour Continental;;;x;;;http://www.zonadeavituallamiento.es/images/EPM-UNE11(1).jpg;
EPM-UNE;2012;UCI América Tour Continental;;;epm copyright top right;;;http://www.zonadeavituallamiento.es/images/EPM-UNE12.jpg;
Epronex;2023;;;;x;;;epronex_23;
Epronex;2021;;;;x;;;epronex_21;
Epronex;2023;;;;2 lines of sponsors at bottom;;;epronex_23_2;
EQA-Meitan Hompo-Graphite Design;2009;UCI Asia Tour Continental;;;x;;;http://www.zonadeavituallamiento.es/images/Meitan09.jpg;
Equipo Kern Pharma;2020;UCI Europa Tour Continental;;;x;;;http://www.zonadeavituallamiento.es/images/Kern20(1).jpg;
Equipo Kern Pharma;2021;UCI Europa Tour Continental;;;Globalia bottom;;;http://www.zonadeavituallamiento.es/images/Kern21(a).jpg;http://www.zonadeavituallamiento.es/images/Kern21(b).jpg
Equipo Kern Pharma;2022;UCI ProTeams;;;BCD bottom;;;http://www.zonadeavituallamiento.es/images/Kern22(a).jpg;http://www.zonadeavituallamiento.es/images/Kern22(b).jpg
Equipo Kern Pharma;2023;UCI ProTeams;Same as previous year;;x;;;http://www.zonadeavituallamiento.es/images/Kern2223(a).jpg;http://www.zonadeavituallamiento.es/images/Kern2223(b).jpg
Equipo Kern Pharma;2024;UCI ProTeam;;;Green strap;x;;;
Ericsson Villiger;2016;;;;x;;;https://lakarra.net/wp-content/uploads/2019/12/musette-2016-ericsson-villiger.jpg;
Escribano Sports Team;2018;;;;x;;;https://lakarra.net/wp-content/uploads/2019/12/musette-2018-escribano.jpg;
Escribano Sports Team;2017;Elite-Sub23;Same as previous year;;x;;;http://www.zonadeavituallamiento.es/images/Escribano17.jpg;
Espana;1988;Nation;;;x;;;https://lakarra.net/wp-content/uploads/2019/12/musette-1988-espan%CC%83a-bicicletas-otero.jpg;
Espana;1993;Nation;;;x;;;https://lakarra.net/wp-content/uploads/2019/12/musette-1993-espan%CC%83a-espana-otero-nalini.jpg;
Espana;2006;Nation;;;x;;;https://lakarra.net/wp-content/uploads/2019/12/musette-2006-espan%CC%83a-born.jpg;
Espana;2009;Nation;;;x;;;https://lakarra.net/wp-content/uploads/2019/12/musette-2009-espana.jpg;
Espana;2013;Nation;;;x;;;espana_13;
Espana;2013;Nation;;;x;;;https://lakarra.net/wp-content/uploads/2019/12/musette-2013-zv-espan%CC%83a-spain.jpg;
Espana;2014;Nation;Same as previous year;;x;;;https://lakarra.net/wp-content/uploads/2019/12/musette-2014-espan%CC%83a-spain.jpg;
Espana;2015;Nation;;;x;;;https://lakarra.net/wp-content/uploads/2019/12/musette-2015-espan%CC%83a-largo.jpg;
Espana;2016;Nation;;;x;;;https://lakarra.net/wp-content/uploads/2019/12/musette-2016-espan%CC%83a-inverse.jpg;
Espana;2017;Nation;;;x;;;https://lakarra.net/wp-content/uploads/2019/12/musette-2017-espan%CC%83a-cofidis.jpg;
Espana;2018;Nation;;;Black inverse;;;espana_18;
Espana;2019;Nation;Same as previous year;;x;;;https://lakarra.net/wp-content/uploads/2020/04/musette-2019-espan%CC%83a.jpg;
Espana;2020;Nation;Same as previous year;;x;;;https://lakarra.net/wp-content/uploads/2020/04/musette-2019-espan%CC%83a.jpg;
Espana;2021;Nation;;;x;;;https://lakarra.net/wp-content/uploads/2022/01/musette-2021-espan%CC%83a-inverse.jpeg;
Espana;2023;Nation;Same as previous year;;x;;;https://www.facebook.com/photo/?fbid=3593796247575643&set=a.3368383393450264;
Estepona en Marcha-Cafés Toscaf;1997;TTII;;;;;;http://www.zonadeavituallamiento.es/images/Suprotina97.jpg;
Estonia;2014;;;;x;;;https://lakarra.net/wp-content/uploads/2019/12/musette-2014-estonia.jpg;
Etixx-Ihned;2013;UCI Europa Tour Continental;;;;;;http://www.zonadeavituallamiento.es/images/Etixx.jpg;
Etixx-Quick Step;2015;UCI WorldTour;;;x;;;http://www.zonadeavituallamiento.es/images/Etixx15.jpg;
Etixx-Quick Step;2016;UCI WorldTour;Same as previous year;;x;;;http://www.zonadeavituallamiento.es/images/Etixx15.jpg;
Etixx-Quick Step;2016;UCI WorldTour;;;x;;;http://www.zonadeavituallamiento.es/images/Etixx16(1).jpg;
Etixx-Quick Step;2016;UCI WorldTour;;;x;;;http://www.zonadeavituallamiento.es/images/Etixx16(2).jpg;
Euro Soap-Crack-De Bilde-Libertas;1984;Profesional;;;x;;;http://www.zonadeavituallamiento.es/images/EuroSoap-Crack.jpg;
Euro Soap-Crack-De Bilde-Libertas;;;;;x;;;eurosoap;
EuroGifts.com;2005;UCI Europa Tour Continental;;;x;;;http://www.avesdeburgos.com/ciclismo/images/EuroGifts05.jpg;
Europ Decor;1982;Profesional;;;x;;;http://www.zonadeavituallamiento.es/images/Europ-Decor82.jpg;
Europ Decor-Boule d'Or-Eddy Merckx;1984;Profesional;;;x;;;http://www.zonadeavituallamiento.es/images/Europ-Decor84.jpg;
Euskadi;1996;TT II;Same as previous year;;x;;;http://www.zonadeavituallamiento.es/images/Euskadi9596.jpg;
Euskadi Basque Country-Murias;2016;UCI Europa Tour Continental;;;x;;;http://www.zonadeavituallamiento.es/images/Euskadi16.jpg;
Euskadi Basque Country-Murias;2017;UCI Europa Tour Continental;Same as previous year;;x;;;http://www.zonadeavituallamiento.es/images/Euskadi16.jpg;
Euskadi Basque Country-Murias;2018;UCI Europa Tour Continental Profesional;;;x;;Vuelta;http://www.zonadeavituallamiento.es/images/Murias(2)18(a).jpg;http://www.zonadeavituallamiento.es/images/Murias(2)18(b).jpg
Euskadi Basque Country-Murias;2018;UCI Europa Tour Continental Profesional;;;x;;;http://www.zonadeavituallamiento.es/images/Murias18(1).jpg;
Euskadi Basque Country-Murias;2019;UCI Europa Tour Continental Profesional;;;x;;;http://www.zonadeavituallamiento.es/images/Murias19.jpg;
EUSKADI MURIAS DURANGO WOMEN;2018;;;;x;;;https://lakarra.net/wp-content/uploads/2019/12/musette-2018-euskadi-murias-durango-women.jpg;
Euskadi-Orbea;1995;;;;x;;;http://www.zonadeavituallamiento.es/images/Euskadi9596.jpg;
Euskaltel-Euskadi;1999;TT II;;;x;;;http://www.zonadeavituallamiento.es/images/Euskaltel99.jpg;
Euskaltel-Euskadi;2000;TT II;;;x;;;http://www.zonadeavituallamiento.es/images/Euskaltel2000-01.jpg;
Euskaltel-Euskadi;2001;TT I;Same as previous year;;x;;;http://www.zonadeavituallamiento.es/images/Euskaltel2000-01.jpg;
Euskaltel-Euskadi;2002;TT I;;;Euskaltel colored, with white sides;;;http://www.avesdeburgos.com/ciclismo/images/Euskaltel03.jpg;
Euskaltel-Euskadi;2003;TT I;Same as previous year;;x;;;http://www.avesdeburgos.com/ciclismo/images/Euskaltel03.jpg;
Euskaltel-Euskadi;2004;TT I;;;Small euskadi logo in a square;;;http://www.avesdeburgos.com/ciclismo/images/Euskaltel0406.jpg;
Euskaltel-Euskadi;2005;UCI ProTour;Same as previous year;;x;;;http://www.avesdeburgos.com/ciclismo/images/Euskaltel0406.jpg;
Euskaltel-Euskadi;2006;UCI ProTour;Same as previous year;;x;;;http://www.avesdeburgos.com/ciclismo/images/Euskaltel0406.jpg;
Euskaltel-Euskadi;2007;UCI ProTour;;;x;;;http://www.avesdeburgos.com/ciclismo/images/Euskaltel07.jpg;
Euskaltel-Euskadi;2008;UCI ProTour;;;Darker as previous year?;;;http://www.zonadeavituallamiento.es/images/Euskaltel08.jpg;
Euskaltel-Euskadi;2009;UCI ProTour;;;7 small logos, first one is a circle;;;http://www.zonadeavituallamiento.es/images/Euskaltel09.jpg;
Euskaltel-Euskadi;2010;UCI ProTour;;;Lighter as previous year;;;http://www.zonadeavituallamiento.es/images/Euskaltel10.jpg;
Euskaltel-Euskadi;2011;UCI WorldTour;;;Astore darker blue;;;http://www.zonadeavituallamiento.es/images/Euskaltel11(2).jpg;
Euskaltel-Euskadi;2011;UCI WorldTour;;;Lighter green euskadi?;;;http://www.zonadeavituallamiento.es/images/Euskaltel11.jpg;
Euskaltel-Euskadi;2012;UCI WorldTour;;;New skoda logo;;;http://www.zonadeavituallamiento.es/images/Euskaltel12(2).jpg;
Euskaltel-Euskadi;2013;UCI Europa Tour Continental;;;x;;;http://www.avesdeburgos.com/ciclismo/images/Orbea0506.jpg;
Euskaltel-Euskadi;2014;UCI Europa Tour Continental;;;x;;;http://www.zonadeavituallamiento.es/images/Euskadi14.jpg;
Euskaltel-Euskadi;2021;UCI ProTeam;;;x;;;http://www.zonadeavituallamiento.es/images/Euskaltel21(a).jpg;http://www.zonadeavituallamiento.es/images/Euskaltel21(b).jpg
Euskaltel-Euskadi;2022;UCI ProTeam;;;x;;;http://www.zonadeavituallamiento.es/images/Euskaltel22(a).jpg;http://www.zonadeavituallamiento.es/images/Euskaltel22(b).jpg
Euskaltel-Euskadi;2023;UCI ProTeam;Same as previous year;;x;;;http://www.zonadeavituallamiento.es/images/Euskaltel2223(a).jpg;http://www.zonadeavituallamiento.es/images/Euskaltel2223(b).jpg
EVS ROBLAND GALLI;1988;;;;x;;;https://lakarra.net/wp-content/uploads/2022/01/musette-1988-isoglass-evs-robland-galli.jpeg;
Extend;2015;;;;x;;;https://lakarra.net/wp-content/uploads/2019/12/musette-2015-extend.jpg;
Extremadura-Spiuk;2005;UCI Europa Tour Continental;;;Blue label;;;https://lakarra.net/wp-content/uploads/2019/12/musette-2005-extremadura-spiuk-2.jpg;
Extremadura-Spiuk;2005;UCI Europa Tour Continental;;;Black label;;;http://www.avesdeburgos.com/ciclismo/images/Spiuk05.jpg;
Extremadura-Spiuk;2006;UCI Europa Tour Continental ;;;Caja de Badajoz bottom;;;https://lakarra.net/wp-content/uploads/2019/12/musette-2006-extremadura-spiuk.jpg;
Extremadura-Spiuk;2006;UCI Europa Tour Continental ;;;Caja de Badajoz bottom;;;http://www.avesdeburgos.com/ciclismo/images/Spiuk06.jpg;
Extremadura-Spiuk;2007;UCI Europa Tour Continental;;;Green line on straps;;;http://www.avesdeburgos.com/ciclismo/images/Spiuk07(2).jpg;
Extremadura-Spiuk;2007;UCI Europa Tour Continental;;;White straps;;;http://www.avesdeburgos.com/ciclismo/images/Spiuk07.jpg;
Extremadura-Spiuk;2008;UCI Europa Tour Continental Profesional;;;x;;;http://www.zonadeavituallamiento.es/images/Extremadura08.jpg;
Extremadura-Spiuk;2008;UCI Europa Tour Continental Profesional;Same as previous year;;x;;;http://www.avesdeburgos.com/ciclismo/images/Spiuk07.jpg;
Extremadura-Spiuk;2009;Elite-Sub23;Same as previous year;;x;;;http://www.avesdeburgos.com/ciclismo/images/Spiuk07(2).jpg;
Fagor;1985;Profesional;;;x;;;http://www.zonadeavituallamiento.es/images/Fagor.jpg;
Fagor;1986;Profesional;Same as previous year;;x;;;http://www.zonadeavituallamiento.es/images/Fagor.jpg;
Fagor;1987;Profesional;Same as previous year;;x;;;http://www.zonadeavituallamiento.es/images/Fagor.jpg;
Fagor-MBK;1988;Profesional;;;x;;;http://www.avesdeburgos.com/ciclismo/images/Fagor89.jpg;
Fagor-MBK;1989;Profesional;Same as previous year;;x;;;http://www.avesdeburgos.com/ciclismo/images/Fagor89.jpg;
Fangio-Caroche;1986;Profesional;;;x;;;http://www.zonadeavituallamiento.es/images/Lois-Caroche.jpg;
Fangio-Lois-Mavic;1986;Profesional;;;x;;;http://www.zonadeavituallamiento.es/images/Lois-Fangio.jpg;
Faren Lets Go Finland;2013;UCI Equipo femenino;;;x;;;http://www.zonadeavituallamiento.es/images/Beretta13.jpg;
Farm Frites;2000;TT I;;;x;;;http://www.avesdeburgos.com/ciclismo/images/FarmFrites2000.jpg;
Farnese Vini-Neri Sottoli;2011;UCI Europa Tour Continental Profesional;;;x;;;http://www.zonadeavituallamiento.es/images/FarneseVini-Neri11.jpg;
Farnese Vini-Selle Italia;2012;UCI Europa Tour Continental Profesional;;;x;;;http://www.zonadeavituallamiento.es/images/FarneseVini12(2).jpg;
Farnese Vini-Selle Italia;2012;UCI Europa Tour Continental Profesional;;;x;;;http://www.zonadeavituallamiento.es/images/FarneseVini12.jpg;
Fassa Bortolo;2000;TT I;;;x;;;http://www.zonadeavituallamiento.es/images/Fassa-Bortolo2000.jpg;
Fassa Bortolo;2001;TT I;;;Pearl Izumi White top left;;;http://www.zonadeavituallamiento.es/images/Fassa-Bortolo02.jpg;
Fassa Bortolo;2001;;;;x;;Tour;https://lakarra.net/wp-content/uploads/2019/12/musette-2001-tdf-fasa-bortolo.jpg;
Fassa Bortolo;2002;TT I;;;Pearl Izumi Black top left;;;http://www.zonadeavituallamiento.es/images/Fassa-Bortolo03.jpg;
Fassa Bortolo;2003;TT I;;;Pearl Izumi Black top left;;;http://www.zonadeavituallamiento.es/images/Fassa-Bortolo03(2).jpg;
Fassa Bortolo;2004;TT I;;;Nalini top left;;;http://www.avesdeburgos.com/ciclismo/images/Fassa-Bortolo04.jpg;
Fassa Bortolo;2005;UCI ProTour;;;Red P on top of Pinarello;;;http://www.avesdeburgos.com/ciclismo/images/Fassa-Bortolo05.jpg;
FC Rheinland-Pfalz/Saar-Mainz;2009;UCI Europa Tour Continental;;;x;;;http://www.zonadeavituallamiento.es/images/FC-RLP(a).jpg;http://www.zonadeavituallamiento.es/images/FC-RLP(b).jpg
FDJ;2011;UCI Europa Tour Continental Profesional;;;x;;;http://www.zonadeavituallamiento.es/images/FDJ11.jpg;
FDJ;2015;UCI WorldTour;;;x;;;http://www.zonadeavituallamiento.es/images/FDJ15.jpg;
FDJ;2016;UCI WorldTour;Same as previous year;;x;;;http://www.zonadeavituallamiento.es/images/FDJ15.jpg;
FDJ;2017;UCI WorldTour;;;x;;;http://www.zonadeavituallamiento.es/images/FDJ17(1).jpg;
FDJ;2017;UCI WorldTour;;;Punch Power - bottom;;;http://www.zonadeavituallamiento.es/images/FDJ17(2).jpg;
FDJ Suez Futuroscope;2022;UCI Women's WorldTeam;;;x;;;http://www.zonadeavituallamiento.es/images/FDJ-Futuroscope22(a).jpg;http://www.zonadeavituallamiento.es/images/FDJ-Futuroscope22(b).jpg
FDJ Suez Futuroscope;2022;UCI Women's WorldTeam;;;x;;;suez_22;
FDJ.fr;2013;UCI WorldTour;;;x;;;http://www.zonadeavituallamiento.es/images/FDJ13.jpg;
FDJ.fr;2014;UCI WorldTour;;;x;;;http://www.zonadeavituallamiento.es/images/FDJ14.jpg;
FDJ-Big Mat;2012;UCI WorldTour;;;x;;;http://www.zonadeavituallamiento.es/images/FDJ12.jpg;
FDJeux.com;2003;TT I;;;x;;;http://www.avesdeburgos.com/ciclismo/images/FDJeux.jpg;
FDJeux.com;2004;TT I;;;Rectangle musette;;;http://www.zonadeavituallamiento.es/images/FDJeux04.jpg;
FDJ-Futuroscope;2020;;;;x;;;https://lakarra.net/wp-content/uploads/2021/02/musette-2020-fdj-women.jpeg;https://lakarra.net/wp-content/uploads/2021/02/musette-2020-fdj-women-trasera-poli.jpeg
FDJ-Futuroscope;2021;;Same as previous year;;x;;;https://lakarra.net/wp-content/uploads/2022/01/musette-2021-fdj-futuroscope.jpeg;https://lakarra.net/wp-content/uploads/2022/01/musette-2021-fdj-futuroscope-poli-trasera.jpeg
FDJ-Futuroscope-Nouvelle Aquitaine;2017;;;;x;;;https://lakarra.net/wp-content/uploads/2019/12/musette-2017-fdj-futuroscope-nouvelle-aquitaine.jpg;
FDJ-Suez;2023;UCI Women's WorldTeam;;;No nouvelle aquitaine logo in middle;;;http://www.zonadeavituallamiento.es/images/FDJ-Suez23(a).jpg;http://www.zonadeavituallamiento.es/images/FDJ-Suez23(b).jpg
FDJ-Suez;2024;UCI Women's WorldTeam;;;;;;suez_24;
Feirense;2020;UCI Europa Tour Continental;;;x;;;https://lakarra.net/wp-content/uploads/2021/02/musette-2020-feirense.jpeg;
Felbermayr;2014;;;;x;;;https://lakarra.net/wp-content/uploads/2019/12/musette-2014-optum-bd-black.jpg;
Felbermayr;2016;;;;x;;;felbermayr_16;
Felbermayr;2022;;;;x;x;;felbermayr_22;
Fercase/Rota dos Móveis;2007;UCI Europa Tour Continental;;;x;;;http://www.zonadeavituallamiento.es/images/Fercase08.jpg;
Fercase/Rota dos Móveis;2008;UCI Europa Tour Continental;Same as previous year;;x;;;http://www.zonadeavituallamiento.es/images/Fercase08.jpg;
Festina;2001;TT I;;;Biemme and specialized;;;http://www.avesdeburgos.com/ciclismo/images/Festina01.jpg;
Festina-Lotus;1991;Profesional;;;x;;;http://www.avesdeburgos.com/ciclismo/images/Festina.jpg;
Festina-Lotus;1991;Profesional;;;x;;;http://www.zonadeavituallamiento.es/images/Lotus9192.jpg;
Festina-Lotus;1992;Profesional;Same as previous year;;x;;;http://www.zonadeavituallamiento.es/images/Lotus9192.jpg;
Festina-Lotus;1992;Profesional;Same as previous year;;x;;;http://www.avesdeburgos.com/ciclismo/images/Festina.jpg;
Festina-Lotus;1993;Profesional;;;x;;;http://www.zonadeavituallamiento.es/images/Festina(2).jpg;
Festina-Lotus;1994;Profesional;;;x;;;http://www.zonadeavituallamiento.es/images/Festina-Lotus94(a).jpg;http://www.zonadeavituallamiento.es/images/Festina-Lotus94(b).jpg
Festina-Lotus;1995;Profesional;;;Peugeot bottom right;;;http://www.avesdeburgos.com/ciclismo/images/Lotus-Festina2(b).jpg;http://www.avesdeburgos.com/ciclismo/images/Lotus-Festina2(a).jpg
Festina-Lotus;1996;TT I;;;x;;;http://www.avesdeburgos.com/ciclismo/images/Lotus-Festina1(b).jpg;http://www.avesdeburgos.com/ciclismo/images/Lotus-Festina1(a).jpg
Festina-Lotus;1997;TT I;;;No peugeot top left;;;http://www.avesdeburgos.com/ciclismo/images/Festina-Lotus97(a).jpg;http://www.avesdeburgos.com/ciclismo/images/Festina-Lotus97(b).jpg
Festina-Lotus;1998;TT I;;;Bigger Sibille logo;;;http://www.zonadeavituallamiento.es/images/Festina02.jpg;
Festina-Lotus;1999;TT I;;;x;;;http://www.zonadeavituallamiento.es/images/Lotus99.jpg;
Fidea Cycling Team;2005;UCI Europa Tour Continental;;;x;;;http://www.zonadeavituallamiento.es/images/BioRacer.jpg;
Flanders;2018;;;;x;;;flanders_18;
Fly;2016;;;;x;;;fly_16;
Foire d'isbergues;;Race;;;;;;https://lakarra.net/wp-content/uploads/2019/12/musette-aujourd-foire-d-isbergues.jpg;
Fondas P3transfer Team;2006;UCI Europa Tour Continental;;;x;;;http://www.avesdeburgos.com/ciclismo/images/W-Cup.jpg;
Fondas P3transfer Team;2006;UCI Europa Tour Continental;;;x;;;http://www.avesdeburgos.com/ciclismo/images/3Action.jpg;
Fonte Nova;;;;;;;;fonte_nova;
Footon-Servetto;2010;UCI ProTour;;;x;;;http://www.zonadeavituallamiento.es/images/Footon10.jpg;
Force Sud;1996;TT II;;;x;;;http://www.zonadeavituallamiento.es/images/Forcesud96.jpg;
Foreldorado-Golff;1996;TT II;;;x;;;http://www.zonadeavituallamiento.es/images/Golff.jpg;
Formaggi Pinzolo Fiavè;2004;TT II;;;x;;;http://www.zonadeavituallamiento.es/images/Formaggi-Pinzolo04.jpg;
Formaggi Trentini;2002;TT II;;;x;;;http://www.zonadeavituallamiento.es/images/Gensan-Taccone.jpg;
Fortis Mapei;2003;;;;x;;;https://lakarra.net/wp-content/uploads/2019/12/musette-2003-fortis-mapei.jpg;
Fortuneo-Oscaro;2017;UCI Europa Tour Continental Profesional;;;Oscaro;;;http://www.zonadeavituallamiento.es/images/Fortuneo-Oscaro17.jpg;
Fortuneo-Vital Concept;2016;UCI Europa Tour Continental Profesional;;;x;;;http://www.zonadeavituallamiento.es/images/Fortuneo16.jpg;
Fortuneo-Vital Concept;2017;UCI Europa Tour Continental Profesional;;;Vital Concept;;;http://www.zonadeavituallamiento.es/images/Fortuneo-Vital17.jpg;
Française Des Jeux;1997;;;;x;;Tour;https://lakarra.net/wp-content/uploads/2019/12/musette-1997-tdf-francaise-des-jeux.jpg;
Française Des Jeux;1998;TT I;;;x;;;http://www.avesdeburgos.com/ciclismo/images/FDJeux2.jpg;
Française Des Jeux;1999;TT I;;;Only blue and white;;;http://www.avesdeburgos.com/ciclismo/images/FDJeux3.jpg;
Française Des Jeux;2000;TT I;;;x;;;http://www.avesdeburgos.com/ciclismo/images/FDJeux-Shimano(a).jpg;http://www.avesdeburgos.com/ciclismo/images/FDJeux-Shimano(b).jpg
Française Des Jeux;2000;TT I;;;x;;;http://www.zonadeavituallamiento.es/images/FDJeux2000.jpg;
Française Des Jeux;2001;TT II;;;x;;;http://www.avesdeburgos.com/ciclismo/images/FDJeux01.jpg;
Française Des Jeux;2002;TT I;;;x;;;http://www.avesdeburgos.com/ciclismo/images/FDJeux02.jpg;
Française Des Jeux;2002;TT I;;;x;;Tour;http://www.zonadeavituallamiento.es/images/Coca-Cola02(FDJ).jpg;
Française Des Jeux;2005;UCI ProTour;;;x;;;http://www.avesdeburgos.com/ciclismo/images/FDJeux0506.jpg;
Française Des Jeux;2006;UCI ProTour;Same as previous year;;x;;;http://www.avesdeburgos.com/ciclismo/images/FDJeux0506.jpg;
Française Des Jeux;2007;UCI ProTour;Same as previous year;;x;;;http://www.avesdeburgos.com/ciclismo/images/FDJeux0506.jpg;
Française Des Jeux;2008;UCI ProTour;;;x;;;http://www.zonadeavituallamiento.es/images/FDJeux08.jpg;
Française Des Jeux;2009;UCI ProTour;Same as previous year;;x;;;http://www.zonadeavituallamiento.es/images/FDJeux08.jpg;
Française Des Jeux;2010;UCI ProTour;;;Lapierre - top left;;;http://www.zonadeavituallamiento.es/images/FDJeux10.jpg;
France;2006;;;;x;;;https://lakarra.net/wp-content/uploads/2020/12/musette-2006-france-francia-ffc.jpeg;
France;2013;;;;x;;;france_13;
France;2014;;;;x;;;https://lakarra.net/wp-content/uploads/2019/12/musette-2014-francia-france-ffc.jpg;
France;2015;;Same as previous year;;x;;;https://www.facebook.com/photo/?fbid=2316599191962028&set=a.2316598321962115;
France;2016;;;;x;;;france_16;
France;2017;;Same as previous year;;x;;;https://www.facebook.com/photo/?fbid=1925414887747129&set=a.1925413304413954;
France;2018;;Same as previous year;;x;;;https://www.facebook.com/photo/?fbid=2137666183188664&set=a.2020848098203807;
France;2019;;;;Darker red?;;;https://lakarra.net/wp-content/uploads/2020/04/musette-2019-francia-france-overstim.jpg;
France;2020;;;;x;;;france_20;
Frank-Toyo;1990;Profesional;;;x;;;http://www.zonadeavituallamiento.es/images/Frank-Toyo.jpg;
Frinca;1985;;;;x;;;https://lakarra.net/wp-content/uploads/2019/12/musette-1985-frinca.jpg;
Fuerteventura-Canarias;2007;UCI Europa Tour Continental Profesional;;;Nalina top right;;;http://www.avesdeburgos.com/ciclismo/images/Fuerteventura07.jpg;
Fuerteventura-Canarias;2007;UCI Europa Tour Continental Profesional;;;x;;;http://www.zonadeavituallamiento.es/images/Fuerteventura07(2).jpg;
Fuji-Servetto;2009;UCI Pro Tour;;;x;;;http://www.zonadeavituallamiento.es/images/Bergamo09(2).jpg;
Fuji-Servetto;2009;UCI Pro Tour;;;x;;;http://www.zonadeavituallamiento.es/images/Bergamo09.jpg;
Fundacion reino de leon;2022;;;;x;;;https://lakarra.net/wp-content/uploads/2023/01/musette-2022-bembibre-diputacion-reino-leon.jpeg;
Funvic Shimano Soul;2016;;;;x;;;https://lakarra.net/wp-content/uploads/2019/12/musette-2016-funvic-shimano-soul.jpg;
Futuroscope Poitou Charentes;2015;;;;x;;;futuroscope_15;
Gan;1993;Profesional;;;x;;;http://www.avesdeburgos.com/ciclismo/images/Gan.jpg;
Gan;1994;Profesional;Same as previous year;;x;;;http://www.avesdeburgos.com/ciclismo/images/Gan.jpg;
Gan;1995;Profesional;Same as previous year;;x;;;http://www.avesdeburgos.com/ciclismo/images/Gan.jpg;
Gan;1996;TT I;;;x;;;http://www.zonadeavituallamiento.es/images/Gan2.jpg;
Gan;1997;TT I;Same as previous year;;x;;;http://www.zonadeavituallamiento.es/images/Gan2.jpg;
Gan;1998;TT I;Same as previous year;;x;;;http://www.zonadeavituallamiento.es/images/Gan2.jpg;
Garmin/Chipotle presented by H30;2008;UCI America Tour Continental Profesional;;;x;;;http://www.zonadeavituallamiento.es/images/Garmin08.jpg;
Garmin-Sharp;2013;UCI WorldTour;;;x;;;http://www.zonadeavituallamiento.es/images/Garmin13.jpg;
Garmin-Sharp;2014;UCI WorldTour;;;x;;;http://www.zonadeavituallamiento.es/images/Garmin14.jpg;
Garmin-Sharp (Garmin-Barracuda hasta junio);2012;UCI WorldTour;;;x;;;http://www.zonadeavituallamiento.es/images/Garmin12(1).jpg;
Garmin-Sharp (Garmin-Barracuda hasta junio);2012;UCI WorldTour;;;x;;;http://www.zonadeavituallamiento.es/images/Garmin12(2).jpg;
Garmin-Slipstream;2009;UCI Pro Tour;;;x;;;http://www.zonadeavituallamiento.es/images/Garmin09.jpg;
Garmin-Transitions;2010;UCI Pro Tour;Same as previous year;;x;;;http://www.zonadeavituallamiento.es/images/Garmin09.jpg;
Garmin-Transitions;2010;UCI Pro Tour;;;x;;;http://www.zonadeavituallamiento.es/images/Garmin10(1).jpg;
Garmin-Transitions;2010;UCI Pro Tour;;;Orange darker?;;;http://www.zonadeavituallamiento.es/images/Garmin10(2).jpg;
Gatorade-Bianchi;1993;Profesional;;;Santini top right;;;http://www.zonadeavituallamiento.es/images/Gatorade.jpg;
Gatorade-Chateau d'Ax;1991;Profesional;;;Nalini top left;;;http://www.zonadeavituallamiento.es/images/Gatorade91.jpg;
Gatorade-Chateau d'Ax;1992;Profesional;;;2 nalini on top;;;http://www.zonadeavituallamiento.es/images/Gatorade92.jpg;
GAUSS RDZ;2010;;;;;;;https://lakarra.net/wp-content/uploads/2019/12/musette-2010-gauss-rdz-giordana.jpg;
Gazprom-Rusvelo;2016;UCI Europa Tour Continental Profesional;;;Rusvelo bottom left;;;http://www.zonadeavituallamiento.es/images/Gazprom16.jpg;
Gazprom-Rusvelo;2017;UCI Europa Tour Continental Profesional;;;x;;;http://www.zonadeavituallamiento.es/images/Gazprom17(1).jpg;
Gazprom-Rusvelo;2017;UCI Europa Tour Continental Profesional;Same as previous year;;x;;;http://www.zonadeavituallamiento.es/images/Gazprom17(2).jpg;
Gazprom-Rusvelo;2018;UCI Europa Tour Continental Profesional;Same as previous year;;x;;;http://www.zonadeavituallamiento.es/images/Gazprom17(1).jpg;
Gazprom-Rusvelo;2019;UCI Europa Tour Continental Profesional;;;New colnago bottom right;;;http://www.zonadeavituallamiento.es/images/Gazprom19.jpg;
Gazprom-Rusvelo;2020;UCI Europa Tour Continental Profesional;;;Biemme bottom left;;;http://www.zonadeavituallamiento.es/images/Gazprom20.jpg;
Gazprom-Rusvelo;2021;UCI Europa Tour Continental Profesional;;;x;;;https://lakarra.net/wp-content/uploads/2022/01/musette-2021-gazprom-rusvelo.jpeg;
GB-MG Maglificio-Bianchi;1992;Profesional;;;x;;;http://www.zonadeavituallamiento.es/images/GB-MG93.jpg;
GB-MG Maglificio-Bianchi;1993;Profesional;;;x;;;http://www.zonadeavituallamiento.es/images/GB-MG-Bianchi93.jpg;
GB-MG Maglificio-Technogym-Bianchi;1994;Profesional;;;one logo top right;;;http://www.zonadeavituallamiento.es/images/GB-MG(a).jpg;http://www.zonadeavituallamiento.es/images/GB-MG(b).jpg
Gemy;2008;;;;x;;;https://lakarra.net/wp-content/uploads/2019/12/gemmy-musette-2008.jpg;
General Store;2022;;;;x;;;https://lakarra.net/wp-content/uploads/2023/01/musette-2022-general-store-curia-essegibi.jpeg;
General Store;2024;;;;Biemme;;;general_store_24;
Geo Kiwi Atlantico;2022;;;;x;;;https://lakarra.net/wp-content/uploads/2023/01/musette-2022-geo-kiwi-atlantico.jpeg;
Geofco;2022;;;;x;;;geofco_22;
Geofco-Ville d'Alger;2012;UCI Africa Tour Continental;;;x;;;http://www.zonadeavituallamiento.es/images/Geofco12.jpg;
Geox-TMC;2011;UCI Europa Tour Continental Profesional;;;x;;;http://www.zonadeavituallamiento.es/images/Geox11.jpg;
Germany;2008;Nation;;;x;;;https://lakarra.net/wp-content/uploads/2019/12/bdr-musette-2008.jpg;
Germany;2018;Nation;;;Label bottom left;;;germany_18;
Gerolsteiner;2001;TT II;Same as previous year;;x;;;http://www.zonadeavituallamiento.es/images/Gerolsteiner01.jpg;
Gerolsteiner;2002;TT I;;;Klein bottom right;;;http://www.avesdeburgos.com/ciclismo/images/Gerolsteiner02.jpg;
Gerolsteiner;2003;TT I;;;Willier bottom right;;;http://www.zonadeavituallamiento.es/images/Gerolsteiner03.jpg;
Gerolsteiner;2004;TT I;;;Circle Fiat bottom left;;;http://www.avesdeburgos.com/ciclismo/images/Gerolsteiner04.jpg;
Gerolsteiner;2005;UCI ProTour;;;Specialized bottom right;;;http://www.avesdeburgos.com/ciclismo/images/Gerolsteiner05.jpg;
Gerolsteiner;2006;UCI ProTour;;;Skoda bottom left;;;http://www.avesdeburgos.com/ciclismo/images/Gerolsteiner06.jpg;
Gerolsteiner;2007;UCI ProTour;Same as previous year;;x;;;http://www.avesdeburgos.com/ciclismo/images/Gerolsteiner0607.jpg;
Gerolsteiner;2008;UCI ProTour;;;No shadow behind gerolsteiner, new star middle;;;http://www.zonadeavituallamiento.es/images/Gerolsteiner08(2).jpg;
Gerolsteiner;2008;UCI ProTour;;;No natürliches mineralwasser under gerolsteiner;;;http://www.zonadeavituallamiento.es/images/Gerolsteiner08.jpg;
Gewiss-Ballan;1994;;;;x;;;https://lakarra.net/wp-content/uploads/2019/12/musette-1994-gewiss-ballan.jpg;
Gewiss-Ballan;1995;Profesional;;;x;;;http://www.zonadeavituallamiento.es/images/Gewiss-Ballan.jpg;
Gewiss-Playbus;1996;TT I;;;x;;;http://www.zonadeavituallamiento.es/images/Gewiss-Playbus96.jpg;
Gi Group Simoldes;2024;;;;;;;gi_group_24;
Ginestar ulb;2018;;;;x;;;https://lakarra.net/wp-content/uploads/2019/12/musette-2018-ginestar-ulb.jpg;
Gios-Deyser Leon Kastro;2012;UCI Europa Tour Continental;;;x;;;http://www.zonadeavituallamiento.es/images/Gios12(a).jpg;http://www.zonadeavituallamiento.es/images/Gios12(b).jpg
Giotti Vitoria;2019;;;;;;;giotti_19;
Gis Gelati-Campagnolo;1981;Profesional;;;x;;;http://www.zonadeavituallamiento.es/images/Gis.jpg;
Gis Gelati-Jollyscarpe;1987;Profesional;;;x;;;http://www.zonadeavituallamiento.es/images/Gis-Jolly87(a).jpg;http://www.zonadeavituallamiento.es/images/Gis-Jolly87(b).jpg
Gitane-Campagnolo;1976-1977;Profesional;;;x;;;http://www.zonadeavituallamiento.es/images/Gitane-Campagnolo76.jpg;
Give Elementer;2021;;;;x;;;give_elementer_21;
Glassdrive;2014;;;;a;;;https://lakarra.net/wp-content/uploads/2019/12/musette-2014-glassdrive-portugal.jpg;
Glassdrive;2023;;;;x;;;glassdrive_23;
Glassdrive;2023;;;;x;;;glassdrive_23_2;
Glassdrive/Q8/Anicolor;2022;UCI Europa Tour Continental;;;White lanes top and bottom;;;http://www.zonadeavituallamiento.es/images/Glassdrive22.jpg;
Glassdrive/Q8/Anicolor;2022;UCI Europa Tour Continental;;;x;;;https://lakarra.net/wp-content/uploads/2023/01/musette-2022-glassdrive-q8-aniccolor-volta.jpeg;
Glud & Marstrand Horsens;2007;UCI Europa Tour Continental;;;x;;;http://www.zonadeavituallamiento.es/images/Bull07.jpg;
Gold coast;2018;;;;x;;;commonwealth_18;
Gomur-Liébana 2017-Ferroatlántica;2015;Elite-Sub23;;;x;;;http://www.zonadeavituallamiento.es/images/Gomur15(a).jpg;http://www.zonadeavituallamiento.es/images/Gomur15(b).jpg
Gomur-Liébana 2017-Ferroatlántica;2016;Elite-Sub23;Same as previous year;;x;;;http://www.zonadeavituallamiento.es/images/Gomur15(a).jpg;http://www.zonadeavituallamiento.es/images/Gomur15(b).jpg
Grafton Inverell;2017;;;;x;;;https://lakarra.net/wp-content/uploads/2019/12/musette-2017-grafton-inverell.jpg;
Great Britain;2008;Nation;;;x;;;https://lakarra.net/wp-content/uploads/2019/12/musette-2008-great-britain.jpg;
Great Britain;2010;Nation;;;x;;;https://lakarra.net/wp-content/uploads/2019/12/musette-2010-england-sky.jpg;
Great Britain;2014;Nation;;;Adidas;;;https://lakarra.net/wp-content/uploads/2019/12/musette-2014-sky-great-britain.jpg;https://lakarra.net/wp-content/uploads/2019/12/musette-2014-sky-great-britain-adidas-lotery-funded.jpg
Great Britain;2016;Nation;;;Sky;;;https://lakarra.net/wp-content/uploads/2019/12/musette-2016-sky-great-britain-cycling.jpg;
Great Britain;2017;Nation;;;x;;;https://lakarra.net/wp-content/uploads/2019/12/musette-2017-hsbc-great-britain.jpg;
Great Britain;2018;Nation;Same as previous year;;x;;;https://lakarra.net/wp-content/uploads/2019/12/musette-2017-hsbc-great-britain.jpg;
Great Britain;2019;Nation;;;x;;;https://lakarra.net/wp-content/uploads/2020/04/musette-2019-gbr-great-britain.jpg;
Great Britain;2023, 2024;Nation;;;x;x;;gbr_23;
Great Britain;;Nation;;;x;;;https://lakarra.net/wp-content/uploads/2019/12/musette-british-cycling.jpg;
Great Britain;?;;;;x;;;gbr;
Greece;2014;Nation;;;x;;;greece_14;
Green Project Bardiani CSF;2023;;;;x;;;green_project_23;
GreenEdge Cycling Team;2012;UCI WorldTour;;;x;;;http://www.zonadeavituallamiento.es/images/GreenEdge12.jpg;
Grote-Leeuw-Delta;1934;Profesional;;;x;;;http://www.avesdeburgos.com/ciclismo/images/Delta34.jpg;
Groupama-FDJ;2018;UCI  WorldTour;;;x;;;http://www.zonadeavituallamiento.es/images/Groupama-FDJ18.jpg;
Groupama-FDJ;2019;UCI  WorldTour;Same as previous year;;x;;;http://www.zonadeavituallamiento.es/images/Groupama-FDJ18.jpg;
Groupama-FDJ;2020;UCI  WorldTour;;;x;;;http://www.zonadeavituallamiento.es/images/Groupama-FDJ20.jpg;
Groupama-FDJ;2021;UCI  WorldTeam;;;Lighter blue;;;http://www.zonadeavituallamiento.es/images/Groupama-FDJ2021.jpg;
Groupama-FDJ;2022;UCI  WorldTeam;Same as previous year;;x;;;http://www.zonadeavituallamiento.es/images/Groupama-FDJ2021(2).jpg;
Groupama-FDJ;2023;UCI  WorldTeam;;;FDJ bigger - middle;;;http://www.zonadeavituallamiento.es/images/Groupama-FDJ23.jpg;
Groupama-FDJ;2024;UCI WorldTeam;;;Willier - bottom right;x;;groupama_24;
Groupe Sportif Bretagne-Jean Floc'h;2006;UCI  Europa Tour Continental;;;x;;;http://www.zonadeavituallamiento.es/images/Bretagne06(a).jpg;http://www.zonadeavituallamiento.es/images/Bretagne06(b).jpg
Grupo Nicolás Mateos;2006;UCI Europa Tour Continental;;;x;;;http://www.avesdeburgos.com/ciclismo/images/Nicolas-Mateos06(a).jpg;http://www.avesdeburgos.com/ciclismo/images/Nicolas-Mateos06(b).jpg
Gsport-València Terra i Mar;2014;Elite-Sub23;;;x;;;http://www.zonadeavituallamiento.es/images/Valencia2014.jpg;
Gsport-València Terra i Mar;2015;Elite-Sub23;Same as previous year;;x;;;http://www.zonadeavituallamiento.es/images/Valencia15.jpg;
Guerciotti-Kiwi Atlántico;2019;Africa Tour Continental;;;x;;;http://www.zonadeavituallamiento.es/images/Guerciotti19.jpg;
H.S.C. de Bataaf;--;--;;;x;;;http://www.zonadeavituallamiento.es/images/HSC-Bataaf(a).jpg;http://www.zonadeavituallamiento.es/images/HSC-Bataaf(b).jpg
Hadimec;2006;UCI Europa Tour Continental;;;x;;;http://www.zonadeavituallamiento.es/images/Hadimec06.jpg;
Hadimec-Nazionale Elettronica;2008;UCI Europa Tour Continental;;;x;;;http://www.zonadeavituallamiento.es/images/Hadimec08.jpg;
Hagens Berman;2022;;;;x;;;https://lakarra.net/wp-content/uploads/2023/01/musette-2022-hagens-berman-bmc.jpeg;
Hagens Berman;2023;;;;x;;;hagens_berman_23;
Hagens Berman;2024;;;;x;x;;hagens_24;
Hagens Berman Axeon;2018;UCI Europa Tour Continental;;;x;;;http://www.zonadeavituallamiento.es/images/Axeon18.jpg;
Hagens Berman Axeon;2019;;;;Only 5 sponsors at the bottom;;;https://lakarra.net/wp-content/uploads/2020/04/musette-2019-hagens-berman-neon-axeon.jpg;
Hagens Berman Axeon;2020;;;;x;;;https://lakarra.net/wp-content/uploads/2021/02/musette-2020-hagens-berman-neon-axeon.jpeg;
Hagens Berman Axeon;2021;;;;Pinarello bottom;;;https://lakarra.net/wp-content/uploads/2022/01/musette-2021-hagens-berman-neon.jpeg;
Halkony;;;;;x;;;https://lakarra.net/wp-content/uploads/2019/12/musette-halkony-morado.jpg;
Halkony;;;;;x;;;https://lakarra.net/wp-content/uploads/2019/12/musette-halkony-rojo.jpg;
Halkony;;;;;x;;;https://lakarra.net/wp-content/uploads/2019/12/musette-halkony-verde.jpg;
Heizomat;2010;UCI Europa Tour Continental;;;x;;;http://www.zonadeavituallamiento.es/images/Born07.jpg;
Heizomat;2016;;;;x;;;https://lakarra.net/wp-content/uploads/2019/12/musette-2016-heziomat.jpg;
Heizomat;2018;;Same as previous year;;x;;;https://lakarra.net/wp-content/uploads/2019/12/musette-2016-heziomat.jpg;
Helios-CR;1988-1989;Profesional;;;x;;;http://www.avesdeburgos.com/ciclismo/images/Helios-CR.jpg;
Helios-CR;1988-1989;Profesional;;;x;;;http://www.zonadeavituallamiento.es/images/Helios-CR8889.jpg;
Helvetia;1992;Profesional;;;x;;;http://www.avesdeburgos.com/ciclismo/images/Helvetia.jpg;
Helvetia-La Suisse;1989;Profesional;;;x;;;http://www.avesdeburgos.com/ciclismo/images/Helvetia-LaSuisse.jpg;
Helvetia-La Suisse;1990;Profesional;;;Small red square top right;;;http://www.zonadeavituallamiento.es/images/Helvetia90.jpg;
Helvetia-La Suisse;1991;Profesional;;;Small red square top right;;;http://www.zonadeavituallamiento.es/images/Helvetia90.jpg;
Heraklion Kastro-Murcia;2010;UCI Europa Tour Continental;;;x;;;http://www.zonadeavituallamiento.es/images/KTM1011(a).jpg;http://www.zonadeavituallamiento.es/images/KTM1011(b).jpg
Heraklion Patatas Fritas;2010;;;;x;;;https://lakarra.net/wp-content/uploads/2019/12/musette-2010-heraklion-murcia-hnos-pintor.jpg;
Hicari GM Europa Ovni;2017;;;;x;;;https://lakarra.net/wp-content/uploads/2019/12/musette-2017-hicari-gm-ovani-europa.jpg;https://lakarra.net/wp-content/uploads/2019/12/musette-2017-hicari-gm-ovani-europa-trasera.jpg
High Road;2008;UCI ProTour;;;x;;;http://www.zonadeavituallamiento.es/images/HighRoad08(2).jpg;
High Road;2008;UCI ProTour;;;x;;;http://www.zonadeavituallamiento.es/images/HighRoad08.jpg;
Hincapie;2018;;;;x;;;hincapie_18;
Hincapie;2019;;Same as previous year;;x;;;hincapie_18;
Hincapie Sportwear Development Team;2013;UCI America Tour Continental;;;x;;;http://www.zonadeavituallamiento.es/images/Hincapie13.jpg;
Hincapie Sportwear Development Team;2014;UCI America Tour Continental;Same as previous year;;x;;;http://www.zonadeavituallamiento.es/images/Hincapie13.jpg;
Histor-Sigma;1990;Profesional;;;x;;;http://www.zonadeavituallamiento.es/images/Histor.jpg;
Histor-Sigma;1991;Profesional;Same as previous year;;x;;;http://www.zonadeavituallamiento.es/images/Histor.jpg;
Histor-Sigma-Fina-Diamant;1989;Profesional;;;x;;;http://www.avesdeburgos.com/ciclismo/images/Histor-Sigma.jpg;
Hitachi-Marc-Rossin;1987;Profesional;;;x;;;http://www.zonadeavituallamiento.es/images/Hitachi87(a).jpg;http://www.zonadeavituallamiento.es/images/Hitachi87(b).jpg
Hitachi-Merckx-Mavic;1989;Profesional;;;x;;;http://www.avesdeburgos.com/ciclismo/images/Hitachi89.jpg;
Hitachi-Splendor-Sunair-Marc;1985;Profesional;;;x;;;http://www.zonadeavituallamiento.es/images/Hitachi85.jpg;
HNOS PINTOR MURCIA;2011;;Same as previous year;;x;;;https://lakarra.net/wp-content/uploads/2019/12/musette-2011-ktm-hnos-pintor-murcia.jpg;
Holdsworth Zappi Team;2019;;;;x;;;https://lakarra.net/wp-content/uploads/2020/04/musette-2019-holdsworth-campagnolo.jpg;
Holdsworth Zappi Team;2019;;;;x;;;holdsworth_19;
Holdsworth Zappi Team;2019;;;;Carnac;;;holdsworth_19_2;
Holdsworth Zappi Team;2019;;;;Campagnolo;;;holdsworth_19_2;
Holdsworth-Campagnolo;Década 70;Profesional;;;x;;;http://www.zonadeavituallamiento.es/images/Holdsworth.jpg;
Home Market-Ville de Charleroi;1998;TT II;;;x;;;http://www.avesdeburgos.com/ciclismo/images/HomeMarket-RDM(a).jpg;http://www.avesdeburgos.com/ciclismo/images/HomeMarket-RDM(b).jpg
Home Market-Ville de Charleroi;1999;TT II;Same as previous year;;x;;;http://www.avesdeburgos.com/ciclismo/images/HomeMarket-RDM(a).jpg;http://www.avesdeburgos.com/ciclismo/images/HomeMarket-RDM(b).jpg
Hoppla - Petroli Firenze - Don Camillo;2023;Club;;;x;;;hoppla_24;
Hoppla Petroli Firenze;2018;Club;;;x;;;hoppla_18;
Hoppla Petroli Firenze;2017;Club;;;x;;;https://lakarra.net/wp-content/uploads/2019/12/musette-2017-hoppla-petroli-firenze.jpg;
HP-BTP Auber 93;2016;UCI Europa Tour Continental;;;HP BTP;;;https://lakarra.net/wp-content/uploads/2019/12/musette-2016-hp-stp-auber93.jpg;
HP-BTP Auber 93;2017;UCI Europa Tour Continental;;;dmtex;;;https://lakarra.net/wp-content/uploads/2019/12/musette-2017-auber-93-dmtex.jpg;
HRE Mazowse;2022;;;;Inkospor;;;https://lakarra.net/wp-content/uploads/2023/01/musette-2022-hre-mazowsze.jpeg;
Hrinkow Advarics Cycleang;2015;UCI Europa Tour Continental;;;x;;;http://www.zonadeavituallamiento.es/images/Hrinkow15.jpg;
Hrinkow Advarics Cycleang;2016;UCI Europa Tour Continental;Same as previous year;;x;;;http://www.zonadeavituallamiento.es/images/Hrinkow15.jpg;
Hrinkow Advarics Cycleang;2017;UCI Europa Tour Continental;Same as previous year;;x;;;http://www.zonadeavituallamiento.es/images/Hrinkow15.jpg;
Hrinkow Advarics Cycleang;2018;UCI Europa Tour Continental;Same as previous year;;x;;;http://www.zonadeavituallamiento.es/images/Hrinkow15.jpg;
Hrinkow Advarics Cycleang;2022;;;;x;;;https://lakarra.net/wp-content/uploads/2023/01/musette-2022-donen-hrinkow.jpeg;
Hrinkow Advarics Cycleang;2023;;;;Hrinkow;;;hrinkow_23;
Hrinkow Advarics Cycleang;2024;;;;Advarics;x;;hrinkow_24;
HTC-Highroad;2011;UCI WorldTour;;;x;;;http://www.zonadeavituallamiento.es/images/HTC-Highroad11.jpg;
Hubo Remotive ;2024;;;;x;x;;hubo_24;
Hueso chocolates;1982;;;;x;;;https://lakarra.net/wp-content/uploads/2019/12/musette-1982-chocolates-hueso.jpg;
Human Powered Health;2022;UCI ProTeam;;;x;;;http://www.zonadeavituallamiento.es/images/Human22.jpg;
Human Powered Health;2023;UCI ProTeam;;;No picture bottom right;;;http://www.zonadeavituallamiento.es/images/Human(1)23(a).jpg;http://www.zonadeavituallamiento.es/images/Human(1)23(b).jpg
Human Powered Health;2023;UCI ProTeam;;;Joyce;;;human_joyce_23;
Human Powered Health;2023;UCI ProTeam;;;Bassett;;;human_bassett_23;
Human Powered Health;2023;UCI ProTeam;;;Chretien;;;human_chretien_23;
Human Powered Health;2023;UCI ProTeam;;;Svestad-Bardseng;;;human_svestad_bards_23;
Human Powered Health;2023;UCI ProTeam;;;Mcgill;;;human_mcgill_23;
Human Powered Health;2023;UCI ProTeam;;;Coté;;;human_cote_23;
Human Powered Health;2023;UCI ProTeam;;;Banaszek;;;https://scontent-muc2-1.xx.fbcdn.net/v/t39.30808-6/428641672_3599649190323682_796378580229396300_n.jpg?_nc_cat=101&ccb=1-7&_nc_sid=5f2048&_nc_ohc=80cKfHgXfIIAb6m4-r0&_nc_ht=scontent-muc2-1.xx&oh=00_AfA-Ycr9eOAyRy0TPJ-MfTglWKGkP6FAv_fd-TVOwPKLBw&oe=661734D2;
Human Powered Health;2023;;;;Malcotti;;;human_malcotti_23;
Human Powered Health;2023;;;;Kröger;;;human_kroger_23;
Human Powered Health;2023;;;;Pikulik;;;human_pikulik_23;
Human Powered Health;2023;UCI ProTeam;;;;;;http://www.zonadeavituallamiento.es/images/Human(2)23(a).jpg;http://www.zonadeavituallamiento.es/images/Human(2)23(b).jpg
Human Powered Health;2023;UCI ProTeam;;;De Vos;;;human_devos_23;
Hurom;2018;;;;x;;;hurom_18;
IAM Cycling;2013;UCI Europa Tour Continental Profesional;;;x;;;http://www.zonadeavituallamiento.es/images/IAM13.jpg;
IAM Cycling;2014;UCI Europa Tour Continental Profesional;;;x;;;http://www.zonadeavituallamiento.es/images/IAM14(1).jpg;
IAM Cycling;2015;UCI WorldTour;;;x;;;http://www.zonadeavituallamiento.es/images/IAM15.jpg;
IAM Cycling;2016;UCI WorldTour;;;Only one sponsor at bottom;;;http://www.zonadeavituallamiento.es/images/IAM16(a).jpg;http://www.zonadeavituallamiento.es/images/IAM16(b).jpg
IAM Excelsior;2019;UCI Europa Tour Continental;;;;;;http://www.zonadeavituallamiento.es/images/Winforce19.jpg;
iBanesto.com;2002;TT I;;;x;;;http://www.zonadeavituallamiento.es/images/IBanesto02.jpg;
iBanesto.com;2003;TT I;;;x;;;http://www.avesdeburgos.com/ciclismo/images/Ibanesto03.jpg;
Ijsboerke-Koga Miyata-Warncke Eis;1980;Profesional;;;x;;;http://www.zonadeavituallamiento.es/images/Ijsboerke80(a).jpg;http://www.zonadeavituallamiento.es/images/Ijsboerke80(b).jpg
Illes Balears-Banesto;2004;TT I;;;x;;;http://www.avesdeburgos.com/ciclismo/images/IllesBalears-Banesto04.jpg;
Illes Balears-Banesto;2004;TT I;;;x;;;http://www.zonadeavituallamiento.es/images/IllesBalears-Banesto04(2).jpg;
Illes Balears-Caisse d'Epargne;2005;UCI ProTour ;;;x;;;http://www.avesdeburgos.com/ciclismo/images/IBA05.jpg;
Illes Balears-Caisse d'Epargne;2005;UCI ProTour ;;;Caisse d'epargne;;;http://www.avesdeburgos.com/ciclismo/images/IBA-Caisse05.jpg;
Index-Alexia;2002;TT I;;;x;;;http://www.zonadeavituallamiento.es/images/Index-Alexia02.jpg;
Ineos Grenadiers;2021;UCI WorldTeam;;;x;;;ineos_21;
Ineos Grenadiers;2023;UCI WorldTeam;;;x;;;ineos_23;
Ineos Grenadiers;2024;UCI WorldTeam;;;x;x;;ineos_24;
Ineos Grenadiers;2024;UCI WorldTeam;;;x;x;;ineos_24_2;
Ineos-Grenadiers;2021;UCI WorldTeam;;;x;;;http://www.zonadeavituallamiento.es/images/Ineos21.jpg;
Ineos-Grenadiers;2022;UCI WorldTeam;;;x;;;http://www.zonadeavituallamiento.es/images/Ineos22.jpg;
Ineos-Grenadiers;2023;UCI WorldTeam;;;Scratch instead button;;;http://www.zonadeavituallamiento.es/images/Ineos23.jpg;
Intemarché-Circus-Wanty;2023;UCI WorldTeam;Same as previous year;;x;;;http://www.zonadeavituallamiento.es/images/3Action23.jpg;
Intemarché-Wanty-Gobert Matériaux;2021;UCI WorldTeam;Same as previous year;;x;;;http://www.zonadeavituallamiento.es/images/3Action21.jpg;
Intemarché-Wanty-Gobert Matériaux;2022;UCI WorldTeam;Same as previous year;;x;;;http://www.zonadeavituallamiento.es/images/3Action22.jpg;
Intermarché-Wanty;2024;UCI WorldTeam;;;x;x;;wanty_24;
Interpro Stradalli Cycling;2017;;;;x;;;https://lakarra.net/wp-content/uploads/2019/12/musette-2017-interpro.jpg;https://lakarra.net/wp-content/uploads/2019/12/musette-2017-interpro-trasera.jpg
Intral Renting-Nec-Ricoh-Merckx;1988;Profesional;;;x;;;http://www.zonadeavituallamiento.es/images/Intral-Renting88.jpg;
Ipso-Euroclean;1997-1998;TT II;;;x;;;http://www.zonadeavituallamiento.es/images/Ipso-Euroclean.jpg;
Ireland;2022;;Same as previous year;;x;;;https://www.facebook.com/photo/?fbid=3227086917579913&set=a.3077362349219038;
IRELAND ;2021;;;;x;;;https://lakarra.net/wp-content/uploads/2022/01/musette-2021-ireland-irlanda.jpeg;
ISD COLNAGO;2016;;;;x;;;https://lakarra.net/wp-content/uploads/2019/12/musette-2016-isd-colnago.jpg;
ISD Continental Team;2015;UCI Europa Tour Continental;;;;;;http://www.zonadeavituallamiento.es/images/ISD15.jpg;
ISD-Neri;2009;UCI Europa Tour Continental Profesional;;;x;;;http://www.zonadeavituallamiento.es/images/ISD09(2).jpg;
ISD-Neri;2009;UCI Europa Tour Continental Profesional;;;Smaller ISD logos;;;http://www.zonadeavituallamiento.es/images/ISD09.jpg;
ISD-Neri;2010;UCI Europa Tour Continental Profesional;;;x;;;http://www.zonadeavituallamiento.es/images/ISD-Neri10(2).jpg;
ISD-Neri;2010;UCI Europa Tour Continental Profesional;;;x;;;http://www.zonadeavituallamiento.es/images/ISD-Neri10.jpg;
Iseo Carnovali;2021;;;;;;;iseo_21;
Isoglass-EVS-Robland-Galli;1988;Profesional;;;x;;;http://www.zonadeavituallamiento.es/images/EVS-Isoglass88.jpg;
Isoglass-Garden Wood;1990;Profesional;;;x;;;http://www.zonadeavituallamiento.es/images/Isoglass90.jpg;
Israel Cycling Academy;2017;UCI Europa Tour Continental Profesional;Same as previous year;;x;;;http://www.zonadeavituallamiento.es/images/Cycling-Academy16.jpg;
Israel Cycling Academy;2017;UCI Europa Tour Continental Profesional;;;x;;;http://www.zonadeavituallamiento.es/images/Cycling-Academy17.jpg;
Israel Cycling Academy;2018;UCI Europa Tour Continental Profesional;;;x;;;http://www.zonadeavituallamiento.es/images/Cycling-Academy18.jpg;
Israel Cycling Academy;2019;UCI Europa Tour Continental Profesional;;;x;;;http://www.zonadeavituallamiento.es/images/Cycling-Academy19.jpg;
Israel Cycling Academy;2021;UCI Continental Team;;;x;;;http://www.zonadeavituallamiento.es/images/Israel-Cycling-Academy21.jpg;
Israel Premier Tech;2024;UCI ProTeam;;;x;x;;israel_24;
Israel Start-Up Nation;2020;UCI WorldTour;;;x;;;http://www.zonadeavituallamiento.es/images/Israel20.jpg;
Israel Start-Up Nation;2021;UCI WorldTeam;;;x;;;http://www.zonadeavituallamiento.es/images/Israel21.jpg;
Israel-Premier Tech;2022;UCI WorldTeam;;;x;;;http://www.zonadeavituallamiento.es/images/Israel22.jpg;
Israel-Premier Tech;2023;UCI ProTeam;;;x;;;http://www.zonadeavituallamiento.es/images/Israel23(a).jpg;http://www.zonadeavituallamiento.es/images/Israel23(b).jpg
Italbonifica - Navigare;1990;;;;Grafoplast bottom;;;https://lakarra.net/wp-content/uploads/2019/12/musette-1990-italbonifica-navigare.jpg;
Italia;2002;Nation;;;x;;;https://lakarra.net/wp-content/uploads/2019/12/musette-2002-italia-skoda-sportful.jpg;
Italia;2002;Nation;;;No skoda;;;https://lakarra.net/wp-content/uploads/2019/12/musette-2002-italia-sportful.jpg;
Italia;2008;Nation;;;x;;;https://lakarra.net/wp-content/uploads/2019/12/musette-2008-italia-beijing-olimpiadas.jpg;
Italia;2009;Nation;;;Wider flag;;;https://lakarra.net/wp-content/uploads/2019/12/musette-2009-italia-skoda-sportful.jpg;
Italia;2010;Nation;;;Black sportful;;;https://lakarra.net/wp-content/uploads/2019/12/musette-2010-italia-2.jpg;
Italia;2011;Nation;;;x;;;https://lakarra.net/wp-content/uploads/2019/12/musette-2011-italia.jpg;
Italia;2012;Nation;;;x;;;https://lakarra.net/wp-content/uploads/2019/12/musette-2012-italia.jpg;
Italia;2013;Nation;;;x;;;https://lakarra.net/wp-content/uploads/2019/12/musette-2013-italia-skoda.jpg;
Italia;2014;Nation;;;x;;;https://lakarra.net/wp-content/uploads/2019/12/musette-2014-italia-castelli.jpg;
Italia;2016;Nation;Same as previous year;;x;;;https://www.facebook.com/photo/?fbid=2150189261936356&set=a.2150187431936539;
Italia;2017;Nation;;;x;;;https://lakarra.net/wp-content/uploads/2019/12/musette-2017-italia.jpg;
Italia;2018;Nation;;;x;;;italia_18;
Italia;2019;Nation;Same as previous year;;x;;;https://lakarra.net/wp-content/uploads/2020/04/musette-2019-italia.jpg;
Italia;2020;Nation;;;No italian stripes;;;italia_20;
Italia;2022;Nation;Same as previous year;;x;;;https://www.facebook.com/photo/?fbid=3279330075688930&set=a.3077362349219038;
Italia;2023;Nation;;;x;;;italia_23;
Itera-Katusha;2012;UCI Europa Tour Continental;;;x;;;http://www.zonadeavituallamiento.es/images/Itera12.jpg;
J TECH;2008;;;;;;;https://lakarra.net/wp-content/uploads/2019/12/j-tech-musette-2008.jpg;
Jamis-Sutter Home;2012;UCI America Tour Continental;;;;;;http://www.zonadeavituallamiento.es/images/Jamis12.jpg;
Japan;2014;Nation;;;x;;;https://lakarra.net/wp-content/uploads/2019/12/musette-2014-japan-japon-goldwin.jpg;
Japan;2018;Nation;Same as previous year;;x;;;https://www.facebook.com/photo/?fbid=2137666053188677&set=a.2020848098203807;
Japan;2019;Nation;;;x;;;https://lakarra.net/wp-content/uploads/2020/04/musette-2019-japan-cycling.jpg;
Japan;2021;Nation;Same as previous year;;x;;;https://www.facebook.com/photo/?fbid=2952352721720002&set=a.2831224660499476;
Japan;2023;Nation;;;x;;;japan_23;
Jartazi-Promo Fashion Continental Cycling Team;2007;UCI Europa Tour Continental;;;x;;;http://www.avesdeburgos.com/ciclismo/images/Jartazzi07.jpg;
Jartazi-Promo Fashion Continental Cycling Team;2007;UCI Europa Tour Continental;;;x;;;http://www.avesdeburgos.com/ciclismo/images/Visa-BioRacer07.jpg;
Jartazi-Revor;2005;UCI Europa Tour Continental;;;x;;;http://www.zonadeavituallamiento.es/images/Jartazi05(a).jpg;http://www.zonadeavituallamiento.es/images/Jartazi05(b).jpg
Jayco Alula;2024;UCI WorldTeam;;;Darker blue;x;;jayco_24;
Jayco Alula;2024;;;;x;x;;jayco_tdf_24;
Jazztel-Costa de Almería;2002;TT II;;;x;;;http://www.avesdeburgos.com/ciclismo/images/Jazztel-CostaAlmeria02(a).jpg;http://www.avesdeburgos.com/ciclismo/images/Jazztel-CostaAlmeria02(b).jpg
Jean Delatour;2000;TT II;;;x;;;http://www.avesdeburgos.com/ciclismo/images/JeanDelatour.jpg;
Jean Delatour;2001;TT II;;;x;;;http://www.zonadeavituallamiento.es/images/JeanDelatour01(2).jpg;
Jean Delatour;2002;TT I;;;Biemme bottom;;;http://www.zonadeavituallamiento.es/images/JeanDelatour01.jpg;
Jean Delatour;2003;TT I;Same as previous year;;x;;;http://www.zonadeavituallamiento.es/images/JeanDelatour01.jpg;
Jean Delatour;2005;;;;x;;Tour;https://lakarra.net/wp-content/uploads/2019/12/musette-2005-TDF-jean-delatour.jpg;
JLT CONDOR;2017;;;;x;;;jlt_17;jlt_17_back
JLT Condor;2018;;Same as previous year;;x;;;https://www.facebook.com/photo/?fbid=2027337734221510&set=a.2020848098203807;
Joker;?;;;;x;;;joker;
Joker;?;;;;x;;;joker2;
Joker;?;;;;x;;;joker3;
Joker Fuel of Norway;2019;UCI Europa Tour Continental;;;x;;;http://www.zonadeavituallamiento.es/images/Joker19(a).jpg;http://www.zonadeavituallamiento.es/images/Joker19(b).jpg
Jollj;1975-1976;Profesional;;;x;;;http://www.zonadeavituallamiento.es/images/Jollj7576(a).jpg;http://www.zonadeavituallamiento.es/images/Jollj7576(b).jpg
Jolly Componibili-Cage;1994;Profesional;;;x;;;http://www.zonadeavituallamiento.es/images/Jolly94.jpg;
JONATHAN PAGE;2008;;;;;;;https://lakarra.net/wp-content/uploads/2022/01/musette-2008-jonathan-page.jpeg;
Jong Vlaanderen-Bauknecht;2009;UCI Europa Tour Continental;;;x;;;http://www.zonadeavituallamiento.es/images/W-Cup09(2).jpg;
Jong Vlaanderen-Bauknecht;2009;UCI Europa Tour Continental;;;x;;;http://www.avesdeburgos.com/ciclismo/images/VermarcAzul07.jpg;
Jong Vlaanderen-Bauknecht;2009;UCI Europa Tour Continental;Same as previous year;;x;;;http://www.avesdeburgos.com/ciclismo/images/Vlaanderen07(a).jpg;
Jong Vlaanderen-Bauknecht;2010;UCI Europa Tour Continental;;;x;;;http://www.zonadeavituallamiento.es/images/Jartazi10.jpg;
JORNAL DE NOTICIAS;;;;;;;;https://lakarra.net/wp-content/uploads/2020/12/musette-jornal-de-noticias.jpeg;
Josan Team Ternat;2005;--;;;x;;;http://www.avesdeburgos.com/ciclismo/images/Josan.jpg;
Jumbo Visma Devo;2021;;;;Calvé bottom right;;;https://lakarra.net/wp-content/uploads/2022/01/musette-2021-jumbo-visma-hema-food-coach-calve-continental.jpeg;
Jumbo-Visma;2020;UCI WorldTour;;;x;;;http://www.zonadeavituallamiento.es/images/Jumbo20.jpg;
Jumbo-Visma;2021;UCI WorldTeam;;;Vifit bottom right;;;http://www.zonadeavituallamiento.es/images/Jumbo21.jpg;
Kaiku;2005;UCI Europa Tour Continental Profesional;;;x;;;http://www.avesdeburgos.com/ciclismo/images/Kaiku05.jpg;
Kaiku;2006;UCI Europa Tour Continental Profesional;;;Vita bottom right;;;http://www.avesdeburgos.com/ciclismo/images/Kaiku06.jpg;
Karpin Galicia;2007;UCI Europa Tour Continental Profesional;;;x;;;http://www.avesdeburgos.com/ciclismo/images/Karpin-Galicia07.jpg;
Karpin Galicia;2008;UCI Europa Tour Continental Profesional;Same as previous year;;x;;;http://www.avesdeburgos.com/ciclismo/images/Karpin-Galicia07.jpg;
Kas;1986;Profesional;;;x;;;http://www.zonadeavituallamiento.es/images/Kas86.jpg;
Kas;1986;Profesional;;;x;;;http://www.zonadeavituallamiento.es/images/Kas-Mavic.jpg;
Kas;1986;Profesional;;;x;;;http://www.zonadeavituallamiento.es/images/Kas-Mavic86.jpg;
Kas;1987;Profesional;;;x;;;http://www.avesdeburgos.com/ciclismo/images/Kas.jpg;
Kas-Campagnolo;1976;Profesional;;;x;;;http://www.zonadeavituallamiento.es/images/Kas-Campagnolo.jpg;
Kas-Campagnolo;1977;Profesional;;;Longer C at campagnolo;;;http://www.zonadeavituallamiento.es/images/Kas-Campagnolo(2).jpg;
Kas-Canal 10;1988;Profesional;;;x;;;http://www.zonadeavituallamiento.es/images/Kas-Canal10.jpg;
Kas-Canal 10;1998;;;;x;;;https://lakarra.net/wp-content/uploads/2019/12/musette-1998-kas-canal-10.jpg;
Katay Cycling team;2008;UCI Europa Tour Continental;;;x;;;http://www.zonadeavituallamiento.es/images/Katay08.jpg;
Katusha;2013;UCI WorldTour;Same as previous year;;x;;;http://www.zonadeavituallamiento.es/images/Katusha12.jpg;
Katusha;2014;;;;x;;;https://lakarra.net/wp-content/uploads/2019/12/musette-2014-katiowa-canyon-katusha.jpg;
Katusha Team;2011;UCI WorldTour;;;x;;;http://www.zonadeavituallamiento.es/images/Katusha11.jpg;
Katusha Team;2012;UCI WorldTour;;;x;;;http://www.zonadeavituallamiento.es/images/Katusha12.jpg;
Katyusha;2008;UCI Europa Tour Continental;;;x;;;http://www.zonadeavituallamiento.es/images/Katyusha08.jpg;
Katyusha Continental Team;2009;UCI Europa Tour Continental;;;x;;;http://www.zonadeavituallamiento.es/images/Katyusha08(2).jpg;
Katyusha Continental Team;2010;UCI Europa Tour Continental;;;;;;http://www.zonadeavituallamiento.es/images/Katusha10.jpg;
Kelly Benefit Strategies;2009;UCI America Tour Continental;;;x;;;http://www.zonadeavituallamiento.es/images/Kelly09.jpg;
Kelly Benefit Strategies;2010;UCI America Tour Continental;;;x;;;http://www.zonadeavituallamiento.es/images/Kelly10.jpg;
Kelly Simoldes Pecol;;;;;;;;kelly;
Kelly-Simoldes-Udo;2020;;;;x;;;https://lakarra.net/wp-content/uploads/2021/02/musette-2020-kelly-inout-build-oliviarense.jpeg;
Kelly-Simoldes-Udo;2021;;;;Green kelly;;;https://lakarra.net/wp-content/uploads/2022/01/musette-2021-kelly-oliveirense-simoldes.jpeg;
Kelly-Simoldes-Udo;2022;;;;White kelly;;;https://lakarra.net/wp-content/uploads/2023/01/musette-2022-kelly-simoldes-oliveirense.jpeg;
Kelme;1985;Profesional;;;x;;;http://www.avesdeburgos.com/ciclismo/images/Kelme.jpg;
Kelme;1986;Profesional;Same as previous year;;x;;;http://www.avesdeburgos.com/ciclismo/images/Kelme.jpg;
Kelme;1987;Profesional;Same as previous year;;x;;;http://www.avesdeburgos.com/ciclismo/images/Kelme.jpg;
Kelme;1989;Profesional;;;x;;;http://www.zonadeavituallamiento.es/images/Kelme89.jpg;
Kelme;1990;Profesional;;;x;;;https://lakarra.net/wp-content/uploads/2019/12/musette-1990-kelme.jpg;
Kelme;1992;Profesional;;;x;;;http://www.zonadeavituallamiento.es/images/Kelme92(a).jpg;http://www.zonadeavituallamiento.es/images/Kelme92(b).jpg
Kelme-Artiach-Costa Blanc;1996;;;;x;;;https://lakarra.net/wp-content/uploads/2019/12/musette-1996-kelme-artiach.jpg;
Kelme-Costa Blanca;2000;TT I;;;x;;;http://www.zonadeavituallamiento.es/images/Kelme-Costablanca01.jpg;
Kelme-Costa Blanca;2001;;;;x;;Tour;https://lakarra.net/wp-content/uploads/2019/12/musette-2001-TDF-kelme-01.jpg;
Kelme-Costa Blanca;2001;TT I;Same as previous year;;x;;;http://www.zonadeavituallamiento.es/images/Kelme-Costablanca01.jpg;
Kelme-Costa Blanca;2002;;;;x;;Tour;https://lakarra.net/wp-content/uploads/2019/12/musette-2002-TDF-kelme.jpg;
Kelme-Costa Blanca;2002;TT I;;;x;;;http://www.avesdeburgos.com/ciclismo/images/Kelme-Costablanca03(a).jpg;http://www.avesdeburgos.com/ciclismo/images/Kelme-Costablanca03(b).jpg
Kelme-Costa Blanca;2003;TT I;Same as previous year;;x;;;http://www.avesdeburgos.com/ciclismo/images/Kelme-Costablanca03(a).jpg;http://www.avesdeburgos.com/ciclismo/images/Kelme-Costablanca03(b).jpg
Kinan;2018;;Same as previous year;;x;;;https://www.facebook.com/photo/?fbid=2047169738904976&set=a.2020848098203807;
Kinan Cycling Team;2016;UCI Asia Tour Continental;;;x;;;http://www.zonadeavituallamiento.es/images/Kinan16.jpg;
Kinan Cycling Team;2017;UCI Asia Tour Continental;Same as previous year;;x;;;http://www.zonadeavituallamiento.es/images/Kinan16.jpg;
Kio Ene-Tonazzo-DMT;2007;UCI Europa Tour Continental;;;x;;;http://www.avesdeburgos.com/ciclismo/images/DMT07.jpg;
Kiwi Guerciotti;2019;;;;x;;;https://lakarra.net/wp-content/uploads/2020/04/musette-2019-kiwi-gerciotti.jpg;
Klein Constantia;2016;UCI Europa Tour Continental;;;x;;;http://www.zonadeavituallamiento.es/images/Klein16.jpg;
KodakGalery.com-Sierra Nevada Brewing Co.;2007;UCI America Tour Continental;Same as previous year;;x;;;http://www.zonadeavituallamiento.es/images/Giordana.jpg;
KodakGalery.com-Sierra Nevada Pro Cycling;2006;UCI America Tour Continental;;;x;;;http://www.zonadeavituallamiento.es/images/Giordana.jpg;
Koga Cycling Team;2012;UCI Europa Tour Continental;;;x;;;http://www.zonadeavituallamiento.es/images/Koga12.jpg;
Koga Cycling Team;2013;UCI Europa Tour Continental;;;x;;;http://www.zonadeavituallamiento.es/images/Koga13(a).jpg;http://www.zonadeavituallamiento.es/images/Koga13(b).jpg
Kolss Cycling Team;2012;UCI Europa Tour Continental;;;x;;;http://www.zonadeavituallamiento.es/images/Kolss12.jpg;
Kolss Cycling Team;2013;UCI Europa Tour Continental;Same as previous year;;x;;;http://www.zonadeavituallamiento.es/images/Kolss12.jpg;
Kolss Cycling Team;2014;UCI Europa Tour Continental;;;x;;;http://www.zonadeavituallamiento.es/images/Kolss14.jpg;
Kolss Cycling Team;2017;;;;x;;;https://lakarra.net/wp-content/uploads/2019/12/musette-2017-kolss-colnago-miche.jpg;
Kometa Cycling Team;2019;UCI Europa Tour Continental;;;x;;;http://www.zonadeavituallamiento.es/images/Kometa19.jpg;
Kometa Xstra Cycling Team;2019;UCI Europa Tour Continental;;;x;;;http://www.zonadeavituallamiento.es/images/Kometa20.jpg;
Kometa Xstra Cycling Team;2020;UCI Europa Tour Continental;Same as previous year;;x;;;https://lakarra.net/wp-content/uploads/2021/02/musette-2020-kometa.jpeg;
Konya BBSK;2024;;;;x;;;konya_24;
Kotter's Racing Team;1981;Profesional;;;x;;;http://www.zonadeavituallamiento.es/images/Kotters81(a).jpg;http://www.zonadeavituallamiento.es/images/Kotters81(b).jpg
Kuwait-Cartucho.es;2017;UCI Asia Tour Continental;;;x;;;http://www.zonadeavituallamiento.es/images/Fanta17.jpg;
L.A. Alumínios/Liberty Seguros;2006;UCI Europa Tour Continental;;;x;;;http://www.zonadeavituallamiento.es/images/LA-Liberty06.jpg;
L.A. Alumínios-Metalusa Blackjack;2017;UCI Europa Tour Continental;;;x;;;http://www.zonadeavituallamiento.es/images/LA-Metalusa17.jpg;
L.A. Alumínios-MSS;2008;;;;x;;;https://lakarra.net/wp-content/uploads/2019/12/la-mss-2-musette-2008.jpg;
L.A. Alumínios-MSS;2007;UCI Europa Tour Continental;;;x;;;http://www.avesdeburgos.com/ciclismo/images/LA-MSS07.jpg;
L.A. Alumínios-Pecol;2002;TT II;;;x;;;http://www.zonadeavituallamiento.es/images/LA-Pecol0203.jpg;
L.A. Alumínios-Pecol;2003;TT II;Same as previous year;;x;;;http://www.zonadeavituallamiento.es/images/LA-Pecol0203.jpg;
L.A. Alumínios-Pecol;2004;TT II;;;x;;;http://www.avesdeburgos.com/ciclismo/images/La-Pecol04(a).jpg;http://www.avesdeburgos.com/ciclismo/images/La-Pecol04(b).jpg
L.A. Rota dos Móveis;2010;UCI Europa Tour Continental;;;;;;http://www.zonadeavituallamiento.es/images/LA-Rota10.jpg;
LA Aluminios;2018;;;;x;;;https://lakarra.net/wp-content/uploads/2019/12/musette-2018-w-aluminios-la.jpg;
LA Aluminios;2019;;;;x;;;https://lakarra.net/wp-content/uploads/2020/04/musette-2019-la-aluminios.jpg;
LA Aluminios;2019;;;;la.pt bottom right;;;https://lakarra.net/wp-content/uploads/2020/04/musette-2019-la-aluminios-volta.jpg;
LA Aluminios;2020;;;;suplementos bottom right;x;;https://lakarra.net/wp-content/uploads/2021/02/musette-2020-LA-Aluminios.jpeg;
LA Aluminios - Credibom;2022, 2023;;;;x;;;https://lakarra.net/wp-content/uploads/2023/01/musette-2022-la-aluminios-credibom-marcos-car-volta.jpeg;
LA Aluminios - Credibom;2024;;;;x;x;;la_24;
LA Aluminios - Paredes;2010;;;;x;;;https://lakarra.net/wp-content/uploads/2019/12/musette-2010-la-aluminios-paredes-rota-dos-moveis-black.jpg;
LA Alumínios-Antarte;2012;UCI Europa Tour Continental;;;x;;;http://www.zonadeavituallamiento.es/images/LA-Antarte1213.jpg;
LA Alumínios-Antarte;2013;UCI Europa Tour Continental;;;x;;;http://www.zonadeavituallamiento.es/images/LA-Antarte1314.jpg;
LA Alumínios-Antarte;2014;UCI Europa Tour Continental;;;x;;;http://www.zonadeavituallamiento.es/images/LA-Antarte14.jpg;
LA Alumínios-Antarte;2014;;;;;;;https://lakarra.net/wp-content/uploads/2019/12/musette-2014-la-antarte-liberty-seguros.jpg;
LA Alumínios-MSS;2008;UCI Europa Tour Continental;;;Povoa de Varzim bottom;;;http://www.zonadeavituallamiento.es/images/LA-MSS08.jpg;
LA Paredes;2011;;;;x;;;https://lakarra.net/wp-content/uploads/2019/12/musette-2011-la-paredes-rota-dos-moveis.jpg;
La Pomme Marseille;2012;UCI Europa Tour Continental;;;x;;;http://www.zonadeavituallamiento.es/images/La-Pomme12(a).jpg;http://www.zonadeavituallamiento.es/images/La-Pomme12(b).jpg
La Pomme Marseille;2013;UCI Europa Tour Continental;;;x;;;http://www.zonadeavituallamiento.es/images/La-Pomme13(a).jpg;http://www.zonadeavituallamiento.es/images/La-Pomme13(b).jpg
La Redoute;1984;Profesional;;;x;;;http://www.zonadeavituallamiento.es/images/Redoute.jpg;
La Redoute-Cycles MBK;1985;Profesional;;;x;;;http://www.avesdeburgos.com/ciclismo/images/La-Redoute.jpg;
La Redoute-Motobecane;1979;;;;x;;;https://lakarra.net/wp-content/uploads/2019/12/musette-1979-la-redoute-motobecane.jpg;
La Redoute-Motobecane;1983;Profesional;;;x;;;http://www.zonadeavituallamiento.es/images/Redoute-Motobecane.jpg;
La Vie Claire-Terraillon;1984;Profesional;;;x;;;http://www.zonadeavituallamiento.es/images/Vie-Claire.jpg;
La Vie Claire-Wonder-Radar-Look;1985;Profesional;;;Wonder middle;;;http://www.zonadeavituallamiento.es/images/Vie-Claire85.jpg;
La William-Duvel;1992;Profesional;;;x;;;http://www.zonadeavituallamiento.es/images/LaWilliam-Duvel.jpg;
La William-Duvel;1993;Profesional;Same as previous year;;x;;;http://www.zonadeavituallamiento.es/images/LaWilliam-Duvel.jpg;
La William-Saltos-Duvel;1991;Profesional;;;x;;;http://www.zonadeavituallamiento.es/images/LaWilliam.jpg;
La William-Saltos-Fondua-Euroclean;1990;Profesional;;;x;;;http://www.zonadeavituallamiento.es/images/LaWilliam-Saltos-Fondua.jpg;
Labarca 2-Café Baqué;2003;TT II;;;x;;;http://www.avesdeburgos.com/ciclismo/images/Labarca2-Baque03(a).jpg;http://www.avesdeburgos.com/ciclismo/images/Labarca2-Baque03(b).jpg
Laboral Kutxa Orbea;2022;;;;x;;;https://lakarra.net/wp-content/uploads/2023/01/musette-2022-laboral-kutxa-orbea.jpeg;https://lakarra.net/wp-content/uploads/2023/01/musette-2022-laboral-kutxa-orbea-bm-trasera.jpeg
Lampre;2003;TT I;;;x;;;http://www.zonadeavituallamiento.es/images/Lampre03.jpg;
Lampre;2003;TT I;;;x;;;http://www.zonadeavituallamiento.es/images/Lampre09.jpg;
Lampre;2004;TT I;;;Biemme bottom right;;;http://www.zonadeavituallamiento.es/images/Lampre04.jpg;
Lampre;2008;UCI ProTour;;;No fondital;;;http://www.zonadeavituallamiento.es/images/Lampre08.jpg;
Lampre-Caffita;2005;UCI ProTour;;;x;;;http://www.avesdeburgos.com/ciclismo/images/Lampre-Caffita05(a).jpg;http://www.avesdeburgos.com/ciclismo/images/Lampre-Caffita05(b).jpg
Lampre-Daikin;1999;TT I;;;x;;;http://www.zonadeavituallamiento.es/images/Lampre-Daikin2000.jpg;
Lampre-Daikin;2000;TT I;Same as previous year;;x;;;http://www.zonadeavituallamiento.es/images/Lampre-Daikin2000.jpg;
Lampre-Daikin;2001;TT I;;;Fondriest & SMS bottom;;;http://www.avesdeburgos.com/ciclismo/images/Lampre-Daikin.jpg;
Lampre-Daikin;2002;TT I;;;Bensan bottom middle;;;http://www.avesdeburgos.com/ciclismo/images/Lampre-Daikin99.jpg;
Lampre-Farnese Vini;2010;UCI ProTour;;;Farnese Vini middle;;;http://www.zonadeavituallamiento.es/images/Lampre10(2).jpg;
Lampre-Farnese Vini;2010;UCI ProTour;;;Lighter blue ?;;;http://www.zonadeavituallamiento.es/images/Lampre10.jpg;
Lampre-Fondital;2006;UCI ProTour ;;;x;;;http://www.avesdeburgos.com/ciclismo/images/Lampre-Fondital06-1.jpg;
Lampre-Fondital;2006;UCI ProTour ;;;New back;;;http://www.avesdeburgos.com/ciclismo/images/Lampre-Fondital06-2(a).jpg;http://www.avesdeburgos.com/ciclismo/images/Lampre-Fondital06-2(b).jpg
Lampre-Fondital;2007;UCI ProTour ;;;x;;;http://www.avesdeburgos.com/ciclismo/images/Lampre-Fondital07.jpg;
Lampre-ISD;2011;UCI WorldTour;;;x;;;http://www.zonadeavituallamiento.es/images/Lampre11.jpg;
Lampre-ISD;2012;UCI WorldTour;;;x;;;https://lakarra.net/wp-content/uploads/2019/12/musette-2012-lampre-isd.jpg;
Lampre-ISD;2013;UCI WorldTour;;;x;;;http://www.zonadeavituallamiento.es/images/Lampre12.jpg;
Lampre-Merida;2013;UCI WorldTour;;;x;;;http://www.zonadeavituallamiento.es/images/Lampre-Merida13(2).jpg;
Lampre-Merida;2013;UCI WorldTour;;;x;;;http://www.zonadeavituallamiento.es/images/Lampre-Merida13.jpg;
Lampre-Merida;2014;UCI WorldTour;;;x;;;http://www.zonadeavituallamiento.es/images/Lampre-Merida14.jpg;
Lampre-Merida;2015;UCI WorldTour;Same as previous year;;x;;;http://www.zonadeavituallamiento.es/images/Lampre15.jpg;
Lampre-Merida;2015;UCI WorldTour;Same as previous year;;x;;;http://www.zonadeavituallamiento.es/images/Lampre-Merida14.jpg;
Lampre-Merida;2016;UCI WorldTour;;;Bigger pink and green line;;;http://www.zonadeavituallamiento.es/images/Lampre16.jpg;
Lampre-NGC;2009;UCI ProTour;;;Ncc middle;;;http://www.zonadeavituallamiento.es/images/Lampre09.jpg;
Lampre-Panaria;1994;Profesional ;;;x;;;http://www.avesdeburgos.com/ciclismo/images/Lampre-Panaria94.jpg;
Landbouwkrediet;2010;UCI Europa Tour Continental Profesional;;;x;;;http://www.zonadeavituallamiento.es/images/Vermarc0910.jpg;
Landbouwkrediet;2011;UCI Europa Tour Continental Profesional;;;x;;;http://www.zonadeavituallamiento.es/images/Vermarc0910.jpg;
Landbouwkrediet-Colnago;2003;TT I;;;x;;;http://www.zonadeavituallamiento.es/images/VermarcBlanca.jpg;
Landbouwkrediet-Colnago;2009;UCI Europa Tour Continental Profesional;;;x;;;http://www.avesdeburgos.com/ciclismo/images/VermarcAzul.jpg;
Landbouwkrediet-Colnago;2009;UCI Europa Tour Continental Profesional;;;x;;;http://www.zonadeavituallamiento.es/images/Vermarc0910.jpg;
Landbouwkrediet-Euphony;2012;UCI Europa Tour Continental Profesional;;;x;;;http://www.zonadeavituallamiento.es/images/Vermarc12.jpg;
Lares Doltcini;2017;;;;x;;;https://lakarra.net/wp-content/uploads/2019/12/musette-2017-lares-doltcini-marlux.jpg;
Lawi;2021;;;;x;;;lawi_21;
Le Col Wahoo;2022;;;;x;;;lecol_22;
Leda;2007;;;;x;;;https://lakarra.net/wp-content/uploads/2019/12/musette-2007-leda-959x1024.jpg;
Legnano;1965;;;;x;;;https://lakarra.net/wp-content/uploads/2019/12/musette-1965-legnano-biciclettes.jpg;
Lejeune-BP;1976;;;;x;;;https://lakarra.net/wp-content/uploads/2019/12/musette-1976-lejeune-bp.jpg;
Lejeune-BP;1976-1977;Profesional;;;x;;;http://www.zonadeavituallamiento.es/images/Lejeune-BP7677.jpg;
Leopard Development Team;2014;UCI Europa Tour Continental;;;x;;;http://www.zonadeavituallamiento.es/images/Leopard15.jpg;
Leopard Development Team;2015;UCI Europa Tour Continental;Same as previous year;;x;;;http://www.zonadeavituallamiento.es/images/Leopard15.jpg;
Leopard Pro Cycling;2016;UCI Europa Tour Continental;;;x;;;http://www.zonadeavituallamiento.es/images/Leopard16(a).jpg;http://www.zonadeavituallamiento.es/images/Leopard16(b).jpg
Leopard Pro Cycling;2017;UCI Europa Tour Continental;Same as previous year;;x;;;http://www.zonadeavituallamiento.es/images/Leopard16(a).jpg;http://www.zonadeavituallamiento.es/images/Leopard16(b).jpg
Leopard Pro Cycling;2018;UCI Europa Tour Continental;Same as previous year;;x;;;http://www.zonadeavituallamiento.es/images/Leopard16(a).jpg;http://www.zonadeavituallamiento.es/images/Leopard16(b).jpg
Leopard Pro Cycling;2019;UCI Europa Tour Continental;;;x;;;https://lakarra.net/wp-content/uploads/2020/04/musette-2019-leopard.jpg;https://lakarra.net/wp-content/uploads/2020/04/musette-2019-leopard-trasera.jpg
Leopard Trek;2011;UCI WorldTour;;;x;;;http://www.zonadeavituallamiento.es/images/Leopard11(a).jpg;http://www.zonadeavituallamiento.es/images/Leopard11(b).jpg
Liberty Seguros;2004;TT I;;;Würth top;;;http://www.avesdeburgos.com/ciclismo/images/Liberty04.jpg;
Liberty Seguros;2007;UCI Europa Tour Continental;;;x;;;http://www.avesdeburgos.com/ciclismo/images/Liberty07.jpg;
Liberty Seguros;2008;UCI Europa Tour Continental;;;x;;;http://www.zonadeavituallamiento.es/images/Liberty08.jpg;
Liberty Seguros;2008;;;;x;;;https://lakarra.net/wp-content/uploads/2019/12/liberty-seguros-3-musette-2008.jpg;
Liberty Seguros;2009;UCI Europa Tour Continental;;;TI Sport bottom right;;;http://www.zonadeavituallamiento.es/images/Liberty09.jpg;
Liberty Seguros-Carglass;2018;UCI Europa Tour Continental;;;x;;;https://lakarra.net/wp-content/uploads/2019/12/musette-2018-liberty-seguros-carglass.jpg;
Liberty Seguros-Carglass;2018;UCI Europa Tour Continental;;;x;;;http://www.zonadeavituallamiento.es/images/Liberty18.jpg;
Liberty Seguros-Würth Team;2005;UCI ProTour ;;;FBS black top left;;;http://www.avesdeburgos.com/ciclismo/images/Liberty-Wurth05.jpg;
Liberty Seguros-Würth Team;2006;UCI ProTour;;;FBS yellow top left;;;http://www.zonadeavituallamiento.es/images/Liberty-Wurth06.jpg;
Lidl-Trek;2023;UCI WorldTeam;;;x;;;http://www.zonadeavituallamiento.es/images/Lidl-Trek23.jpg;
Lidl-Trek;2024;UCI WorldTeam;Same as previous year;;x;;;http://www.zonadeavituallamiento.es/images/Lidl-Trek23.jpg;
Liege Bastogne Liege;;Race;;;;;;https://lakarra.net/wp-content/uploads/2019/12/musette-gatorade-liege-bastogne-liege.jpg;
Liege Bastogne Liege;;Race;;;;;;https://lakarra.net/wp-content/uploads/2019/12/musette-gb-liege-bastogne.jpg;
Linda McCartney;2000;TT II;;;x;;;http://www.zonadeavituallamiento.es/images/Linda-McCartney.jpg;
Liquigas;2006;UCI ProTour;;;x;;;http://www.avesdeburgos.com/ciclismo/images/Liquigas06.jpg;
Liquigas;2007;UCI ProTour;Same as previous year;;x;;;http://www.avesdeburgos.com/ciclismo/images/Liquigas0607.jpg;
Liquigas;2008;UCI ProTour;;;x;;;http://www.zonadeavituallamiento.es/images/Liquigas08.jpg;
Liquigas;2009;UCI ProTour;;;x;;;http://www.zonadeavituallamiento.es/images/Liquigas09(a).jpg;http://www.zonadeavituallamiento.es/images/Liquigas09(b).jpg
Liquigas-Bianchi;2005;UCI ProTour;;;x;;;http://www.avesdeburgos.com/ciclismo/images/Liquigas-Bianchi05.jpg;
Liquigas-Cannondale;2011;UCI WorldTour;;;x;;;http://www.zonadeavituallamiento.es/images/Liquigas11.jpg;
Liquigas-Cannondale;2012;UCI WorldTour;Same as previous year;;x;;;http://www.zonadeavituallamiento.es/images/Liquigas11.jpg;
Liquigas-Doimo;2010;UCI ProTour;;;Yellow logo on the side where green is bottom right;;;http://www.zonadeavituallamiento.es/images/Liquigas(2)10(b).jpg;http://www.zonadeavituallamiento.es/images/Liquigas(2)10(a).jpg
Liquigas-Doimo;2010;UCI ProTour;;;Yellow logo on the side where green is bottom left;;;http://www.zonadeavituallamiento.es/images/Liquigas10(a).jpg;http://www.zonadeavituallamiento.es/images/Liquigas10(b).jpg
Liquigas-Pata;2000;TT I;;;x;;;http://www.avesdeburgos.com/ciclismo/images/Liquigas-Pata.jpg;
Liquigas-Pata;2001;TT I;;;x;;;http://www.zonadeavituallamiento.es/images/Liquigas-Pata01.jpg;
LITTORAL MIDDDELKERRKE;;;;;;;;https://lakarra.net/wp-content/uploads/2022/01/musette-littoral-midddelkerrke.jpeg;
Lituania;2014;;;;x;;;https://lakarra.net/wp-content/uploads/2019/12/musette-2014-lituania-natali.jpg;
Liv Jayco Alula;2024;;;;x;;;liv_24;
Ljubjana Gusto;2022;;;;x;;;ljubjana_22;
Ljubjana Gusto;2023;;;;x;;;ljubjana_23;
LKT Brandenburg;2017;;;;x;;;lkt_17;
LKT Brandenburg;2018;;Same as previous year;;x;;;https://lakarra.net/wp-content/uploads/2019/12/musette-2018-brandenburg-nadebor.jpg;
LKT Team Brandenburg;2008;UCI Europa Tour Continental;;;x;;;http://www.zonadeavituallamiento.es/images/Born(4).jpg;
Loir et cher;2011;;;;x;;;https://lakarra.net/wp-content/uploads/2019/12/musette-2011-loir-et-cher.jpg;
Lokosphinx;2015;UCI Europa Tour Continental;;;;;;http://www.zonadeavituallamiento.es/images/Katusha1415.jpg;
Lokosphinx;2013;UCI Europa Tour Continental;;;x;;;http://www.zonadeavituallamiento.es/images/Pissei13.jpg;
Lokosphinx;2019;;;;;;;https://lakarra.net/wp-content/uploads/2020/04/musette-2019-ls-lokosphinx.jpg;
Lotto;1989;Profesional;;;x;;;http://www.zonadeavituallamiento.es/images/Lotto89.jpg;
LOTTO ADECCO;2000;;;;x;;;https://lakarra.net/wp-content/uploads/2019/12/musette-2000-lotto-adecco.jpg;
Lotto Belisol;2013;UCI WorldTour;;;No square left from belisol;;;http://www.zonadeavituallamiento.es/images/Lotto-Belisol13.jpg;
Lotto Belisol;2014;UCI WorldTour;;;x;;;http://www.zonadeavituallamiento.es/images/Lotto-Belisol14(2).jpg;
Lotto Belisol Team;2012;UCI WorldTour;;;x;;;http://www.zonadeavituallamiento.es/images/Lotto-Belisol12.jpg;
Lotto Dstny;2023;UCI ProTeam;;;x;;;http://www.zonadeavituallamiento.es/images/Lotto-Dstny23.jpg;
Lotto dstny;2024;UCI ProTeam;Same as previous year;;x;x;;http://www.zonadeavituallamiento.es/images/Lotto-Dstny23.jpg;
Lotto dstny;2024;;;;x;x;Tour;lotto_tdf_24;
Lotto Soudal;2015;UCI WorldTour;;;x;;;http://www.zonadeavituallamiento.es/images/Lotto-Soudal15.jpg;
Lotto Soudal;2016;UCI WorldTour;Same as previous year;;x;;;http://www.zonadeavituallamiento.es/images/Lotto-Soudal16.jpg;
Lotto Soudal;2017;UCI WorldTour;Same as previous year;;x;;;http://www.zonadeavituallamiento.es/images/Lotto-Soudal1517.jpg;
Lotto Soudal;2018;UCI WorldTour;Same as previous year;;x;;;http://www.zonadeavituallamiento.es/images/Lotto-Soudal1518.jpg;
Lotto Soudal;2019;UCI WorldTour;;;New lotto;;;http://www.zonadeavituallamiento.es/images/Lotto-Soudal19.jpg;
Lotto Soudal;2020;UCI WorldTour;;;x;;;http://www.zonadeavituallamiento.es/images/Lotto-Soudal20(b).jpg;http://www.zonadeavituallamiento.es/images/Lotto-Soudal20(a).jpg
Lotto Soudal;2021;UCI WorldTeam;Same as previous year;;x;;;http://www.zonadeavituallamiento.es/images/Lotto-Soudal2021(a).jpg;http://www.zonadeavituallamiento.es/images/Lotto-Soudal2021(b).jpg
Lotto Soudal;2022;UCI WorldTeam;Same as previous year;;x;;;http://www.zonadeavituallamiento.es/images/Lotto-Soudal2021(a).jpg;http://www.zonadeavituallamiento.es/images/Lotto-Soudal2021(b).jpg
Lotto Vetta Caloi;1994;;;;;;;https://lakarra.net/wp-content/uploads/2019/12/musette-1994-lotto-vetta-caloi.jpg;
Lotto-Adecco;2000;TT I;;;x;;;http://www.zonadeavituallamiento.es/images/Lotto-Adecco2000.jpg;
Lotto-Adecco;2001;;;;x;;Tour;https://lakarra.net/wp-content/uploads/2019/12/musette-2001-tdf-tour-france-coca-cola-lotto-adecco.jpg;
Lotto-Adecco;2001;TT I;;;x;;;http://www.zonadeavituallamiento.es/images/Lotto01.jpg;
Lotto-Adecco;2002;;;;x;;Tour;https://lakarra.net/wp-content/uploads/2019/12/musette-2002-tdf-tour-france-coca-cola-lotto-adecco.jpg;
Lotto-Adecco;2002;;;;x;;Tour;https://lakarra.net/wp-content/uploads/2019/12/musette-2002-coca-cola-lotto-adecco.jpg;
Lotto-Adecco;2002;TT I;;;x;;;http://www.avesdeburgos.com/ciclismo/images/Lotto-Adecco02.jpg;
Lotto-Adecco;2000;;;;x;;Tour;https://lakarra.net/wp-content/uploads/2019/12/musette-2001-tdf-tour-france-coca-cola-lotto-adecco.jpg;
Lotto-Domo;2003;TT I;;;x;;;http://www.zonadeavituallamiento.es/images/Lotto-Domo03.jpg;
Lotto-Domo;2004;TT I;Same as previous year;;x;;;http://www.zonadeavituallamiento.es/images/Lotto-Domo0304.jpg;
Lotto-Domo;2003;;;;x;;Tour;https://lakarra.net/wp-content/uploads/2020/12/musette-2003-tdf-tour-france-aquarel-lotto-domo.jpeg;
Lotto-Eddy Merckx-Campagnolo-Vermarc Sport;1985;Profesional;;;x;;;http://www.avesdeburgos.com/ciclismo/images/Lotto.jpg;
Lotto-Eddy Merckx-Toyota-Agu;1987;Profesional;;;x;;;http://www.avesdeburgos.com/ciclismo/images/Lotto93.jpg;
Lotto-Eddy Merckx-Toyota-Agu;1988;Profesional;Same as previous year;;x;;;http://www.avesdeburgos.com/ciclismo/images/Lotto93.jpg;
Lotto-Isoglass;1995;Profesional;;;x;;;http://www.zonadeavituallamiento.es/images/Lotto-Isoglass.jpg;
Lotto-Isoglass;1996;TT I;;;x;;;http://www.zonadeavituallamiento.es/images/Lotto-Isoglass96.jpg;
Lotto-Mobistar;1998;TT I;;;Ursa top;;;http://www.avesdeburgos.com/ciclismo/images/Lotto-Mobistar2.jpg;
Lotto-Mobistar;1999;TT I;;;Berry floor top;;;http://www.zonadeavituallamiento.es/images/Lotto-Mobistar99.jpg;
Lotto-Mobistar-Isoglass;1997;TT I;;;x;;;http://www.avesdeburgos.com/ciclismo/images/Lotto-Mobistar1.jpg;
Lotto-Mobistar-Isoglass;1997;TT I;;;x;;;http://www.zonadeavituallamiento.es/images/Lotto-Isoglass96.jpg;
Lotto-Super Club-MBK;1990;Profesional;;;x;;;http://www.zonadeavituallamiento.es/images/Lotto-SuperClub90.jpg;
Lotto-Super Club-MBK;1991;Profesional;;;x;;;http://www.avesdeburgos.com/ciclismo/images/Lotto-SuperClub.jpg;
Lotto-Vetta-Caloi;1993;Profesional;;;x;;;https://lakarra.net/wp-content/uploads/2020/07/musette-1993-lotto-caloi.jpeg;
Lotto-Vetta-Caloi;1994;Profesional;;;Dark blue;;;http://www.zonadeavituallamiento.es/images/Lotto-Caloi94.jpg;
LOTUS FESTINA;1993;;;;x;;;https://lakarra.net/wp-content/uploads/2019/12/musette-1993-lotus-festina.jpg;
Lotus-Zahor;1989;Profesional;;;x;;;http://www.avesdeburgos.com/ciclismo/images/Lotus-Zahor89.jpg;
Loule;2006;;;;x;;;https://lakarra.net/wp-content/uploads/2019/12/musette-2006-Inmoholding-Loule-Jardim-Hotel-Quarteira-Sol.jpg;
Louletano-Dunas Douradas;2013;UCI Europa Tour Continental;;;x;;;https://lakarra.net/wp-content/uploads/2019/12/musette-2013-loule-louletano-dunas-douradas-nutrend-suplementos24.jpg;
Louletano-Dunas Douradas;2014;UCI Europa Tour Continental;;;x;;;http://www.zonadeavituallamiento.es/images/Loule14.jpg;
Louletano-Hospital de Loulé;2017;UCI Europa Tour Continental;;;Hospital de Loulé top;;;http://www.zonadeavituallamiento.es/images/Louletano1617.jpg;
Louletano-Ray Just Energy;2015;UCI Europa Tour Continental;;;x;;;http://www.zonadeavituallamiento.es/images/Louletano15(2).jpg;
Louletano-Ray Just Energy;2015;UCI Europa Tour Continental;;;Ray Just Energy top;;;http://www.zonadeavituallamiento.es/images/Louletano15.jpg;
LPR;2005;UCI Europa Tour Continental Profesional;;;x;;;http://www.avesdeburgos.com/ciclismo/images/Lpr05.jpg;
LPR;2006;UCI Europa Tour Continental Profesional;;;x;;;http://www.avesdeburgos.com/ciclismo/images/Lpr06.jpg;
LPR - Nava;2006;UCI Europa Tour Continental Profesional;Same as previous year;;x;;;https://lakarra.net/wp-content/uploads/2020/12/musette-2005-lpr-piacienzia-slr-nava-premiere-massinvest.jpeg;
LPR - Nava - Androni;2007;UCI Europa Tour Continental Profesional;;;x;;;http://www.avesdeburgos.com/ciclismo/images/Lpr07.jpg;
LPR Brakes Farnese Vini;2009;UCI Europa Tour Continental Profesional;;;x;;;http://www.zonadeavituallamiento.es/images/LPR09.jpg;
LPR Brakes-Ballan;2008;UCI Europa Tour Continental Profesional;;;x;;;http://www.zonadeavituallamiento.es/images/Lpr08(2).jpg;
LPR Brakes-Ballan;2008;UCI Europa Tour Continental Profesional;;;x;;;http://www.zonadeavituallamiento.es/images/Lpr08.jpg;
Lubelskie Polska;2024;;;;x;;;lubartow_24;
Lucca Florencia;2013;Race;;;;;;https://lakarra.net/wp-content/uploads/2019/12/musette-2013-lucca-florencia.jpg;
Luxembourg;2019;;;;x;;;https://lakarra.net/wp-content/uploads/2020/04/musette-2019-louxembourg-luxemburgo.jpg;
Luxembourg;2020;;Same as previous year;;x;;;https://www.facebook.com/photo/?fbid=2681756678779609&set=a.2520039941617951;
MAAP;;;;;;;;https://lakarra.net/wp-content/uploads/2022/01/musette-map.jpeg;
Maap;2024;;;;x;;;maap_24;
Madeinox Bric Loulé;2007;UCI Europa Tour Continental;;;x;;;http://www.avesdeburgos.com/ciclismo/images/Madeinox07.jpg;
Madeinox-Boavista;2008;UCI Europa Tour Continental;;;x;;;http://www.zonadeavituallamiento.es/images/Madeinox09(a).jpg;http://www.zonadeavituallamiento.es/images/Madeinox09(b).jpg
Madeinox-Boavista;2009;UCI Europa Tour Continental;Same as previous year;;x;;;http://www.zonadeavituallamiento.es/images/Madeinox09(a).jpg;http://www.zonadeavituallamiento.es/images/Madeinox09(b).jpg
Madison Genesis;2013;UCI Europa Tour Continental;;;Madison genesis in grey;;;http://www.zonadeavituallamiento.es/images/Madison13.jpg;
Madison Genesis;2014;UCI Europa Tour Continental;;;Madison genesis in white;;;http://www.zonadeavituallamiento.es/images/Madison1516.jpg;
Madison Genesis;2015;UCI Europa Tour Continental;Same as previous year;;x;;;http://www.zonadeavituallamiento.es/images/Madison1516.jpg;
Madison Genesis;2016;UCI Europa Tour Continental;;;x;;;madison_16;
Madison Genesis;2017;UCI Europa Tour Continental;Same as previous year;;x;;;https://lakarra.net/wp-content/uploads/2019/12/musette-2017-madison-genesis.jpg;
Madison Genesis;2018;;;;x;;;https://lakarra.net/wp-content/uploads/2019/12/musette-2018-madison-genesis.jpg;
Madison Genesis;2019;;Same as previous year;;x;;;https://www.facebook.com/photo/?fbid=2263977257224222&set=a.2228225577466057;
Magniflex-Olmo;1980-1981;Profesional;;;x;;;http://www.zonadeavituallamiento.es/images/Magniflex-Olmo.jpg;
MAIA;1996;;;;x;;;https://lakarra.net/wp-content/uploads/2019/12/musette-1996-maia-jumbo-cin.jpg;
Maia;--;Profesional;;;Black print;;;http://www.zonadeavituallamiento.es/images/Maia.jpg;
MAIA MSS;2000;;;;x;;;https://lakarra.net/wp-content/uploads/2019/12/musette-2000-maia-mss.jpg;
MAIA ;2001;;;;Blue print;;;https://lakarra.net/wp-content/uploads/2019/12/musette-2001-maia-mss.jpg;
Maia-Hipermercados Jumbo-Cin;1997;TT II;;;x;;;http://www.zonadeavituallamiento.es/images/Maia97.jpg;
MALVOR SIDI COLNAGO;1989;;;;x;;;https://lakarra.net/wp-content/uploads/2019/12/musette-1989-malvor-sidi-colnago.jpg;
Malvor-Bottecchia-Vaporella;1986;Profesional;;;x;;;http://www.zonadeavituallamiento.es/images/Malvor86(a).jpg;http://www.zonadeavituallamiento.es/images/Malvor86(b).jpg
Manisaspor Bianchi;2011;;;;x;;;https://lakarra.net/wp-content/uploads/2020/07/musette-2011-manisaspor-bianchi-shimano.jpeg;
Manuela Fundación;2022;UCI Europa Tour Continental;;;x;;;http://www.zonadeavituallamiento.es/images/Manuela22(a).jpg;http://www.zonadeavituallamiento.es/images/Manuela22(b).jpg
Manzana Postobón;1986;;;;x;;;https://lakarra.net/wp-content/uploads/2019/12/musette-1986-manzana-postobon.jpg;
Manzana Postobón;2016;UCI América Tour Continental;;;x;;;http://www.zonadeavituallamiento.es/images/Postobon16(1).jpg;
Manzana Postobón Team;2017;UCI América Tour Continental Profesional;;;x;;;http://www.zonadeavituallamiento.es/images/Postobon(2)17(a).jpg;http://www.zonadeavituallamiento.es/images/Postobon(2)17(b).jpg
Manzana Postobón Team;2018;UCI América Tour Continental Profesional;;;Continental Pro under Team;;;http://www.zonadeavituallamiento.es/images/Postobon18(1).jpg;
Manzana Postobón Team;2018;UCI América Tour Continental Profesional;;;x;;;http://www.zonadeavituallamiento.es/images/Postobon18(2).jpg;
Manzana Postobón Team;2019;UCI América Tour Continental Profesional;;;x;;;http://www.zonadeavituallamiento.es/images/Postobon19(2).jpg;
MAPEI;2002;;;;x;;Tour;https://lakarra.net/wp-content/uploads/2019/12/musette-2002-coca-cola-tdf-mapei.jpg;
Mapei-Bricobi;1998;;;;x;;;https://lakarra.net/wp-content/uploads/2019/12/musette-1998-mapei-bricobi.jpg;
Mapei-Clas;1994;Profesional;;;x;;;http://www.avesdeburgos.com/ciclismo/images/Mapei-Clas94.jpg;
Mapei-GB;1996;TT I;;;x;;;http://www.zonadeavituallamiento.es/images/Mapei-GB97.jpg;
Mapei-GB;1997;TT I;;;Dark blue mapei;;;http://www.avesdeburgos.com/ciclismo/images/Mapei-GB.jpg;
Mapei-Quick Step;2000;TT I;;;x;;;http://www.avesdeburgos.com/ciclismo/images/Mapei2000.jpg;
Mapei-Quick Step;2001;TT I;;;x;;;http://www.zonadeavituallamiento.es/images/Mapei01.jpg;
Mapei-Quick Step;2002;TT I;;;x;;;http://www.avesdeburgos.com/ciclismo/images/Mapei02.jpg;
Marco Polo Cycling Team;2005;UCI Asia Tour Continental;;;;;;http://www.zonadeavituallamiento.es/images/Enervit.jpg;
Marc-Zeepcentrale-Superia;1978-1979;Profesional;;;x;;;http://www.zonadeavituallamiento.es/images/Marc-Superia.jpg;
Marie Morin;2017;;;;x;;;https://lakarra.net/wp-content/uploads/2019/12/musette-2017-cotes-d-armor-maire-morin.jpg;
Marie Morin;2018;;Same as previous year;;x;;;https://www.facebook.com/photo/?fbid=2047169832238300&set=a.2020848098203807;
Marlux-Bingoal;2018;UCI Europa Tour Continental;;;x;;;http://www.zonadeavituallamiento.es/images/Marlux18.jpg;
Marlux-Napoleon Games Cycling Team;2016;UCI Europa Tour Continental;;;x;;;http://www.zonadeavituallamiento.es/images/Marlux16(a).jpg;http://www.zonadeavituallamiento.es/images/Marlux16(b).jpg
Marlux-Napoleon Games Cycling Team;2016;UCI Europa Tour Continental;;;x;;;http://www.zonadeavituallamiento.es/images/Marlux1617.jpg;
Marlux-Napoleon Games Cycling Team;2017;UCI Europa Tour Continental;Same as previous year;;x;;;http://www.zonadeavituallamiento.es/images/Marlux1617.jpg;
Marlux-Ville de Charleroi;2002;TT II;;;x;;;http://www.avesdeburgos.com/ciclismo/images/Marlux02.jpg;
Marlux-Ville de Charleroi;2002;TT II;;;x;;;http://www.zonadeavituallamiento.es/images/Marlux(2).jpg;
Marlux-Wincor Nixdorf;2003;TT II;;;x;;;http://www.avesdeburgos.com/ciclismo/images/Marlux03.jpg;
MAT Atom;2024;;Same as previous year;;x;;;mat_atom_23;
Mat Atom Wroclaw;2023;;;;x;;;mat_atom_23;
Matrix Powertag;2019;UCI Asia Tour Continental;;;;;;http://www.zonadeavituallamiento.es/images/Meitan19.jpg;
Max Success Sports;2009;UCI Asia Tour Continental;;;;;;http://www.zonadeavituallamiento.es/images/Champion-System09.jpg;
Mazowse;2020;;;;x;;;https://lakarra.net/wp-content/uploads/2021/02/musette-2020-wazowsze.jpeg;
Mazowse;2021;;;;Enervit;;;https://lakarra.net/wp-content/uploads/2022/01/musette-2021-mazowsze-enervit.jpeg;
Mazowse;2023;;;;Bialini;;;mazowse_23;
Medellín;2018;UCI América Tour Continental;;;x;;;http://www.zonadeavituallamiento.es/images/Medellin17(1).jpg;
Medellín-Inder;2017;UCI América Tour Continental;;;x;;;http://www.zonadeavituallamiento.es/images/Medellin17(2).jpg;
Meitan;2019;;;;x;;;meitan_19;
Meitan Hompo-GDR;2008;UCI Asia Tour Continental;;;x;;;http://www.zonadeavituallamiento.es/images/Meitan08(a).jpg;http://www.zonadeavituallamiento.es/images/Meitan08(b).jpg
MemoryCard-Jack&Jones;2000;TT I;;;x;;;http://www.avesdeburgos.com/ciclismo/images/MemoryCard2000.jpg;
Mercatone Bonfanti;2014;;;;x;;;https://lakarra.net/wp-content/uploads/2019/12/musette-bonfanti-wielerkleding.jpg;
Mercatone Uno;2002;;;;x;;;https://lakarra.net/wp-content/uploads/2019/12/musette-2002-mercatone-uno.jpg;
Mercatone Uno;--;TT I;;;x;;;http://www.zonadeavituallamiento.es/images/MercatoneUno.jpg;
Mercatone Uno-Albacom;2000;;;;Albacom & Wega;;;https://lakarra.net/wp-content/uploads/2019/12/musette-2000-mercatone-uno-albacom.jpg;
Mercatone Uno-Bianchi;1998;TT I;;;Bianchi middle;;;http://www.avesdeburgos.com/ciclismo/images/MercatoneUno98.jpg;
Mercatone Uno-Bianchi;1999;TT I;;;x;;;http://www.avesdeburgos.com/ciclismo/images/MercatoneUno-Bianchi.jpg;
Mercatone Uno-Medeghini-Juvenes SMR;1994;Profesional;;;x;;;http://www.zonadeavituallamiento.es/images/MercatoneUno94.jpg;
Mercatone Uno-Medeghini-Zucchini;1993;Profesional;Same as previous year;;x;;;http://www.avesdeburgos.com/ciclismo/images/MercatoneUno(a).jpg;http://www.avesdeburgos.com/ciclismo/images/MercatoneUno(b).jpg
Mercatone Uno-Saeco-Magniflex;1995;Profesional;;;x;;;http://www.zonadeavituallamiento.es/images/MercatoneUno-Saeco95.jpg;
Mercatone Uno-Scanavino;2003;TT II;;;Scanavino middle;;;http://www.zonadeavituallamiento.es/images/MercatoneUno03.jpg;
Mercatone Uno-Stream TV-Bialetti;2001;TT I;;;Stream TV middle;;;http://www.avesdeburgos.com/ciclismo/images/MercatoneUno01.jpg;
Mercatone Uno-Wega;1997;TT II;;;x;;;http://www.avesdeburgos.com/ciclismo/images/MercatoneUno97(1).jpg;
Mercatone Uno-Wega;1997;TT II;;;x;;;http://www.avesdeburgos.com/ciclismo/images/MercatoneUno97(2).jpg;
Mercatone Uno-Zucchini-Juvenes SMR;1992;Profesional;;;x;;;http://www.avesdeburgos.com/ciclismo/images/MercatoneUno(a).jpg;http://www.avesdeburgos.com/ciclismo/images/MercatoneUno(b).jpg
Mercier-Coop;1982;Profesional;Same as previous year;;x;;;http://www.zonadeavituallamiento.es/images/Miko-Mercier.jpg;
Meridiana Kamen Team;2010;UCI Europa Tour Continental;;;;;;http://www.zonadeavituallamiento.es/images/High5-10.jpg;
Metec Cycling Team;2009;Elite-Sub23;;;x;;;http://www.zonadeavituallamiento.es/images/Metec.jpg;
Metec Cycling Team;2010;Elite-Sub23;Same as previous year;;x;;;http://www.zonadeavituallamiento.es/images/Metec.jpg;
Metec Cycling Team;2011;Elite-Sub23;;;x;;;http://www.zonadeavituallamiento.es/images/Metec11(a).jpg;http://www.zonadeavituallamiento.es/images/Metec11(b).jpg
Metec Solarwatt;2019;;;;x;;;https://lakarra.net/wp-content/uploads/2020/04/musette-2019-win2-metec.jpg;
Metec Solarwatt;2021;;;;x;;;https://lakarra.net/wp-content/uploads/2022/01/musette-2021-metec-mantel-solarwatt.jpeg;
Metec Solarwatt;2022;;Same as previous year;;;;;https://lakarra.net/wp-content/uploads/2023/01/musette-2022-metec-mantel-solarwatt.jpeg;
Metec Solarwatt;2023;;Same as previous year;;;;;https://lakarra.net/wp-content/uploads/2023/01/musette-2022-metec-mantel-solarwatt.jpeg;
Metec Solarwatt;2024;;Same as previous year;;x;;;https://lakarra.net/wp-content/uploads/2023/01/musette-2022-metec-mantel-solarwatt.jpeg;
Mexico;2012;;;;;;;https://lakarra.net/wp-content/uploads/2019/12/musette-2012-federacion-mexicana-ciclismo-mexico.jpg;https://lakarra.net/wp-content/uploads/2019/12/musette-2012-federacion-mexicana-ciclismo-mexico-trasera.jpg
MG Boys Maglificio-Technogym;1995;Profesional;;;x;;;http://www.avesdeburgos.com/ciclismo/images/MG.jpg;
MG Boys Maglificio-Technogym;1996;TT I;Same as previous year;;x;;;http://www.avesdeburgos.com/ciclismo/images/MG.jpg;
MG Boys Maglificio-Technogym;1997;TT I;;;x;;;http://www.zonadeavituallamiento.es/images/MG(2).jpg;
MG.KVIS-Vega;2014;UCI Europa Tour Continental;;;x;;;http://www.zonadeavituallamiento.es/images/MG-KVIS14.jpg;
MG.KVIS-Vega;2015;UCI Europa Tour Continental;;;x;;;http://www.zonadeavituallamiento.es/images/Biemme15.jpg;
MG.KVIS-Vega;2015;UCI Europa Tour Continental;;;x;;;http://www.zonadeavituallamiento.es/images/MG-KVIS15.jpg;
Miche;2004;TT II;;;x;;;http://www.avesdeburgos.com/ciclismo/images/Miche06.jpg;
Miche;2005;UCI Europa Tour Continental Profesional;Same as previous year;;x;;;http://www.avesdeburgos.com/ciclismo/images/Miche06.jpg;
Miche;2006;UCI Europa Tour Continental Profesional;Same as previous year;;x;;;http://www.avesdeburgos.com/ciclismo/images/Miche06.jpg;
Miche;2010;UCI Europa Tour Continental;;;x;;;http://www.zonadeavituallamiento.es/images/Miche10.jpg;
Miche-Guerciotti;2011;UCI Europa Tour Continental;;;x;;;http://www.zonadeavituallamiento.es/images/Miche11.jpg;
Miche-Silver Cross;2008;UCI Europa Tour Continental;;;x;;;http://www.zonadeavituallamiento.es/images/Miche08.jpg;
Miche-Silver Cross-Selle Italia;2009;UCI Europa Tour Continental;Same as previous year;;x;;;http://www.zonadeavituallamiento.es/images/Miche08.jpg;
Miko-Mercier;1981;Profesional;;;x;;;http://www.zonadeavituallamiento.es/images/Miko-Mercier.jpg;
Milaneza-Maia;2004;TT I;;;x;;;http://www.zonadeavituallamiento.es/images/Maia(2).jpg;
Milaneza-Maia;2005;UCI Europa Tour Continental;Same as previous year;;x;;;http://www.zonadeavituallamiento.es/images/Maia(2).jpg;
MILLE;2014;;;;;;;https://lakarra.net/wp-content/uploads/2019/12/musette-2014-mille-suiza.jpg;
Minerva;2022;;;;x;;;https://lakarra.net/wp-content/uploads/2023/01/musette-2022-minerva-saby.jpeg;
Mini-Flat-Isoglass;1989;Profesional;;;x;;;http://www.zonadeavituallamiento.es/images/Mini-Flat89.jpg;
Mini-Flat-VDB-Pirelli;1979;Profesional;;;x;;;http://www.zonadeavituallamiento.es/images/Mini-Flat79.jpg;
Miranda Mortagua;2018;;;;x;;;https://lakarra.net/wp-content/uploads/2019/12/musette-2018-miranda-mortagua-blackjack.jpg;
Miranda Mortagua;2019;;;;Single logo bottom;;;https://lakarra.net/wp-content/uploads/2020/04/musette-2019-miranda-mortagua-2.jpg;
Miranda-Mortágua;2018;UCI Europa Tour Continental;;;Small logos bottom;;;http://www.zonadeavituallamiento.es/images/Miranda18.jpg;
Mitchelton-BikeExchange;2018;;;;x;;;https://lakarra.net/wp-content/uploads/2019/12/musette-2018-mitchelton-bike-continental.jpg;
Mitchelton-Scott;2018;UCI WorldTour;;;x;;;http://www.zonadeavituallamiento.es/images/Mitchelton-Scott18.jpg;
Mitchelton-Scott;2019;UCI WorldTour;;;x;;;http://www.zonadeavituallamiento.es/images/Mitchelton-Scott19.jpg;
Mitchelton-Scott;2020;;;;x;;Vuelta;https://lakarra.net/wp-content/uploads/2021/02/musette-2020-mitchelton-scott-vuelta.jpeg;
Mitchelton-Scott;2020;UCI WorldTour;Same as previous year;;x;;;http://www.zonadeavituallamiento.es/images/Mitchelton-Scott1920.jpg;
Mitsubishi-Jartazi;2008;UCI Europa Tour Continental Profesional;;;x;;;http://www.zonadeavituallamiento.es/images/Jartazi08.jpg;
Mobilvetta Design/Formaggi Trentini;2001;;;;x;;;https://lakarra.net/wp-content/uploads/2019/12/musette-2001-mobilvetta-01.jpg;
Mobilvetta Design/Formaggi Trentini;2002;;;;x;;;https://lakarra.net/wp-content/uploads/2019/12/musette-2002-mobilvetta.jpg;
Mobilvetta Design/Rossin;2000;TT II;;;x;;;http://www.avesdeburgos.com/ciclismo/images/Mobilvetta-Rossin2000.jpg;
Mobilvetta Design-NorthWave;1998;TT II;;;x;;;http://www.zonadeavituallamiento.es/images/Mobilvetta-Northwave99.jpg;
Mobilvetta Design-NorthWave;1999;TT II;;;x;;;http://www.avesdeburgos.com/ciclismo/images/Mobilvetta.jpg;
Model sports;1994;;;;x;;;https://lakarra.net/wp-content/uploads/2019/12/musette-1994-deportpublic-model-sports-azul.jpg;
Model sports;1993;;;;x;;;https://lakarra.net/wp-content/uploads/2019/12/musette-1993-deportpublic-model-sports-blanco.jpg;
Monzon;2021;;;;;;;monzon_21;
Mosoca Galli;1988;;;;;;;https://lakarra.net/wp-content/uploads/2020/07/musette-1988-isoglass-mosoca-galli.jpeg;
Motorola;1991;Profesional;;;x;;;http://www.avesdeburgos.com/ciclismo/images/Motorola(a).jpg;http://www.avesdeburgos.com/ciclismo/images/Motorola(b).jpg
Motorola;1991;Profesional;;;x;;;https://lakarra.net/wp-content/uploads/2019/12/musette-1991-motorola-giordana.jpg;
Motorola;1992;Profesional;;;x;;;http://www.avesdeburgos.com/ciclismo/images/Motorola92.jpg;
Motorola;1993;Profesional;Same as previous year;;x;;;http://www.avesdeburgos.com/ciclismo/images/Motorola92.jpg;
Motorola;1994;Profesional;;;x;;;http://www.zonadeavituallamiento.es/images/Motorola2(a).jpg;http://www.zonadeavituallamiento.es/images/Motorola2(b).jpg
Motorola;1995;Profesional;;;x;;;http://www.avesdeburgos.com/ciclismo/images/Motorola95(a).jpg;http://www.avesdeburgos.com/ciclismo/images/Motorola95(b).jpg
Motorola;1996;Profesional;Same as previous year;;x;;;http://www.avesdeburgos.com/ciclismo/images/Motorola95(a).jpg;http://www.avesdeburgos.com/ciclismo/images/Motorola95(b).jpg
Motorpoint-Marshalls Pasta;2010;UCI Europa Tour Continental;;;x;;;http://www.zonadeavituallamiento.es/images/Motorpoint10.jpg;
Movistar;2024;UCI WorldTeam;;;x;x;;movistar_24;
Movistar Team;2011;UCI WorldTour;;;x;;;http://www.zonadeavituallamiento.es/images/Movistar11(2).jpg;
Movistar Team;2011;UCI WorldTour;;;White line on top;;;http://www.zonadeavituallamiento.es/images/Movistar11.jpg;
Movistar Team;2012;UCI WorldTour;;;x;;;http://www.zonadeavituallamiento.es/images/Movistar12.jpg;
Movistar Team;2013;UCI WorldTour;;;Darker blue;;;http://www.zonadeavituallamiento.es/images/Movistar13.jpg;
Movistar Team;2014;UCI WorldTour;;;x;;;http://www.zonadeavituallamiento.es/images/Movistar14.jpg;
Movistar Team;2015;UCI WorldTour;Same as previous year;;x;;;http://www.zonadeavituallamiento.es/images/Movistar15.jpg;
Movistar Team;2016;UCI WorldTour;;;x;;;http://www.zonadeavituallamiento.es/images/Movistar16.jpg;
Movistar Team;2017;UCI WorldTour;;;Centered movistar;;;http://www.zonadeavituallamiento.es/images/Movistar17.jpg;
Movistar Team;2018;UCI WorldTour;;;x;;;http://www.zonadeavituallamiento.es/images/Movistar18.jpg;
Movistar Team;2019;UCI WorldTour;;;Abarca 40 bottom right;;;http://www.zonadeavituallamiento.es/images/Movistar19.jpg;
Movistar Team;2020;UCI WorldTour;;;x;;;http://www.zonadeavituallamiento.es/images/Movistar20.jpg;
Movistar Team;2021;UCI WorldTeam;Same as previous year;;x;;;http://www.zonadeavituallamiento.es/images/Movistar2021.jpg;
Movistar Team;2022;UCI WorldTeam;;;x;;;http://www.zonadeavituallamiento.es/images/Movistar22.jpg;
Movistar Team;2023;UCI WorldTeam;;;x;;;http://www.zonadeavituallamiento.es/images/Movistar23(a).jpg;http://www.zonadeavituallamiento.es/images/Movistar23(b).jpg
Movistar Team Women;2019;UCI Equipo Femenino;;;x;;;http://www.zonadeavituallamiento.es/images/Movistar18.jpg;
MrBookmaker.com-Palmans;2004;TT I;;;x;;;http://www.avesdeburgos.com/ciclismo/images/VermarcAzul.jpg;
MrBookmaker-Sports Tech;2005;UCI Europa Tour Continental Profesional;Same as previous year;;x;;;http://www.avesdeburgos.com/ciclismo/images/VermarcAzul.jpg;
Mroz Continental Team;2009;UCI Europa Tousr Continental;;;;;;http://www.zonadeavituallamiento.es/images/BankBGZ.jpg;
Mstina;2023;;;;;;;mstina_23;
Mstina Focus;2018;;;;x;;;mstina_18;
Mstina Focus;2018;;;;x;;;https://lakarra.net/wp-content/uploads/2019/12/musette-2018-mstina-focus.jpg;
MTN Energade;2008;UCI Africa Tour Continental;;;Yellow cycling;;;http://www.zonadeavituallamiento.es/images/MTN08.jpg;
MTN Qhubeka;2012;UCI Africa Tour Continental;;;White cycling;;;http://www.zonadeavituallamiento.es/images/MTN12.jpg;
MTN- Qhubeka;2013;UCI Africa Tour Continental;;;White cycling;;;http://www.zonadeavituallamiento.es/images/MTN12.jpg;
MTN- Qhubeka;2013;UCI Africa Tour Continental;;;x;;;http://www.zonadeavituallamiento.es/images/MTN13.jpg;
MTN- Qhubeka;2014;UCI Africa Tour Continental Profesional;Same as previous year;;x;;;http://www.zonadeavituallamiento.es/images/MTN13.jpg;
MTN- Qhubeka;2014;UCI Africa Tour Continental Profesional;;;x;;;http://www.zonadeavituallamiento.es/images/MTN14.jpg;
MTN- Qhubeka;2015;UCI Africa Tour Continental Profesional;;;x;;;http://www.zonadeavituallamiento.es/images/MTN15.jpg;
Muller-Rothmayr;1988;Profesional;;;x;;;http://www.avesdeburgos.com/ciclismo/images/Muller88.jpg;
Murella-Fanini-Alan;1986;Profesional;;;x;;;http://www.avesdeburgos.com/ciclismo/images/Murella-Fanini.jpg;
Mutua Levante-Cafemax;2011;Elite-Sub23;;;x;;;http://www.zonadeavituallamiento.es/images/MutuaLevante-Cafemax(a).jpg;http://www.zonadeavituallamiento.es/images/MutuaLevante-Cafemax(b).jpg
Mutua Levante-Cafemax;2012;Elite-Sub23;Same as previous year;;x;;;http://www.zonadeavituallamiento.es/images/MutuaLevante-Cafemax(a).jpg;http://www.zonadeavituallamiento.es/images/MutuaLevante-Cafemax(b).jpg
Mutua Levante-Delikia;2013;Elite-Sub23;Same as previous year;;x;;;http://www.zonadeavituallamiento.es/images/MutuaLevante-Cafemax(a).jpg;http://www.zonadeavituallamiento.es/images/MutuaLevante-Cafemax(b).jpg
Mutuelle de Seine et Marne;1995;TT II;;;x;;;http://www.avesdeburgos.com/ciclismo/images/Mutuelle.jpg;
Mx-Onda;1996;;;;x;;;https://lakarra.net/wp-content/uploads/2019/12/musette-1996-mx-onda-born-01.jpg;
Mx-Onda;1996;TT II;;;x;;;http://www.zonadeavituallamiento.es/images/Mx-Onda96.jpg;
MyBike Stevens;2019;;;;x;;;mybike_19;
Nankang-Fondriest;2014;UCI Europa Tour Continental;;;;;;http://www.zonadeavituallamiento.es/images/Flaminia13.jpg;
Nantes Atlantiques;2022;;;;x;;;nantes_22;
Natura4ever-Roubaix-Lille Métropole;2019;UCI Europa Tour Continental;Same as previous year;;x;;;http://www.zonadeavituallamiento.es/images/Roubaix18.jpg;
Natura4ever-Roubaix-Lille Métropole;2020;UCI Europa Tour Continental;Same as previous year;;x;;;http://www.zonadeavituallamiento.es/images/Roubaix18.jpg;
Naturino-Sapore di mare;2005;UCI Europa Tour Continental Profesional;;;x;;;http://www.avesdeburgos.com/ciclismo/images/Naturino05.jpg;
Naturino-Sapore di mare;2006;UCI Europa Tour Continental Profesional;;;x;;;http://www.avesdeburgos.com/ciclismo/images/Naturino06.jpg;
Navigare - Blue Storn;1993;;;;CSF Inox bottom;;;https://lakarra.net/wp-content/uploads/2019/12/musette-1993-navigare-blue-storm-csf.jpg;
Navigare - Blue Storn;1995;;;;Selle Italia bottom;;;https://lakarra.net/wp-content/uploads/2019/12/musette-1995-navigare-blue-storm.jpg;
Navigators Insurance Cycling Team;2005;UCI América Tour Continental Profesional;;;x;;;http://www.avesdeburgos.com/ciclismo/images/Canada05.jpg;
Nederland bloeit;2010;;;;x;;;https://lakarra.net/wp-content/uploads/2019/12/musette-2010-nederland-bloeit.jpg;
Neri Sottoli;2014;UCI Europa Tour Continental Profesional;;;x;;;http://www.zonadeavituallamiento.es/images/Neri14.jpg;
NFTO;2014;UCI Europa Tour Continental;;;x;;;http://www.zonadeavituallamiento.es/images/NFTO14(a).jpg;http://www.zonadeavituallamiento.es/images/NFTO14(b).jpg
NFTO;2015;UCI Europa Tour Continental;Same as previous year;;x;;;http://www.zonadeavituallamiento.es/images/NFTO14(a).jpg;http://www.zonadeavituallamiento.es/images/NFTO14(b).jpg
NFTO;2016;UCI Europa Tour Continental;;;x;;;nfto_16;
NGC Medical-OTC Industria Porte;2008;UCI Europa Tour Continental Profesional;;;;;;http://www.zonadeavituallamiento.es/images/OTC08.jpg;
Nikon-Van Schilt-Elro-Colnago;1985;Profesional;;;x;;;http://www.zonadeavituallamiento.es/images/Peak.jpg;
Nippo Corporation-Meitan Hompo Co. Ltd-Asada;2007;UCI Asia Tour Continental;;;x;;;http://www.zonadeavituallamiento.es/images/Meitan08.jpg;
Nippo Delko Provence;2020;UCI Europa Tour Continental Profesional;;;x;;;http://www.zonadeavituallamiento.es/images/Delko-Nippo20.jpg;
Nippo-Vini Fantini;2015;UCI Europa Tour Continental Profesional;;;x;;;http://www.zonadeavituallamiento.es/images/Nippo15(1).jpg;
Nippo-Vini Fantini;2015;UCI Europa Tour Continental Profesional;;;Ale top right;;;http://www.zonadeavituallamiento.es/images/Nippo15(2).jpg;
Nippo-Vini Fantini;2016;UCI Europa Tour Continental Profesional;;;x;;;http://www.zonadeavituallamiento.es/images/ViniFantini16(1).jpg;
Nippo-Vini Fantini;2016;UCI Europa Tour Continental Profesional;;;Nippo on white;;;http://www.zonadeavituallamiento.es/images/ViniFantini16(2).jpg;
Nippo-Vini Fantini;2017;UCI Europa Tour Continental Profesional;;;Mstina on orange top left;;;http://www.zonadeavituallamiento.es/images/ViniFantini17.jpg;
Nippo-Vini Fantini-Europa Ovini;2018;UCI Europa Tour Continental Profesional;;;x;;;http://www.zonadeavituallamiento.es/images/ViniFantini18.jpg;
Nippo-Vini Fantini-Faizane';2019;UCI Europa Tour Continental Profesional;;;x;;;http://www.zonadeavituallamiento.es/images/ViniFantini19.jpg;
Norway;2014;Nation;;;x;;;https://lakarra.net/wp-content/uploads/2019/12/musette-2014-noruega-nor.jpg;
Norway;2015;Nation;Same as previous year;;x;;;https://www.facebook.com/photo/?fbid=2316599341962013&set=a.2316598321962115;
Norway;2017;;;;x;;;norway_17;
Norway;2022;Nation;Same as previous year;;x;;;https://www.facebook.com/photo/?fbid=3140466592908613&set=a.3077362349219038;
Norway;;Nation;;;x;;;norway;
Novodieta;2000;;;;;;;https://lakarra.net/wp-content/uploads/2019/12/musette-2000-relax-novodieta.jpg;
Novostil-Helios;1979;Profesional;;;x;;;http://www.zonadeavituallamiento.es/images/Novostil-Helios79.jpg;
NTT Pro Cycling;2020;UCI WorldTour;;;Square format;;;http://www.zonadeavituallamiento.es/images/NTT20(2).jpg;
NTT Pro Cycling;2020;UCI WorldTour;;;x;;;http://www.zonadeavituallamiento.es/images/NTT20.jpg;
NURNBERGER;1999;;;;;;;https://lakarra.net/wp-content/uploads/2019/12/musette-1999-nurnberger.jpg;
Nutrixxion Abus;2013;UCI Europa Tour Continental;;;CCN bottom right;;;http://www.zonadeavituallamiento.es/images/Nutrixxion13.jpg;
Nutrixxion Sparkasse;2011;UCI Europa Tour Continental;Same as previous year;;x;;;http://www.zonadeavituallamiento.es/images/Nutrixxion09.jpg;
Oceane T16;2019;;Same as previous year;;x;;;https://www.facebook.com/photo/?fbid=2369761503312463&set=a.2228225577466057;
Oceane T16;2018;;;;x;;;ocean_18;
OFM-Quinta da Lixa;2013;UCI Europa Tour Continental;;;x;;;http://www.zonadeavituallamiento.es/images/OFM13(a).jpg;http://www.zonadeavituallamiento.es/images/OFM13(b).jpg
OFM-Quinta da Lixa;2014;UCI Europa Tour Continental;;;x;;;http://www.zonadeavituallamiento.es/images/OFM14(2).jpg;
OFM-Quinta da Lixa;2014;UCI Europa Tour Continental;;;x;;;http://www.zonadeavituallamiento.es/images/OFM14.jpg;
OFM-Quinta da Lixa;;;;;;;;ofm;
Old Lord's-Splendor-KSB;1978;Profesional;;;x;;;http://www.zonadeavituallamiento.es/images/Old-Splendor78.jpg;
Olympic Games Rio;2016;Race;;;;;;https://lakarra.net/wp-content/uploads/2019/12/musette-2016-rio-olympic-games.jpg;
Omega Pharma-Lotto;2010;UCI ProTour;;;x;;;http://www.zonadeavituallamiento.es/images/Lotto10.jpg;
Omega Pharma-Lotto;2011;UCI WorldTour;Same as previous year;;x;;;http://www.zonadeavituallamiento.es/images/Lotto11.jpg;
Omega Pharma-Quick-Step;2012;UCI WorldTour;;;x;;;http://www.zonadeavituallamiento.es/images/Omega-QS12.jpg;
Omega Pharma-Quick-Step Cycling Team;2013;UCI WorldTour;;;Specialized bottom left;;;http://www.zonadeavituallamiento.es/images/Omega-QS13.jpg;
Omega Pharma-Quick-Step Cycling Team;2014;UCI WorldTour;;;x;;;http://www.zonadeavituallamiento.es/images/Omega-QS14.jpg;
ONCE;1991;Profesional;;;Light yellow;;;http://www.zonadeavituallamiento.es/images/ONCE(2).jpg;
ONCE;1992;Profesional;;;Dark Yello;;;http://www.zonadeavituallamiento.es/images/ONCE(3).jpg;
ONCE;1994;Profesional;;;Solan de Cabras bottom middle;;;http://www.zonadeavituallamiento.es/images/ONCE94.jpg;
ONCE;1995;Profesional;;;Mavic bottom middle;;;http://www.zonadeavituallamiento.es/images/ONCE95.jpg;
ONCE;1996;TT I;;;Same as previous year;;;http://www.zonadeavituallamiento.es/images/ONCE95.jpg;
ONCE;1997;;;;x;;Tour;https://lakarra.net/wp-content/uploads/2019/12/musette-1997-coca-cola-tdf-once.jpg;
ONCE-Deutsche Bank;1999;TT I;;;x;;;http://www.zonadeavituallamiento.es/images/ONCE.jpg;
ONCE-Deutsche Bank;2000;TT I;;;Same as previous year;;;http://www.zonadeavituallamiento.es/images/ONCE.jpg;
ONCE-Eroski;2001;;;;Giordana middle;;;https://lakarra.net/wp-content/uploads/2019/12/musette-2001-once-giordana.jpg;
ONCE-Eroski;2001;;;;x;;Tour;https://lakarra.net/wp-content/uploads/2019/12/musette-2001-TDF-once-eroski-01.jpg;
ONCE-Eroski;2002;TT I;;;x;;;http://www.avesdeburgos.com/ciclismo/images/Once-Eroski03.jpg;
ONCE-Eroski;2003;;;;x;;;https://lakarra.net/wp-content/uploads/2019/12/musette-2003-once.jpg;
ONCE-Eroski;2003;TT I;Same as previous year;;x;;;http://www.avesdeburgos.com/ciclismo/images/Once-Eroski03.jpg;
Onda;2012;UCI Europa Tour Continental;;;Logo left to onda;;;http://www.zonadeavituallamiento.es/images/Onda1213(a).jpg;http://www.zonadeavituallamiento.es/images/Onda1213(b).jpg
Onda Boavista;2011;UCI Europa Tour Continental;;;Logo on top of onda;;;http://www.zonadeavituallamiento.es/images/Onda11(a).jpg;http://www.zonadeavituallamiento.es/images/Onda11(b).jpg
ONE Pro Cycling;2016;UCI Europa Tour Continental Profesional;;;x;;;http://www.zonadeavituallamiento.es/images/ONE16(a).jpg;http://www.zonadeavituallamiento.es/images/ONE16(b).jpg
ONE Pro Cycling;2016;UCI Europa Tour Continental Profesional;;;x;;;http://www.zonadeavituallamiento.es/images/Rapha16.jpg;
ONE Pro Cycling;2017;UCI Europa Tour Continental Profesional;Same as previous year;;x;;;http://www.zonadeavituallamiento.es/images/ONE16(a).jpg;http://www.zonadeavituallamiento.es/images/ONE16(b).jpg
ONE Pro Cycling;2018;UCI Europa Tour Continental Profesional;;;x;;;https://lakarra.net/wp-content/uploads/2019/12/musette-2018-one-pro-aston-martin.jpg;
Optum P/B Kelly Benefit Strategies;2013;UCI America Tour Continental;;;x;;;http://www.zonadeavituallamiento.es/images/Chamois-Buttr13.jpg;
Optum P/B Kelly Benefit Strategies;2013;UCI America Tour Continental;;;x;;;http://www.zonadeavituallamiento.es/images/Champion-System13.jpg;
Optum P/B Kelly Benefit Strategies;2013;UCI America Tour Continental;;;x;;;http://www.zonadeavituallamiento.es/images/Giordana13.jpg;
Optum P/B Kelly Benefit Strategies;2013;UCI America Tour Continental;;;x;;;http://www.zonadeavituallamiento.es/images/USA-ProCycling11(a).jpg;http://www.zonadeavituallamiento.es/images/USA-ProCycling11(b).jpg
Optum P/B Kelly Benefit Strategies;2013;;;;x;;;https://lakarra.net/wp-content/uploads/2019/12/musette-2013-optum.jpg;
Optum P/B Kelly Benefit Strategies;2015;UCI America Tour Continental;;;x;;;http://www.zonadeavituallamiento.es/images/Optum15.jpg;
Optum P/B Kelly Benefit Strategies;?;;;;x;;;kelly2;
Ora Hotels Carrera;2011;UCI Europa Tour Continental;;;x;;;http://www.zonadeavituallamiento.es/images/Tecnofilm.jpg;
Orbea;1984;;;;x;;;https://lakarra.net/wp-content/uploads/2019/12/musette-1984-orbea-danena.jpg;
Orbea;2005;UCI Europa Tour Continental;;;x;;;http://www.avesdeburgos.com/ciclismo/images/Orbea0506.jpg;
Orbea;2006;UCI Europa Tour Continental;Same as previous year;;x;;;http://www.avesdeburgos.com/ciclismo/images/Orbea0506.jpg;
Orbea;2007;UCI Europa Tour Continental;Same as previous year;;x;;;http://www.avesdeburgos.com/ciclismo/images/Orbea0506.jpg;
Orbea;2008;UCI Europa Tour Continental;Same as previous year;;x;;;http://www.avesdeburgos.com/ciclismo/images/Orbea0506.jpg;
Orbea;2009;UCI Europa Tour Continental;Same as previous year;;x;;;http://www.avesdeburgos.com/ciclismo/images/Orbea0506.jpg;
Orbea;2010;UCI Europa Tour Continental;Same as previous year;;x;;;http://www.avesdeburgos.com/ciclismo/images/Orbea0506.jpg;
Orbea Continental;2011;UCI Europa Tour Continental;Same as previous year;;x;;;http://www.avesdeburgos.com/ciclismo/images/Orbea0506.jpg;
Orbea Continental;2012;UCI Europa Tour Continental;Same as previous year;;x;;;http://www.avesdeburgos.com/ciclismo/images/Orbea0506.jpg;
Orica BikeExchange;2016;UCI WorldTour;Same as previous year;;x;;;http://www.zonadeavituallamiento.es/images/Orica14(2).jpg;
Orica GreenEdge;2013;UCI WorldTour;;;x;;;http://www.zonadeavituallamiento.es/images/Orica13.jpg;
Orica GreenEdge;2014;UCI WorldTour;;;x;;;http://www.zonadeavituallamiento.es/images/Orica14(1).jpg;
Orica GreenEdge;2014;UCI WorldTour;;;x;;;http://www.zonadeavituallamiento.es/images/Orica14(2).jpg;
Orica GreenEdge;2015;UCI WorldTour;Same as previous year;;x;;;http://www.zonadeavituallamiento.es/images/Orica14(2).jpg;
Orica-AIS;2014;UCI Equipo femenino;;;x;;;http://www.zonadeavituallamiento.es/images/Orica-AIS14.jpg;
Orica-Scott;2017;UCI WorldTour;;;x;;;http://www.zonadeavituallamiento.es/images/Orica-Scott17.jpg;
OTC Doors-Lauretana;2007;UCI Europa Tour Continental Profesional;;;x;;;http://www.avesdeburgos.com/ciclismo/images/OTC07.jpg;
OVAR OVERENSE;2003;;;;;;;https://lakarra.net/wp-content/uploads/2019/12/musette-2003-ovar-overense.jpg;
Palmans Cras;2008;;;;x;;;https://lakarra.net/wp-content/uploads/2020/12/musette-2008-palmans-cras.jpeg;
Palmans Cras;2010;UCI Europa Tour Continental;;;x;;;http://www.zonadeavituallamiento.es/images/Palmans-Cras10.jpg;
Palmeiras Resort/Prio;2009;UCI Europa Tour Continental;;;Tavira top left;;;http://www.zonadeavituallamiento.es/images/Palmeiras09.jpg;
Palmeiras Resort/Tavira;2008;UCI Europa Tour Continental;;;Skoda top left;;;http://www.zonadeavituallamiento.es/images/Palmeiras08.jpg;
Palmeiras Resort-Prio;2010;UCI Europa Tour Continental;;;x;;;http://www.zonadeavituallamiento.es/images/Palmeiras10.jpg;
Panaria-Vinavil;1996;TT I;;;x;;;http://www.zonadeavituallamiento.es/images/Panaria96.jpg;
Panasonic-Isostar-Colnago-Agu;1988;Profesional;;;No isostar top right;;;http://www.avesdeburgos.com/ciclismo/images/Panasonic90.jpg;
Panasonic-Isostar-Colnago-Agu;1989;Profesional;Same as previous year;;x;;;http://www.avesdeburgos.com/ciclismo/images/Panasonic90.jpg;
Panasonic-Merckx-Agu;1986;Profesional;;;x;;;http://www.avesdeburgos.com/ciclismo/images/Panasonic86.jpg;
Panasonic-Merckx-Agu;1987;Profesional;Same as previous year;;x;;;http://www.avesdeburgos.com/ciclismo/images/Panasonic86.jpg;
Panasonic-Raleigh;1984;;;;x;;;https://lakarra.net/wp-content/uploads/2019/12/musette-1984-isostar-panasonic-raleigh.jpg;https://lakarra.net/wp-content/uploads/2019/12/musette-1984-isostar-panasonic-raleigh-wander-sport.jpg
Panasonic-Sportlife;1990;Profesional;;;x;;;http://www.zonadeavituallamiento.es/images/Panasonic-Sportlife.jpg;
Parkhotel Valkenburg Continental Team;2015;UCI Europa Tour Continental;;;x;;;http://www.zonadeavituallamiento.es/images/Born15.jpg;
Parkhotel Valkenburg Continental Team;2016;UCI Europa Tour Continental;Same as previous year;;x;;;http://www.zonadeavituallamiento.es/images/Born16.jpg;
Parkhotel Valkenburg Continental Team;2018;;;;x;;;https://lakarra.net/wp-content/uploads/2019/12/musette-2018-parkhotel-valkenbourg-destil.jpg;
Paternina;1989;Profesional;;;x;;;http://www.avesdeburgos.com/ciclismo/images/Paternina89(a).jpg;http://www.avesdeburgos.com/ciclismo/images/Paternina89(b).jpg
Paternina-Costa de Almería;2003;TT II;;;x;;;https://lakarra.net/wp-content/uploads/2019/12/musette-2003-costa-almeria-paternina.jpg;
Paternina-Costa de Almería;2003;;;;x;;;https://lakarra.net/wp-content/uploads/2019/12/musette-2003-suprotina-paternina-costa-de-almeria.jpg;
Pauwels;2019;;;;x;;;https://lakarra.net/wp-content/uploads/2020/04/musette-2019-pauwels-sauzen-bingoal.jpg;
Pauwels;2020;;Same as previous year;;x;;;https://www.facebook.com/photo/?fbid=2681756708779606&set=a.2520039941617951;
Pauwels;2022;;;;x;;;https://lakarra.net/wp-content/uploads/2023/01/musette-2022-supq-nutrition-bingoal-pauwels.jpeg;
Pauwels;2022;;;;x;;;pauwels_22;
PC Plowman Cramen;2018;;;;x;;;https://lakarra.net/wp-content/uploads/2019/12/musette-2018-pc-plowman-craven.jpg;
PDM-Ultima-Concorde;1988;Profesional;;;x;;;http://www.avesdeburgos.com/ciclismo/images/PDM90.jpg;
PDM-Ultima-Concorde;1989;Profesional;;;x;;;http://www.zonadeavituallamiento.es/images/PDM.jpg;
PDM-Ultima-Concorde;1990;Profesional;Same as previous year;;x;;;http://www.zonadeavituallamiento.es/images/PDM.jpg;
Pepsi Cola Fanini;1987;;;;;;;https://lakarra.net/wp-content/uploads/2019/12/musette-1987-pepsi-cola-fanini.jpg;
Perutnina Ptuj;2005;UCI Europa Tour Continental;;;x;;;http://www.zonadeavituallamiento.es/images/Perutnina05(a).jpg;http://www.zonadeavituallamiento.es/images/Perutnina05(b).jpg
Perutnina Ptuj;2007;UCI Europa Tour Continental;Same as previous year;;x;;;http://www.zonadeavituallamiento.es/images/Perutnina07(a).jpg;http://www.zonadeavituallamiento.es/images/Perutnina07(b).jpg
Petit Casino;1996;TT II;;;x;;;http://www.zonadeavituallamiento.es/images/Petit-Casino96.jpg;
Petroleo de Colombia-Ecopetrol-Isa-FEN;1997;Profesional;;;x;;;http://www.zonadeavituallamiento.es/images/Ecopetrol97.jpg;
Petroli Firenze - Hoppla - Don Camillo;2021;Club;;;x;;;hoppla_21;
Peugeot;1972;;;;Peugeot on top;;;https://lakarra.net/wp-content/uploads/2020/05/musette-1972-peugeot.jpeg;
Peugeot-**;70s;Profesional;;;Peugeot bottom;;;http://www.avesdeburgos.com/ciclismo/images/Peugeot.jpg;
Peugeot-BP-Englebert;1963-1964;Profesional;;;Peugeot BP;;;http://www.zonadeavituallamiento.es/images/Peugeot-BP(a).jpg;http://www.zonadeavituallamiento.es/images/Peugeot-BP(b).jpg
Peugeot-Esso-Michelin;70s;Profesional;;;Esso left;;;http://www.avesdeburgos.com/ciclismo/images/Peugeot-Esso(a).jpg;http://www.avesdeburgos.com/ciclismo/images/Peugeot-Esso(b).jpg
Peugeot-Esso-Michelin;70s;Profesional;;;Centered Esso;;;http://www.zonadeavituallamiento.es/images/Peugeot-Esso2(a).jpg;http://www.zonadeavituallamiento.es/images/Peugeot-Esso2(b).jpg
Peugeot-Shell;1986;Profesional;;;x;;;http://www.zonadeavituallamiento.es/images/Peugeot-Shell(2).jpg;
Peugeot-Shell-Michelin;1984;Profesional;;;x;;;http://www.zonadeavituallamiento.es/images/Peugeot-Shell(a).jpg;http://www.zonadeavituallamiento.es/images/Peugeot-Shell(b).jpg
Pezula Racing;2008;UCI Europa Tour Continental;;;x;;;http://www.zonadeavituallamiento.es/images/Pezula08.jpg;
Philippe Wagner;2024;;;;x;x;;wagner_24;
Phonak Hearing Systems;2000;TT II;;;x;;;http://www.zonadeavituallamiento.es/images/Phonak(Castelli).jpg;
Phonak Hearing Systems;2002;TT I;;;x;;;http://www.avesdeburgos.com/ciclismo/images/Phonak03.jpg;
Phonak Hearing Systems;2003;TT I;Same as previous year;;x;;;http://www.avesdeburgos.com/ciclismo/images/Phonak03.jpg;
Phonak Hearing Systems;2004;TT I;;;Hearing systems bottom;;;http://www.avesdeburgos.com/ciclismo/images/Phonak04.jpg;
Phonak Hearing Systems;2005;Categoría;;;x;;;http://www.avesdeburgos.com/ciclismo/images/Phonak05.jpg;
Phonak Hearing Systems;2006;Categoría;;;Craft left;;;http://www.avesdeburgos.com/ciclismo/images/Phonak06.jpg;
Pierre Baguette;2024;;;;x;;;baguette_24;
Pierre Baguette;2024;;;;x;;;baguette_2;
Pierre Baguette;2024;;;;x;;;baguette_3;
Pinarello RT-CandiTV;2008;UCI Europa Tour Continental;;;;;;http://www.zonadeavituallamiento.es/images/Assos08(a).jpg;http://www.zonadeavituallamiento.es/images/Assos08(b).jpg
Pinarello RT-CandiTV;2008;UCI Europa Tour Continental;;;;;;http://www.zonadeavituallamiento.es/images/CandiTV08.jpg;
Pinturas banaka;2000;Club;;;x;;;https://lakarra.net/wp-content/uploads/2019/12/musette-2000-pinturas-banaka.jpg;
Pinturas banaka;1997;Club;;;x;;;https://lakarra.net/wp-content/uploads/2019/12/musette-1997-pinturas-banaka.jpg;
Plastimer-Costa de Almería;2014;Elite-Sub23;;;x;;;http://www.zonadeavituallamiento.es/images/Plastimer14.jpg;
Plowman craven;2018;;;;x;;;plowman_18;
Polartec Fundación Contador;2016;Elite-Sub23;;;x;;;http://www.zonadeavituallamiento.es/images/Polartec16.jpg;
Polartec Fundación Contador;2017;Elite-Sub23;;;x;;;https://lakarra.net/wp-content/uploads/2019/12/musette-2017-polartec-contador.jpg;
Polartec Kometa;2018;UCI Europa Tour Continental;;;x;;;http://www.zonadeavituallamiento.es/images/Polartec-Kometa18.jpg;
POLE T PALM LOTTO;2018;;;;;;;https://lakarra.net/wp-content/uploads/2019/12/musette-2018-pole-t-palm-lotto.jpg;
Polska;2013;Nation;;;x;;;https://lakarra.net/wp-content/uploads/2019/12/musette-2013-polska-dmtex-polonia.jpg;
Polska;2014;Nation;;;CCC middle;;;https://lakarra.net/wp-content/uploads/2019/12/musette-2014-ccc-polska-dmtex-polonia.jpg;
Polska;2016;Nation;Same as previous year;;x;;;https://lakarra.net/wp-content/uploads/2019/12/musette-2016-polska-ccc-dmtex.jpg;
Polska;2017;Nation;Same as previous year;;x;;;https://www.facebook.com/photo/?fbid=1925414654413819&set=a.1925413304413954;
Polska;2017;Nation;;;Orlen middle;;;https://lakarra.net/wp-content/uploads/2019/12/musette-2017-polska-ccc-orlen.jpg;
Polska;2021;Nation;;;x;;;poland_21;
Polti;1997;TT I;;;x;;;http://www.zonadeavituallamiento.es/images/Polti97.jpg;
Polti Kometa;2024;UCI ProTeam;;;x;x;;polti_24;
PORTA DA RAVESSA;1999;;;;;;;https://lakarra.net/wp-content/uploads/2019/12/musette-1999-porta-da-ravessa-milaneza.jpg;
PORTLAND IBERIA BAHAMONTES;1992;;;;;;;https://lakarra.net/wp-content/uploads/2020/12/musette-1992-Portland-Iberia-Bahamontes.jpeg;https://lakarra.net/wp-content/uploads/2020/12/musette-1992-Portland-Iberia-Bahamontes-trasera-hormigones-toledo.jpeg
Portugal;2012;Nation;;;x;;;https://lakarra.net/wp-content/uploads/2019/12/musette-2012-onda-portugal.jpg;
Portugal;2014;Nation;;;x;;;https://lakarra.net/wp-content/uploads/2019/12/musette-2014-portugal.jpg;
Portugal;2018;Nation;;;x;;;portugal_18;
Portugal;2019;Nation;;;x;;;https://lakarra.net/wp-content/uploads/2020/04/musette-2019-portugal.jpg;
Portugal;2023;Nation;;;x;;;portugal_23;
Post Swiss Team;1997;TT II;;;x;;;http://www.zonadeavituallamiento.es/images/Post-Swiss97.jpg;
Post Swiss Team;1998;TT II;;;x;;;http://www.avesdeburgos.com/ciclismo/images/Post-swiss.jpg;
Post Swiss Team;2000;TT II;;;x;;;http://www.avesdeburgos.com/ciclismo/images/Post-swiss01.jpg;
Post Swiss Team;2001;TT II;Same as previous year;;x;;;http://www.avesdeburgos.com/ciclismo/images/Post-swiss01.jpg;
Predictor-Lotto;2007;Categoría;;;x;;;http://www.avesdeburgos.com/ciclismo/images/Predictor-Lotto07.jpg;
Preti Mangimi-Prisma Stufe;2008;UCI Europa Tour Continental Profesional;;;x;;;http://www.zonadeavituallamiento.es/images/Preti-Mangimi08.jpg;
Previley Maglia Conforma Bembibre;2022;Elite-Sub23;;;;;;http://www.zonadeavituallamiento.es/images/Reino-Leon22.jpg;
Price Your Bike;2011;UCI Europa Tour Continental;Same as previous year;;x;;;http://www.zonadeavituallamiento.es/images/Price10.jpg;
Price-Custom Bikes;2010;UCI Europa Tour Continental;;;x;;;http://www.zonadeavituallamiento.es/images/Price10.jpg;
Pro Team Astana;2011;UCI WorldTour;;;x;;;http://www.zonadeavituallamiento.es/images/Astana11.jpg;
ProComm-Van Hemert;2006;UCI Europa Tour Continental;;;x;;;http://www.zonadeavituallamiento.es/images/VanHermet02(b).jpg;http://www.zonadeavituallamiento.es/images/VanHermet02(a).jpg
Project Echelon;2021;;;;x;;;https://lakarra.net/wp-content/uploads/2022/01/musette-2021-project-echelon.jpeg;
Project Echelon;2024;;Same as previous year;;x;;;https://lakarra.net/wp-content/uploads/2022/01/musette-2021-project-echelon.jpeg;
PSK Whirlpool-Author;2009;UCI Europa Tour Continental;;;Kalas bottom;;;http://www.zonadeavituallamiento.es/images/Whirlpool-Author(a).jpg;http://www.zonadeavituallamiento.es/images/Whirlpool-Author(b).jpg
PSK Whirlpool-Author;2010;UCI Europa Tour Continental;;;No sponsor bottom;;;http://www.zonadeavituallamiento.es/images/Whirlpool-Author10(a).jpg;http://www.zonadeavituallamiento.es/images/Whirlpool-Author10(b).jpg
PSK Whirlpool-Author;2011;UCI Europa Tour Continental;;;Lawi bottom;;;http://www.zonadeavituallamiento.es/images/Whirlpool-Author11(a).jpg;http://www.zonadeavituallamiento.es/images/Whirlpool-Author11(b).jpg
Puch-Eorotex-Campagnolo;1982;Profesional;;;x;;;http://www.zonadeavituallamiento.es/images/Puch-Eorotex82(a).jpg;http://www.zonadeavituallamiento.es/images/Puch-Eorotex82(b).jpg
Puch-Wolber-Campagnolo;1981;Profesional;;;x;;;http://www.zonadeavituallamiento.es/images/Puch-Wolber.jpg;
Puertas Mavisa;1990;Profesional;;;x;;;http://www.avesdeburgos.com/ciclismo/images/MavisaBlanca.jpg;
Puertas Mavisa;1992;Profesional;;;cyko on top;;;http://www.zonadeavituallamiento.es/images/Mavisa92.jpg;
Puertas Mavisa-Galli;1989;Profesional;;;x;;;http://www.avesdeburgos.com/ciclismo/images/Mavisa-Galli89.jpg;
Q36.5 Pro Cycling Team;2023;UCI ProTeam;;;x;;;http://www.zonadeavituallamiento.es/images/Q36.523(a).jpg;http://www.zonadeavituallamiento.es/images/Q36.523(b).jpg
Q36.5 Pro Cycling Team;2024;UCI ProTeam;;;x;x;;q36_24;
Q8;2014;;;;x;;;https://lakarra.net/wp-content/uploads/2019/12/musette-2014-q8.jpg;
Quick Step;2008;UCI ProTour ;Same as previous year;;x;;;http://www.avesdeburgos.com/ciclismo/images/Quick-Step0507.jpg;
Quick Step;2009;UCI ProTour;;;x;;;http://www.zonadeavituallamiento.es/images/Quick-Step09.jpg;
Quick Step;2010;UCI ProTour;;;Blue bubble behing Quick-Step;;;http://www.zonadeavituallamiento.es/images/Quick-Step10.jpg;
Quick Step Cycling Team;2011;UCI WorldTour;Same as previous year;;x;;;http://www.zonadeavituallamiento.es/images/Quick-Step10.jpg;
Quick Step-Davitamon;2003;TT I;;;x;;;http://www.avesdeburgos.com/ciclismo/images/QuickStep-Davitamon04.jpg;
Quick Step-Davitamon;2004;TT I;Same as previous year;;x;;;http://www.avesdeburgos.com/ciclismo/images/QuickStep-Davitamon04.jpg;
Quick Step-Innergetic;2005;UCI ProTour ;;;x;;;http://www.avesdeburgos.com/ciclismo/images/Quick-Step0507.jpg;
Quick Step-Innergetic;2006;UCI ProTour ;Same as previous year;;x;;;http://www.avesdeburgos.com/ciclismo/images/Quick-Step0507.jpg;
Quick Step-Innergetic;2007;UCI ProTour ;Same as previous year;;x;;;http://www.avesdeburgos.com/ciclismo/images/Quick-Step0507.jpg;
Quick-Step Alpha Vinyl Team;2022;UCI WorldTeam;;;x;;;http://www.zonadeavituallamiento.es/images/Quick-Step22.jpg;
Quick-Step Floors;2017;UCI WorldTour;;;x;;;http://www.zonadeavituallamiento.es/images/Quick-Step17.jpg;
Quick-Step Floors;2018;UCI WorldTour;;;6d left and right;;;http://www.zonadeavituallamiento.es/images/Quick-Step18.jpg;
R.A.G.T. Semences;2005;UCI Europa Tour Continental Profesional;;;x;;;http://www.avesdeburgos.com/ciclismo/images/RAGT05.jpg;
R.A.G.T. Semences- MG Rover;2004;TT I;;;x;;;http://www.zonadeavituallamiento.es/images/RAGT04.jpg;
R.M.O.;1988;Profesional;;;x;;;http://www.avesdeburgos.com/ciclismo/images/RMO.jpg;
R.M.O.;1991;Profesional;Same as previous year;;x;;;http://www.zonadeavituallamiento.es/images/RMO90.jpg;
R.M.O.;1992;Profesional;;;x;;;http://www.zonadeavituallamiento.es/images/RMO(2).jpg;
R.M.O.-Mavic-Liberia;1990;Profesional;;;3 lines in the middle;;;http://www.zonadeavituallamiento.es/images/RMO90.jpg;
R.M.O.-Meral-Mavic;1986;Profesional;;;x;;;http://www.avesdeburgos.com/ciclismo/images/RMO86.jpg;
R.M.O.-Meral-Mavic;1987;Profesional;Same as previous year;;x;;;http://www.avesdeburgos.com/ciclismo/images/RMO86.jpg;
Rabo Liv Women Cycling Team;2014;UCI Equipo femenino;;;x;;;http://www.zonadeavituallamiento.es/images/Rabobank14.jpg;
Rabo Liv Women Cycling Team;2015;UCI Equipo femenino;Same as previous year;;x;;;http://www.zonadeavituallamiento.es/images/Rabobank14.jpg;
Rabobank;1996;TT I;;;x;;;http://www.zonadeavituallamiento.es/images/Rabobank-Wielerplan.jpg;
Rabobank;1997;TT I;;;x;;;http://www.avesdeburgos.com/ciclismo/images/Rabobank98.jpg;
Rabobank;1998;TT I;Same as previous year;;x;;;http://www.avesdeburgos.com/ciclismo/images/Rabobank98.jpg;
Rabobank;1999;TT I;Same as previous year;;x;;;http://www.avesdeburgos.com/ciclismo/images/Rabobank98.jpg;
Rabobank;2000;TT I;Same as previous year;;x;;;http://www.avesdeburgos.com/ciclismo/images/Rabobank98.jpg;
RABOBANK;2001;;;;x;;Tour;https://lakarra.net/wp-content/uploads/2019/12/musette-2001-TDF-rabobank-01.jpg;
Rabobank;2001;TT I;;;x;;;http://www.zonadeavituallamiento.es/images/Rabobank03.jpg;
RABOBANK;2002;;;;x;;Tour;https://lakarra.net/wp-content/uploads/2019/12/musette-2002-tdf-tour-france-coca-cola-rabobank.jpg;
Rabobank;2002;TT I;Same as previous year;;x;;;http://www.zonadeavituallamiento.es/images/Rabobank03.jpg;
Rabobank;2003;TT I;Same as previous year;;x;;;http://www.zonadeavituallamiento.es/images/Rabobank03.jpg;
Rabobank;2004;TT I;;;Darker blue?;;;http://www.avesdeburgos.com/ciclismo/images/Rabobank04.jpg;
Rabobank;2005;UCI ProTour ;;;x;;;http://www.avesdeburgos.com/ciclismo/images/Rabobank05.jpg;
Rabobank;2006;UCI ProTour ;;;White strap;;;http://www.avesdeburgos.com/ciclismo/images/Rabobank06.jpg;
Rabobank;2007;UCI ProTour ;;;Agu top left;;;http://www.avesdeburgos.com/ciclismo/images/Rabobank07.jpg;
Rabobank;2008;UCI ProTour ;Same as previous year;;x;;;http://www.avesdeburgos.com/ciclismo/images/Rabobank07.jpg;
Rabobank;2009;UCI ProTour ;;;No colnago top right;;;http://www.zonadeavituallamiento.es/images/Rabobank09.jpg;
Rabobank;2010;UCI ProTour ;;;SIS top right;;;http://www.zonadeavituallamiento.es/images/Rabobank09(2).jpg;
Rabobank Continental Team;2011;UCI Europa Tour Continental ;;;x;;;http://www.zonadeavituallamiento.es/images/Rabobank-CT.jpg;
Rabobank Cycling Team;2011;UCI WorldTour;;;x;;;http://www.zonadeavituallamiento.es/images/Rabobank11(1).jpg;
Rabobank Cycling Team;2012;UCI WorldTour;Same as previous year;;x;;;http://www.zonadeavituallamiento.es/images/Rabobank11(1).jpg;
Rabobank Cycling Team;2012;UCI WorldTour;;;x;;;http://www.zonadeavituallamiento.es/images/Rabobank12.jpg;
Rabobank Cycling Team;2013;UCI WorldTour;Same as previous year;;x;;;https://lakarra.net/wp-content/uploads/2019/12/musette-2013-rabobank-development-continental.jpg;
Rabobank Development Team;2014;UCI Europa Tour Continental;;;x;;;http://www.zonadeavituallamiento.es/images/Rabobank14.jpg;
Rabobank Development Team;2018;UCI Europa Tour Continental;;;x;;;https://lakarra.net/wp-content/uploads/2019/12/musette-2018-powerbar-rabobank-continental.jpg;
Racer Sportif - Mattamy Homes;?;;;;x;;;racer_sportif;
Radio Popular;2014;UCI Europa Tour Continental;;;Ford, CAM, Radio Popular top left;;;http://www.zonadeavituallamiento.es/images/Radio-Popular14(1).jpg;
Radio Popular;2014;UCI Europa Tour Continental;;;Blue Radio Popular, Ford, CAM top left;;;http://www.zonadeavituallamiento.es/images/Radio-Popular14(2).jpg;
Radio Popular-Boavista;2015;UCI Europa Tour Continental;;;Red Radio Popular top left;;;http://www.zonadeavituallamiento.es/images/Radio-Popular15.jpg;
Radio Popular-Boavista;2016;UCI Europa Tour Continental;;;x;;;http://www.zonadeavituallamiento.es/images/Radio-Popular1617.jpg;
Radio Popular-Boavista;2017;UCI Europa Tour Continental;Same as previous year;;x;;;http://www.zonadeavituallamiento.es/images/Radio-Popular1617.jpg;
Radio Popular-Boavista;2018;UCI Europa Tour Continental;;;x;;;http://www.zonadeavituallamiento.es/images/Radio-Popular18(a).jpg;http://www.zonadeavituallamiento.es/images/Radio-Popular18(b).jpg
Radio Popular-Boavista;2019;UCI Europa Tour Continental;Same as previous year;;x;;;http://www.zonadeavituallamiento.es/images/Radio-Popular18(a).jpg;http://www.zonadeavituallamiento.es/images/Radio-Popular18(b).jpg
Radio Popular-Boavista;2021;UCI Europa Tour Continental;;;Same design but cotton ?;;;http://www.zonadeavituallamiento.es/images/Radio-Popular1822(a).jpg;http://www.zonadeavituallamiento.es/images/Radio-Popular1822(b).jpg
Radio Popular-Onda;2013;UCI Europa Tour Continental;;;x;;;http://www.zonadeavituallamiento.es/images/Radio-Popular1314.jpg;
Radio Popular-Paredes-Boavista;2022, 2023, 2024;UCI Europa Tour Continental;;;x;x;;https://lakarra.net/wp-content/uploads/2023/02/musette-2022-radio-popular-boavista-paredes.jpeg;
RadioShack-Leopard;2013;UCI WorldTour;;;x;;;http://www.zonadeavituallamiento.es/images/RadioShack13.jpg;
RadioShack-Nissan;2012;UCI WorldTour;;;x;;;http://www.zonadeavituallamiento.es/images/RadioShack12(1).jpg;
RadioShack-Nissan;2012;UCI WorldTour;;;x;;;http://www.zonadeavituallamiento.es/images/RadioShack12(2).jpg;
RadioShack-Nissan;2012;UCI WorldTour;;;Press button;;;http://www.zonadeavituallamiento.es/images/RadioShack12(3).jpg;
RAGT Semences;2004;;;;Jean delatour bottom;;;https://lakarra.net/wp-content/uploads/2019/12/musette-2004-ragt.jpg;
RAGT Semences;2005;;;;x;;;ragt_05;
Raleigh;2010;;;;x;;;https://lakarra.net/wp-content/uploads/2019/12/musette-2010-raleigh.jpg;
Raleigh Kitbrix;2016;;;;x;;;https://lakarra.net/wp-content/uploads/2019/12/musette-2016-raleigh-kitbrix.jpg;
Rally Cycling;2016;UCI América Tour Continental;Same as previous year;;x;;;http://www.zonadeavituallamiento.es/images/Rally18(1).jpg;
Rally Cycling;2017;UCI América Tour Continental;Same as previous year;;x;;;http://www.zonadeavituallamiento.es/images/Rally18(1).jpg;
Rally Cycling;2018;UCI América Tour Continental Profesional;;;x;;;http://www.zonadeavituallamiento.es/images/Rally18(1).jpg;
Rally Cycling;2019;;;;x;;;rally_19;
Rally Cycling;2018;UCI América Tour Continental Profesional;;;x;;;http://www.zonadeavituallamiento.es/images/Rally(2)18(a).jpg;http://www.zonadeavituallamiento.es/images/Rally(2)18(b).jpg
Rally Cycling;2018;UCI América Tour Continental Profesional;;;x;;;http://www.zonadeavituallamiento.es/images/Rally(3)18(a).jpg;http://www.zonadeavituallamiento.es/images/Rally(3)18(b).jpg
Rally Cycling;2020;;;;x;;;https://lakarra.net/wp-content/uploads/2021/02/musette-2020-rally-chamois-butt.jpeg;
Rally Cycling;2017;;;;;;;rally_17;
Rally Cycling;2021;UCI Continental Femenino;;;x;;;http://www.zonadeavituallamiento.es/images/Rally21(1).jpg;
RC Arbö Wels Gourmetfein;2009;UCI Europa Tour Continental;;;;;;http://www.zonadeavituallamiento.es/images/Euro-Vital.jpg;
Recer-Boavista;1989;;;;x;;;http://www.zonadeavituallamiento.es/images/Recer-Boavista.jpg;
Redbull Bora Hansgrohe;2024;UCI WorldTeam;;;x;x;;redbull_24;
Refin-Cantina Tollo;1995;Profesional;;;x;;;http://www.zonadeavituallamiento.es/images/Refin-CantinaTollo.jpg;
Refin-Mobilvetta;1996;TT I;;;x;;;http://www.avesdeburgos.com/ciclismo/images/Refin-Mobilvetta96.jpg;
Relax-Bodysol;2004;TT I;;;x;;;http://www.avesdeburgos.com/ciclismo/images/Relax-Bergasol0405(a).jpg;http://www.avesdeburgos.com/ciclismo/images/Relax-Bergasol0405(b).jpg
Relax-GAM;2007;UCI Europa Tour Continental Profesional;Same as previous year;;x;;;http://www.avesdeburgos.com/ciclismo/images/VermarcAzul.jpg;
Relax-GAM;2006;UCI Europa Tour Continental Profesional;;;x;;;http://www.avesdeburgos.com/ciclismo/images/Relax-Gam06.jpg;
Relax-Sportonic;2001;;;;x;;;https://lakarra.net/wp-content/uploads/2019/12/musette-2001-relax-sportonic-01.jpg;
Renault-Elf;1985;Profesional;;;Press button;;;http://www.zonadeavituallamiento.es/images/Renault(2).jpg;
Renault-Elf;1982;Profesional;;;Scratch;;;http://www.zonadeavituallamiento.es/images/Renault.jpg;
Renault-Elf;1983;Profesional;Same as previous year;;Scratch;;;http://www.zonadeavituallamiento.es/images/Renault.jpg;
Renault-Elf;1984;Profesional;Same as previous year;;Scratch;;;http://www.zonadeavituallamiento.es/images/Renault.jpg;
Reverberi Team;1989;Profesional;;;x;;;http://www.zonadeavituallamiento.es/images/Reverberi.jpg;
Reverberi Team;1990;Profesional;Same as previous year;;x;;;http://www.zonadeavituallamiento.es/images/Reverberi.jpg;
Reynolds;1984;Profesional;;;x;;;http://www.zonadeavituallamiento.es/images/Reynolds(2).jpg;
Reynolds;1985;Profesional;;;Smaller Reynolds;;;http://www.zonadeavituallamiento.es/images/Reynolds.jpg;
Reynolds;1986;Profesional;;;x;;;http://www.zonadeavituallamiento.es/images/Reynolds86.jpg;
Reynolds-Seur-Sada;1987;Profesional;;;x;;;http://www.avesdeburgos.com/ciclismo/images/Reynolds-Seur87.jpg;
Riberalves-Boavista;2007;UCI Europa Tour Continental;;;x;;;http://www.zonadeavituallamiento.es/images/Riberalves07(a).jpg;http://www.zonadeavituallamiento.es/images/Riberalves07(b).jpg
Rietumu Banka-Riga;2017;UCI Europa Tour Continental;Same as previous year;;x;;;http://www.zonadeavituallamiento.es/images/Rietumu15.jpg;
Rietumu Bank-Riga;2006;UCI Europa Tour Continental;;;x;;;http://www.zonadeavituallamiento.es/images/Isostar(6).jpg;
Rietumu-Delfin;2012;UCI Europa Tour Continental;;;x;;;http://www.zonadeavituallamiento.es/images/Rietumu12.jpg;
Rietumu-Delfin;2013;UCI Europa Tour Continental;;;CCN bottom right;;;http://www.zonadeavituallamiento.es/images/Rietumu13.jpg;
Rietumu-Delfin;2014;UCI Europa Tour Continental;Same as previous year;;x;;;http://www.zonadeavituallamiento.es/images/Rietumu13.jpg;
Rietumu-Delfin;2015;UCI Europa Tour Continental;;;x;;;http://www.zonadeavituallamiento.es/images/Rietumu15.jpg;
Rietumu-Delfin;2016;UCI Europa Tour Continental;Same as previous year;;x;;;http://www.zonadeavituallamiento.es/images/Rietumu15.jpg;
Riso Scotti-MG Maglificio;1998;TT I;;;x;;;http://www.zonadeavituallamiento.es/images/Riso-Scotti98.jpg;
Riso Scotti-Vinavil;1999;TT I;;;;;;http://www.zonadeavituallamiento.es/images/Riso-Scotti99.jpg;
RIWAL;2020;;;;x;;;https://lakarra.net/wp-content/uploads/2021/02/musette-2020-riwal.jpeg;https://lakarra.net/wp-content/uploads/2021/02/musette-2020-riwal-orloff-trasera.jpeg
Riwal Platform Cycling Team;2014;UCI Europa Tour Continental;Same as previous year;;x;;;http://www.zonadeavituallamiento.es/images/Concordia-Riwal13.jpg;
Riwal Platform Cycling Team;2014;UCI Europa Tour Continental;;;x;;;http://www.zonadeavituallamiento.es/images/Riwal14.jpg;
Riwal Platform Cycling Team;2015;UCI Europa Tour Continental;Same as previous year;;x;;;http://www.zonadeavituallamiento.es/images/Riwal14.jpg;
Riwal Platform Cycling Team;2016;UCI Europa Tour Continental;;;x;;;http://www.zonadeavituallamiento.es/images/Riwal16(a).jpg;http://www.zonadeavituallamiento.es/images/Riwal16(b).jpg
Riwal Platform Cycling Team;2017;;;;x;;;https://lakarra.net/wp-content/uploads/2019/12/musette-2017-riwal-togt.jpg;
Riwal Platform Cycling Team;2018;;Same as previous year;;x;;;https://www.facebook.com/photo/?fbid=2047169978904952&set=a.2020848098203807;
Riwal Platform Cycling Team;2018;;;;x;;;riwal_18;
Riwal Readynez Cycling Team;2019;UCI Europa Tour Continental Profesional;;;x;;;http://www.zonadeavituallamiento.es/images/Riwal19.jpg;
Rock Racing;2009;UCI America Tour Continental;;;x;;;http://www.zonadeavituallamiento.es/images/RockRacing09(a).jpg;http://www.zonadeavituallamiento.es/images/RockRacing09(b).jpg
Roland;2024;;;;x;;;roland_24;
Roompot-Nederlandse Loterij;2017;UCI Europa Tour Continental Profesional;;;x;;;http://www.zonadeavituallamiento.es/images/Roompot17.jpg;
Roompot-Nederlandse Loterij;2018;UCI Europa Tour Continental Profesional;Same as previous year;;x;;;http://www.zonadeavituallamiento.es/images/Roompot17.jpg;
Roompot-Nederlandse Loterij;2019;UCI Europa Tour Continental Profesional;;;x;;;roompot_19;
Roompot-Orange Peloton;2015;UCI Europa Tour Continental Profesional;;;x;;;http://www.zonadeavituallamiento.es/images/Born15.jpg;
Roompot-Orange Peloton;2016;UCI Europa Tour Continental Profesional;Same as previous year;;x;;;http://www.zonadeavituallamiento.es/images/Born16.jpg;
Ros Mary-Amica Chips;1998;TT II;;;x;;;http://www.avesdeburgos.com/ciclismo/images/RosMary.jpg;
Ros Mary-Minotti Italia;1997;TT II;;;x;;;http://www.zonadeavituallamiento.es/images/RosMary97.jpg;
Roslotto-ZG Mobili;1997;TT I;;;x;;;http://www.avesdeburgos.com/ciclismo/images/Roslotto-ZG.jpg;
Roslotto-ZG Mobili;1996;TT I;;;x;;;http://www.zonadeavituallamiento.es/images/Roslotto-ZG96.jpg;
Roth - Skoda;2015;UCI Europa Tour Continental;;;x;;;http://www.zonadeavituallamiento.es/images/Roth-Skoda15.jpg;
Roth Gruppe;2015;;;;x;;;https://lakarra.net/wp-content/uploads/2019/12/musette-2015-roth-gruppe.jpg;https://lakarra.net/wp-content/uploads/2019/12/musette-2015-roth-gruppe-gs-trasera.jpg
Rott - Akros;2017;UCI Europa Tour Continental;Same as previous year;;x;;;http://www.zonadeavituallamiento.es/images/Roth16.jpg;
Roubaix Lille Métropole;2011;UCI Europa Tour Continental;;;x;;;http://www.zonadeavituallamiento.es/images/W-Cup09(2).jpg;
Roubaix Lille Métropole;2008;UCI Europa Tour Continental;;;x;;;http://www.zonadeavituallamiento.es/images/Roubaix08.jpg;
Roubaix Lille Métropole;2009;UCI Europa Tour Continental;;;x;;;http://www.zonadeavituallamiento.es/images/Roubaix09.jpg;
Roubaix Lille Métropole;2010;UCI Europa Tour Continental;Same as previous year;;x;;;http://www.zonadeavituallamiento.es/images/Roubaix09.jpg;
Roubaix Lille Métropole;2012;UCI Europa Tour Continental;Same as previous year;;x;;;http://www.zonadeavituallamiento.es/images/Roubaix11(2).jpg;
Roubaix Lille Métropole;2012;UCI Europa Tour Continental;;;x;;;http://www.zonadeavituallamiento.es/images/Roubaix11.jpg;
Roubaix Lille Métropole;2013;UCI Europa Tour Continental;Same as previous year;;x;;;http://www.zonadeavituallamiento.es/images/Roubaix11(2).jpg;
Roubaix Lille Métropole;2014;UCI Europa Tour Continental;;;x;;;http://www.zonadeavituallamiento.es/images/Roubaix14(a).jpg;http://www.zonadeavituallamiento.es/images/Roubaix14(b).jpg
Roubaix Lille Métropole;2016;UCI Europa Tour Continental;;;x;;;https://www.zonadeavituallamiento.es/r.htm;
Roubaix Lille Métropole;2017;UCI Europa Tour Continental;Same as previous year;;x;;;https://www.zonadeavituallamiento.es/r.htm;
Roubaix Lille Métropole;2018;UCI Europa Tour Continental;;;x;;;http://www.zonadeavituallamiento.es/images/Roubaix18.jpg;
Roubaix Lille Métropole;2007;UCI Europa Tour Continental;;;x;;;http://www.avesdeburgos.com/ciclismo/images/Roubaix07.jpg;
Roubaix Lille Métropole;2011;UCI Europa Tour Continental;;;x;;;http://www.zonadeavituallamiento.es/images/W-Cup-Born10.jpg;
Roubaix Lille Métropole;2022;UCI Europa Tour Continental;;;x;;;https://lakarra.net/wp-content/uploads/2023/01/musette-2022-roubaix.jpeg;
Roxsolt;2022;;;;x;;;https://lakarra.net/wp-content/uploads/2023/01/musette-2022-roxsolt.jpeg;https://lakarra.net/wp-content/uploads/2023/01/musette-2022-roxsoltmusette-2022-roxsolt-rapha-trasera.jpeg
Royal;1983;Profesional;;;x;;;http://www.zonadeavituallamiento.es/images/Royal.jpg;
Russia;2014;;;;x;;;https://lakarra.net/wp-content/uploads/2019/12/musette-2014-russia-itera.jpg;
Russia;2016;;Same as previous year;;x;;;https://lakarra.net/wp-content/uploads/2019/12/musette-2016-russia.jpg;
Russia;2020;;;;x;;;russia_20;
Russian Helicopters;2014;UCI Europa Tour Continental;;;x;;;http://www.zonadeavituallamiento.es/images/Russian-Helicopters15(a).jpg;http://www.zonadeavituallamiento.es/images/Russian-Helicopters15(b).jpg
Russian Helicopters;2015;;Same as previous year;;x;;;https://lakarra.net/wp-content/uploads/2019/12/musette-2015-russian-helicopters.jpg;https://lakarra.net/wp-content/uploads/2019/12/musette-2015-russian-helicopters-trasera.jpg
RusVelo;2012;UCI Europa Tour Continental Profesional;;;x;;;http://www.zonadeavituallamiento.es/images/Rusvelo12(a).jpg;http://www.zonadeavituallamiento.es/images/Rusvelo12(b).jpg
RusVelo;2013;UCI Europa Tour Continental Profesional;Same as previous year;;x;;;http://www.zonadeavituallamiento.es/images/Rusvelo12(a).jpg;http://www.zonadeavituallamiento.es/images/Rusvelo12(b).jpg
RusVelo;2014;UCI Europa Tour Continental Profesional;;;Colnago & Elite top;;;http://www.zonadeavituallamiento.es/images/Rusvelo14.jpg;
RusVelo;2015;UCI Europa Tour Continental Profesional;;;x;;;http://www.zonadeavituallamiento.es/images/Rusvelo15.jpg;
Ryalcao-Postobón-Manzana;1991;Profesional;;;x;;;http://www.zonadeavituallamiento.es/images/Ryalcao-Postobon.jpg;
S. C. Michela Fanini Record Rox;2010;UCI Equipo femenino;;;x;;;http://www.zonadeavituallamiento.es/images/Tre-Emme.jpg;
S. C. Michela Fanini Rox;2011;UCI Equipo femenino;Same as previous year;;x;;;http://www.zonadeavituallamiento.es/images/Tre-Emme.jpg;
S. C. Michela Fanini Rox;2012;UCI Equipo femenino;;;x;;;http://www.zonadeavituallamiento.es/images/Michela-Fanini13.jpg;
S. C. Michela Fanini Rox;2013;UCI Equipo femenino;Same as previous year;;x;;;http://www.zonadeavituallamiento.es/images/Michela-Fanini13.jpg;
S.E.F.B.-Gipiemme;1987;Profesional;;;x;;;http://www.zonadeavituallamiento.es/images/SEFB.jpg;
Sabgal - Anicolor;2024;;;;x;x;;sabgal_24;
Saeco;2000;TT I;;;x;;;http://www.zonadeavituallamiento.es/images/Saeco-ValliValli2000.jpg;
Saeco;2002;TT I;;;x;;;http://www.zonadeavituallamiento.es/images/Saeco02.jpg;
Saeco;2003;TT I;;;Machine per Caffe bottom;;;http://www.avesdeburgos.com/ciclismo/images/Saeco03.jpg;
Saeco;2004;TT I;;;x;;;http://www.avesdeburgos.com/ciclismo/images/Saeco04.jpg;
Saeco Estro;1997;;;;x;;Tour;saeco_tdf_97;
Saeco Macchine da caffe'-Cannondale;1998;;;;x;;;https://lakarra.net/wp-content/uploads/2019/12/musette-1998-saeco-cannondale-macchine-da-caffe.jpg;
Saeco Macchine da caffe'-Cannondale;1999;TT I;;;x;;;http://www.avesdeburgos.com/ciclismo/images/Saeco-Cannondale.jpg;
Saeco Macchine per caffe'-Valli&Valli;2001;TT I;;;x;;;saeco_01;
Saeco-A.S. Juvenes San Marino;1996;TT I;;;x;;;http://www.avesdeburgos.com/ciclismo/images/Saeco98.jpg;
Saeco-Estro;1997;TT I;;;x;;;http://www.zonadeavituallamiento.es/images/Saeco-Cannondale2(a).jpg;http://www.zonadeavituallamiento.es/images/Saeco-Cannondale2(b).jpg
Safir-Ludo;1980;Profesional;;;x;;;http://www.zonadeavituallamiento.es/images/Ludo.jpg;
SALVARANI;1967;;;;;;;https://lakarra.net/wp-content/uploads/2019/12/musette-1967-salvarani.jpg;
Sammontana-Bianchi;1985;Profesional;;;x;;;http://www.zonadeavituallamiento.es/images/Sammontana-Bianchi.jpg;
Sammontana-Bianchi;1986;Profesional;Same as previous year;;x;;;http://www.zonadeavituallamiento.es/images/Sammontana-Bianchi.jpg;
Sangemini MG Kvis;2017;;;;x;;;https://lakarra.net/wp-content/uploads/2019/12/musette-2017-sangemini-mg-kvis.jpg;
Sangemini MG Kvis;2018;;Same as previous year;;x;;;https://lakarra.net/wp-content/uploads/2019/12/musette-2018-sangemini-mh-kvis-biemme.jpg;
Sanse;2009;;;;;;;https://lakarra.net/wp-content/uploads/2019/12/musette-2009-sanse.jpg;
Sanson;1976;Profesional;;;x;;;http://www.zonadeavituallamiento.es/images/Sanson76.jpg;
Santa Clara;1997;TT II;Same as previous year;;x;;;http://www.zonadeavituallamiento.es/images/Santa-Clara.jpg;
Santa Clara-CSKA Samara-Cadena;1996;TT II;;;x;;;http://www.zonadeavituallamiento.es/images/Santa-Clara.jpg;
Santa Clara-Lada-CSKA Samara;1994;TT II;;;x;;;http://www.zonadeavituallamiento.es/images/Santa-Clara94(a).jpg;http://www.zonadeavituallamiento.es/images/Santa-Clara94(b).jpg
Santa Clara-Lada-CSKA Samara-Cadena-Master-Gios;1995;TT II;;;x;;;http://www.zonadeavituallamiento.es/images/Santa-Clara95(a).jpg;http://www.zonadeavituallamiento.es/images/Santa-Clara95(b).jpg
Saoul Brasil;2017;;;;;;;saoul_17;
Sauerland;2017;;;;;;;sauerland_17;
Sauna Diana;Años 90;Amateur;;;x;;;http://www.zonadeavituallamiento.es/images/Sauna-Diana.jpg;
Saunier Duval-Prodir;2004;TT I;;;x;;;http://www.avesdeburgos.com/ciclismo/images/Saunier-Duval0405.jpg;
Saunier Duval-Prodir;2005;UCI ProTour;Same as previous year;;x;;;http://www.avesdeburgos.com/ciclismo/images/Saunier-Duval0405.jpg;
Saunier Duval-Prodir;2006;UCI ProTour;;;x;;;http://www.avesdeburgos.com/ciclismo/images/Saunier-Duval06.jpg;
Saunier Duval-Prodir;2007;UCI ProTour;;;x;;;http://www.avesdeburgos.com/ciclismo/images/Saunier-Duval07.jpg;
Saunier Duval-Scott;2008;UCI ProTour;;;x;;;http://www.zonadeavituallamiento.es/images/Saunier-Duval08.jpg;
Saur-Sojasun;2010;UCI Europa Tour Continental Profesional;;;x;;;http://www.zonadeavituallamiento.es/images/Saur10-a.jpg;
Saur-Sojasun;2010;UCI Europa Tour Continental Profesional;;;x;;;http://www.zonadeavituallamiento.es/images/Saur10-b.jpg;
Saur-Sojasun;2011;UCI Europa Tour Continental Profesional;;;x;;;http://www.zonadeavituallamiento.es/images/Saur(2)11(a).jpg;http://www.zonadeavituallamiento.es/images/Saur(2)11(b).jpg
Saur-Sojasun;2012;UCI Europa Tour Continental Profesional;Same as previous year;;x;;;http://www.zonadeavituallamiento.es/images/Saur(2)11(a).jpg;http://www.zonadeavituallamiento.es/images/Saur(2)11(b).jpg
Sava;2006;UCI Europa Tour Continental;;;Black logos on straps;;;http://www.zonadeavituallamiento.es/images/Sava.jpg;
Sava;2007;UCI Europa Tour Continental;;;White straps;;;sava_07;
Saxo Bank Sungard;2011;UCI WorldTour;;;x;;;http://www.zonadeavituallamiento.es/images/SaxoBank11(1).jpg;
Saxo Bank Sungard;2011;UCI WorldTour;;;Big Sungard bottom;;;http://www.zonadeavituallamiento.es/images/SaxoBank11(2).jpg;
SCIC Cucine componibili;1977;;;;x;;;https://lakarra.net/wp-content/uploads/2019/12/musette-1977-scic-cucine-componibili.jpg;
Scott-American Beef;2008;UCI ProTour;;;x;;;http://www.zonadeavituallamiento.es/images/Scott08.jpg;
Scrigno - Gaerne;1997;;;;x;;;https://lakarra.net/wp-content/uploads/2019/12/musette-1997-scrigno-gaerne.jpg;
Scrigno - Gaerne;1996;TT II;;;x;;;http://www.avesdeburgos.com/ciclismo/images/Scrigno-BlueStorm96.jpg;
Selca-Ciclolinea-Conti;1988;Profesional;;;x;;;http://www.avesdeburgos.com/ciclismo/images/Selca.jpg;
Selle Italia-Chinol;1982;Profesional;;;x;;;http://www.zonadeavituallamiento.es/images/Chinol82.jpg;
Sem-France-Loire-Campagnolo;1981;Profesional;;;x;;;http://www.zonadeavituallamiento.es/images/Sem81.jpg;
Sem-France-Loire-Campagnolo;1982;Profesional;Same as previous year;;x;;;http://www.zonadeavituallamiento.es/images/Sem81.jpg;
Serramenti PVC Diquigiovanni-Androni Giocattoli;2008;UCI America Tour Continental Profesional;;;x;;;http://www.zonadeavituallamiento.es/images/Santini08.jpg;
Serramenti PVC Diquigiovanni-Androni Giocattoli;2009;UCI America Tour Continental Profesional;Same as previous year;;x;;;http://www.zonadeavituallamiento.es/images/Santini08.jpg;
Seur;1989;Profesional;;;x;;;http://www.avesdeburgos.com/ciclismo/images/Seur-Isostar(a).jpg;http://www.avesdeburgos.com/ciclismo/images/Seur-Isostar(b).jpg
Seur;1990;Profesional;;;x;;;http://www.zonadeavituallamiento.es/images/Seur.jpg;
Seur-Otero;1991;Profesional;;;x;;;http://www.avesdeburgos.com/ciclismo/images/Seur-Otero(a).jpg;http://www.avesdeburgos.com/ciclismo/images/Seur-Otero(b).jpg
Seven Eleven/Seven Eleven-Hoonved (en Europa);1985;Profesional;;;x;;;http://www.avesdeburgos.com/ciclismo/images/7Eleven85.jpg;
Seven Eleven/Seven Eleven-Hoonved (en Europa);1987;Profesional;;;x;;;http://www.zonadeavituallamiento.es/images/7Eleven87.jpg;
Seven Rivers Cycling Team;2016;;Same as previous year;;x;;;https://lakarra.net/wp-content/uploads/2019/12/musette-2016-seven-rivers-astana-city.jpg;
Seven Rivers Cycling Team;2015;UCI Europa Tour Continental;;;x;;;http://www.zonadeavituallamiento.es/images/Seven-Rivers16.jpg;
Seven Stones;2009;UCI Europa Tour Continental;;;x;;;http://www.zonadeavituallamiento.es/images/Born09.jpg;
Seven Stones;2010;UCI Europa Tour Continental;Same as previous year;;x;;;http://www.zonadeavituallamiento.es/images/Born09.jpg;
Seven Stones;2011;UCI Europa Tour Continental;Same as previous year;;x;;;http://www.zonadeavituallamiento.es/images/Born09.jpg;
Shimano Racing Team;2011;UCI Asia Tour Continental;;;x;;;http://www.zonadeavituallamiento.es/images/Shimano11.jpg;
Shimano-Memory Corp;2005;UCI Europa Tour Continental Profesional;;;x;;;http://www.zonadeavituallamiento.es/images/Shimano05.jpg;
SICASAL ACRAL;1990;;;;x;;;https://lakarra.net/wp-content/uploads/2020/12/musette-1990-sicasal-acral-campocarne.jpeg;
SICASAL ACRAL;1991;;;;x;;;https://lakarra.net/wp-content/uploads/2020/12/musette-1991-sicasal-acral.jpeg;
Sicasal Constantinos;2018;;;;x;;;https://lakarra.net/wp-content/uploads/2019/12/musette-2018-sicasal-constantinos.jpg;
Sicasal-Acral;1992;Profesional;;;x;;;http://www.zonadeavituallamiento.es/images/Sicasal-Acral92.jpg;
Sicasal-Acral;1993;Profesional;Same as previous year;;x;;;http://www.zonadeavituallamiento.es/images/Sicasal-Acral92.jpg;
Sigma Coatings-Cicli Diamant;1987;Profesional;;;x;;;http://www.zonadeavituallamiento.es/images/Sigma.jpg;
Sigma Paints-Fina-Cicli Diamant;1988;Profesional;;;x;;;http://www.zonadeavituallamiento.es/images/Sigma-Fina88(a).jpg;http://www.zonadeavituallamiento.es/images/Sigma-Fina88(b).jpg
Sigma Sport-Specialized;2010;UCI Europa Tour Continental;;;x;;;http://www.zonadeavituallamiento.es/images/Sigma-Sport10.jpg;
Sigma Sport-Specialized;2011;UCI Europa Tour Continental;Same as previous year;;x;;;http://www.zonadeavituallamiento.es/images/Sigma-Sport10.jpg;
Silence-Lotto;2008;UCI ProTour;;;x;;;http://www.zonadeavituallamiento.es/images/Silence-Lotto08.jpg;
Silence-Lotto;2009;UCI ProTour;;;x;;;http://www.zonadeavituallamiento.es/images/Silence-Lotto09.jpg;
Skala-Gazelle;1985;Profesional;;;x;;;http://www.zonadeavituallamiento.es/images/Skala85.jpg;
Skala-Skil-Gazelle-Fiat-Melka;1986;Profesional;;;x;;;http://www.zonadeavituallamiento.es/images/Skala-Skil86.jpg;
Skil-Sem-Kas-Miko;1985;Profesional;;;x;;;http://www.zonadeavituallamiento.es/images/Skil85.jpg;
Skil-Shimano;2006;UCI Europa Tour Continental Profesional;;;x;;;http://www.avesdeburgos.com/ciclismo/images/Skil07.jpg;
Skil-Shimano;2007;UCI Europa Tour Continental Profesional;Same as previous year;;x;;;http://www.avesdeburgos.com/ciclismo/images/Skil07.jpg;
Skil-Shimano;2008;UCI Europa Tour Continental Profesional;Same as previous year;;x;;;http://www.avesdeburgos.com/ciclismo/images/Skil07.jpg;
Skil-Shimano;2009;UCI Europa Tour Continental Profesional;;;x;;;http://www.zonadeavituallamiento.es/images/Skil09.jpg;
Skil-Shimano;2010;UCI Europa Tour Continental Profesional;Same as previous year;;x;;;http://www.zonadeavituallamiento.es/images/Skil10.jpg;
Skil-Shimano;2011;UCI Europa Tour Continental Profesional;Same as previous year;;x;;;http://www.zonadeavituallamiento.es/images/Skil11.jpg;
SKODA TOUR DOWN UNDER;2020;;;;;;;https://lakarra.net/wp-content/uploads/2022/01/musette-2020-skoda-tour-down-under.jpeg;
Sky Procycling;2011;UCI WorldTour;;;x;;;http://www.zonadeavituallamiento.es/images/Sky(2)11(a).jpg;http://www.zonadeavituallamiento.es/images/Sky(2)11(b).jpg
Sky Procycling;2011;UCI WorldTour;;;x;;;http://www.zonadeavituallamiento.es/images/Sky(3)11(a).jpg;http://www.zonadeavituallamiento.es/images/Sky(3)11(b).jpg
Sky Procycling;2012;UCI WorldTour;;;Adidas white;;;http://www.zonadeavituallamiento.es/images/Sky11(a).jpg;http://www.zonadeavituallamiento.es/images/Sky11(b).jpg
Sky Procycling;2012;UCI WorldTour;;;x;;;http://www.zonadeavituallamiento.es/images/Sky12(a).jpg;http://www.zonadeavituallamiento.es/images/Sky12(b).jpg
Sky Procycling;2013;UCI WorldTour;;;x;;;http://www.zonadeavituallamiento.es/images/Sky13(b).jpg;http://www.zonadeavituallamiento.es/images/Sky13(a).jpg
Sky Professional Cycling Team;2010;UCI ProTour;;;x;;;http://www.zonadeavituallamiento.es/images/Sky(2)10(a).jpg;
Sky Professional Cycling Team;2010;UCI ProTour;;;x;;;http://www.zonadeavituallamiento.es/images/Sky(3)10(a).jpg;http://www.zonadeavituallamiento.es/images/Sky(3)10(b).jpg
Sky Professional Cycling Team;2010;UCI ProTour;;;No blue label on the side;;;http://www.zonadeavituallamiento.es/images/Sky10(a).jpg;http://www.zonadeavituallamiento.es/images/Sky10(b).jpg
Skydive Dubai Pro Cycling Team-Al Ahli Club;2015;UCI Asia Tour Continental;;;x;;;http://www.zonadeavituallamiento.es/images/Skydive15.jpg;
Skydive Dubai Pro Cycling Team-Al Ahli Club;2016;UCI Asia Tour Continental;Same as previous year;;x;;;http://www.zonadeavituallamiento.es/images/Skydive15.jpg;
Slipstream Chipotle presented by H30;2008;UCI America Tour Continental Profesional;;;x;;;http://www.zonadeavituallamiento.es/images/Slipstream08.jpg;
Slovakia;2020;;;;x;;;https://lakarra.net/wp-content/uploads/2021/02/musette-2020-slovakia.jpeg;
Slovakia;2014;;;;x;;;https://lakarra.net/wp-content/uploads/2019/12/musette-2014-slovakia-nyna-ponferrada.jpg;
Slovenia;2018;Nation;;;x;;;https://lakarra.net/wp-content/uploads/2019/12/musette-2018-slovenia-eslovenia.jpg;
Slovenia;2019;Nation;Same as previous year;;x;;;https://www.facebook.com/photo/?fbid=2369756379979642&set=a.2228225577466057;
Slovenia;2022;Nation;;;x;;;slovenia_22;
Soctec;2008;;;;;;;https://lakarra.net/wp-content/uploads/2019/12/soctec-musette-2008.jpg;
Sojasun;2013;UCI Europa Tour Continental Profesional;;;x;;;http://www.zonadeavituallamiento.es/images/Sojasun13.jpg;
Sojasun;2018;;;;White frame;;;sojasun_18;
Sojasun;2019;;;;x;;;https://lakarra.net/wp-content/uploads/2020/04/musette-2019-sojasun.jpg;
Sojasun;2020;;Same as previous year;;x;;;https://www.facebook.com/photo/?fbid=2735948840027059&set=a.2520039941617951;
Soudal Quick-Step;2023;UCI WorldTeam;;;x;;;http://www.zonadeavituallamiento.es/images/Soudal-QuickStep23.jpg;
Soudal Quick-Step;2024;UCI WorldTeam;;;x;x;;soudal_24;
Southeast;2015;UCI Europa Tour Continental Profesional;;;x;;;http://www.zonadeavituallamiento.es/images/Southeast15.jpg;
SP Tableware;2013;UCI Europa Tour Continental;;;x;;;http://www.zonadeavituallamiento.es/images/SP-Tableware13.jpg;
SP Tableware;2014;UCI Europa Tour Continental;;;x;;;http://www.zonadeavituallamiento.es/images/SP-Tableware14.jpg;
SP Tableware;2014;;;;;;;https://lakarra.net/wp-content/uploads/2019/12/musette-2014-sp-tableware-grecia.jpg;
Sp Tableware;2014;;;;;;;sp_14;
SPAR;1960;;;;;;Tour;https://lakarra.net/wp-content/uploads/2019/12/musette-1960-spar-tdf-tour.jpg;
Sparebanken Vest-Ridley;2014;;;;x;;;https://lakarra.net/wp-content/uploads/2019/12/musette-2014-oster-ridley-vipera.jpg;
Sparebanken Vest-Ridley;2009;UCI Europa Tour Continental;;;x;;;http://www.zonadeavituallamiento.es/images/Ridley09.jpg;
Sparebanken Vest-Ridley;2010;UCI Europa Tour Continental;;;Ridley black;;;http://www.zonadeavituallamiento.es/images/Ridley10.jpg;
Specialized-Lululemon;2012;UCI Equipo femenino;;;x;;;http://www.zonadeavituallamiento.es/images/Lululemon1213.jpg;
Specialized-Lululemon;2013;UCI Equipo femenino;Same as previous year;;x;;;http://www.zonadeavituallamiento.es/images/Lululemon1213.jpg;
Specialized-Lululemon;2014;UCI Equipo femenino;Same as previous year;;x;;;http://www.zonadeavituallamiento.es/images/Lululemon1213.jpg;
SpiderTech powered by C10;2012;UCI America Tour Continental Profesional;;;x;;;http://www.zonadeavituallamiento.es/images/SpiderTech12.jpg;
Splendor-Euro Soap;1979;Profesional ;;;x;;;http://www.zonadeavituallamiento.es/images/Splendor-EuroSoap.jpg;
Splendor-Mondial-Marc;1984;Profesional ;;;x;;;http://www.avesdeburgos.com/ciclismo/images/Splendor84.jpg;
Splendor-Wickes Bouwmarkt-Europ Decor;1981;Profesional ;;;x;;;http://www.zonadeavituallamiento.es/images/Splendor-Wickes81.jpg;
Sport Lisboa e Benfica;2000;TT II;;;x;;;http://www.zonadeavituallamiento.es/images/Benfica2000.jpg;
Sport Vlaanderen-Baloise;2017;UCI Europa Tour Continental Profesional;;;x;;;http://www.zonadeavituallamiento.es/images/Sport-Baloise17.jpg;
Sport Vlaanderen-Baloise;2018;UCI Europa Tour Continental Profesional;Same as previous year;;x;;;http://www.zonadeavituallamiento.es/images/Sport-Baloise17.jpg;
Sport Vlaanderen-Baloise;2019;UCI Europa Tour Continental Profesional;Same as previous year;;x;;;http://www.zonadeavituallamiento.es/images/Sport-Baloise17.jpg;
Sporting Aqualis Montico;1987;;;;;;;https://lakarra.net/wp-content/uploads/2020/12/musette-1987-sporting-aqualis-montico-cadaval.jpeg;
Sporting/Tavira;2016;UCI Europa Tour Continental;Same as previous year;;x;;;http://www.zonadeavituallamiento.es/images/Nutrixxion1516.jpg;
Sporting/Tavira;2017;UCI Europa Tour Continental;Same as previous year;;x;;;http://www.zonadeavituallamiento.es/images/Nutrixxion17.jpg;
Sporting/Tavira;2018;UCI Europa Tour Continental;Same as previous year;;x;;;http://www.zonadeavituallamiento.es/images/Nutrixxion18.jpg;
Sporting/Tavira;2019;UCI Europa Tour Continental;;;White line on top;;;https://lakarra.net/wp-content/uploads/2020/04/musette-2019-sporting-tavira.jpg;
Sporting/Tavira;2019;UCI Europa Tour Continental;;;x;;;https://lakarra.net/wp-content/uploads/2020/04/musette-2019-sporting-tavira-doble.jpg;
Sportoto Cycling;2024;;;;x;x;;sportoto_24_2;
Sportoto Cycling;2024;;;;x;;;sportoto_24;
St Michel - Auber93;2018;;;;x;;;https://lakarra.net/wp-content/uploads/2019/12/musette-2018-st-michel-auber.jpg;
St Michel - Auber93;2019;;Same as previous year;;x;;;https://www.facebook.com/photo/?fbid=2369761523312461&set=a.2228225577466057;
St Michel - Auber93;2020;;;;dmtex;;;https://lakarra.net/wp-content/uploads/2022/01/musette-2020-st-michel-auber-93-dmtex.jpeg;
St Michel - Auber93;2021;;;;x;;;https://lakarra.net/wp-content/uploads/2022/01/musette-2021-st-michel-auber.jpeg;
St Michel - Auber93;2023;;Same as previous year;;x;;;https://www.facebook.com/photo/?fbid=3528925920729343&set=a.3368383393450264;
Start - Vaxes Cycling Team;2016;;;;x;;;start_16;
"Stichting Wielerontwikkeling ""Espoirs""";2003;TT III ;;;x;;;http://www.zonadeavituallamiento.es/images/Hunter-Moser.jpg;
Stölting Service Group;2016;UCI Europa Tour Continental Profesional;;;x;;;http://www.zonadeavituallamiento.es/images/Stolting16.jpg;
Subaru-Montgomery;1993;Profesional;;;x;;;http://www.zonadeavituallamiento.es/images/Subaru-Montgomery.jpg;
Sunweb-Napoleon Games Cycling Team;2013;UCI Europa Tour Continental;;;x;;;http://www.zonadeavituallamiento.es/images/Sunweb13(a).jpg;http://www.zonadeavituallamiento.es/images/Sunweb13(b).jpg
Sunweb-Napoleon Games Cycling Team;2014;UCI Europa Tour Continental;Same as previous year;;x;;;http://www.zonadeavituallamiento.es/images/Sunweb13(a).jpg;http://www.zonadeavituallamiento.es/images/Sunweb13(b).jpg
Sunweb-Napoleon Games Cycling Team;2015;UCI Europa Tour Continental;Same as previous year;;x;;;http://www.zonadeavituallamiento.es/images/Sunweb13(a).jpg;http://www.zonadeavituallamiento.es/images/Sunweb13(b).jpg
Sunweb-Revor;2011;UCI Europa Tour Continental;;;x;;;http://www.zonadeavituallamiento.es/images/Sunweb12.jpg;
Sunweb-Revor;2012;UCI Europa Tour Continental;Same as previous year;;x;;;http://www.zonadeavituallamiento.es/images/Sunweb12.jpg;
Super U-Raleigh-Fiat;1989;Profesional;;;x;;;http://www.zonadeavituallamiento.es/images/SuperU89.jpg;
SuperConfex-Yoko-Opel-Colnago;1989;Profesional;;;x;;;http://www.avesdeburgos.com/ciclismo/images/Isostar(a).jpg;http://www.avesdeburgos.com/ciclismo/images/Isostar(b).jpg
Supermercados Froiz;2009;Elite-Sub23;Same as previous year;;x;;;http://www.avesdeburgos.com/ciclismo/images/Karpin-Galicia07.jpg;
Supermercados Froiz;2010;Elite-Sub23;Same as previous year;;x;;;http://www.avesdeburgos.com/ciclismo/images/Karpin-Galicia07.jpg;
Supermercados Froiz;2021;Elite-Sub23;;;x;;;http://www.zonadeavituallamiento.es/images/Super-Froiz22.jpg;
Supermercados Froiz;2022;Elite-Sub23;Same as previous year;;x;;;http://www.zonadeavituallamiento.es/images/Super-Froiz22.jpg;
Supermercados Froiz;2023;Elite-Sub23;Same as previous year;;x;;;http://www.zonadeavituallamiento.es/images/Super-Froiz23.jpg;
Suprotina;2000;;;;;;;https://lakarra.net/wp-content/uploads/2019/12/musette-2000-relax-fuenlabrada-suprotina.jpg;
Sweden;2016;Nation;;;x;;;https://lakarra.net/wp-content/uploads/2019/12/musette-2016-sweden-suecia.jpg;
Sweden;2018;Nation;Same as previous year;;x;;;https://www.facebook.com/photo/?fbid=2038012703154013&set=a.2020848098203807;
Sweden;2015;Nation;;;x;;;sweden_15;
Sweden;2024;Nation;;;x;;;sweden_24;
Swiss;2015;Nation;;;x;;;https://lakarra.net/wp-content/uploads/2019/12/musette-2015-swiss-cycling.jpg;https://lakarra.net/wp-content/uploads/2019/12/musette-2015-swiss-cycling-trasera-sponser.jpg
Swiss;2017;Nation;;;x;;;swiss_17;
Swiss;2022;Nation;Same as previous year;;x;;;https://www.facebook.com/photo/?fbid=3104581916497081&set=a.3077362349219038;
Swiss;2023;Nation;;;x;;;swiss_23;swiss_23_back
Swiss;2016;Nation;Same as previous year;;x;;;https://lakarra.net/wp-content/uploads/2019/12/musette-2016-swiss-cycling-suiza.jpg;https://lakarra.net/wp-content/uploads/2019/12/musette-2016-swiss-suiza-trasera-sponser.jpg
Swiss cycling academy;2018;Nation;;;x;;;swiss_academy_18;
Swiss cycling academy;2019;Nation;;;No Swiss Premium Nutrition;;;https://lakarra.net/wp-content/uploads/2020/04/musette-2019-dt-swiss-racing-suiza-winforce.jpg;
Synergy Baku Cycling Project;2013;UCI Europa Tour Continental;;;x;;;http://www.zonadeavituallamiento.es/images/Baku13.jpg;
Synergy Baku Cycling Project;2014;UCI Europa Tour Continental;;;Bigger Synergy Group logo;;;http://www.zonadeavituallamiento.es/images/Baku14.jpg;
Synergy Baku Cycling Project;2015;UCI Europa Tour Continental;Same as previous year;;x;;;http://www.zonadeavituallamiento.es/images/Baku14.jpg;
Synergy Baku Cycling Project;2016;UCI Europa Tour Continental;Same as previous year;;x;;;http://www.zonadeavituallamiento.es/images/Baku14.jpg;
Synergy Baku Cycling Project;2017;UCI Europa Tour Continental;Same as previous year;;x;;;http://www.zonadeavituallamiento.es/images/Baku14.jpg;
Système U;1987;Profesional;;;x;;;http://www.avesdeburgos.com/ciclismo/images/SystemeU87.jpg;
T.Palm-Pôle Continental Wallon;2018;UCI Europa Tour Continental;;;;;;http://www.zonadeavituallamiento.es/images/T-Palm18(a).jpg;http://www.zonadeavituallamiento.es/images/T-Palm18(b).jpg
TABLEWARE GATSOULIS;2009;;;;;;;https://lakarra.net/wp-content/uploads/2019/12/musette-2009-sp-tableware-gatsoulis.jpg;
Tacconi Sport;2002;TT I;;;Emmegi middle;;;http://www.avesdeburgos.com/ciclismo/images/Tacconi02.jpg;
Tacconi Sport-Vini Caldirola;2001;TT I;;;Tacconi middle;;;http://www.avesdeburgos.com/ciclismo/images/Tacconi01.jpg;
Tarteletto-Isorex;2019;UCI Europa Tour Continental;;;x;;;http://www.zonadeavituallamiento.es/images/Tarteletto19.jpg;
Tarteletto-Isorex;2020;;;;x;;;https://lakarra.net/wp-content/uploads/2021/02/musette-2020-tarteletto-isorex.jpeg;
Tarteletto-Isorex;2021;;;;AGS bottom;;;https://lakarra.net/wp-content/uploads/2022/01/musette-2021-tartelettto-isorex-ags.jpeg;
Tarteletto-Isorex;2024;;;;x;;;tarteletto_24;
Tavfer Mortagua;2021;;;;x;;;https://lakarra.net/wp-content/uploads/2022/01/musette-2021-tavfer-measindot-mortagua.jpeg;
Tavfer Mortagua;2022;;;;White frame;;;https://lakarra.net/wp-content/uploads/2023/01/musette-2022-tavfer-mortagua-matinabos-volta.jpeg;
Tavfer Mortagua;2022;;;;x;;;https://lakarra.net/wp-content/uploads/2023/01/musette-2022-tavfer-mortagua-matinados.jpeg;
Tavfer Mortagua;2023;;;;x;x;;tavfer_23;
Tavira;2023, 2024;;;;x;x;;tavira_23;
Tavira-Prio;2011;UCI Europa Tour Continental;;;prio top;;;http://www.zonadeavituallamiento.es/images/Tavira11.jpg;
TC CHROBY SCOTT GLOGOW;2022;;;;;;;https://lakarra.net/wp-content/uploads/2023/01/musette-2022-tc-chroby-scott-glogow.jpeg;
TDT - Unibet Cycling Team;2023;;;;x;;;tietema_23;
Teag Team Köstritzer;2005;;;;x;;;https://lakarra.net/wp-content/uploads/2020/12/musette-2005-teag-kostrizer-strom.jpeg;
Teag Team Köstritzer;2005;Elite-Sub23;;;x;;;http://www.zonadeavituallamiento.es/images/Teag-Strom.jpg;
Team 3C Casalinghi Jet Androni Giocattoli;2006;UCI Europa Tour Continental Profesional;Same as previous year;;x;;;http://www.avesdeburgos.com/ciclismo/images/Androni06.jpg;
Team 3C-Gruppe;2008;UCI Europa Tour Continental;;;x;;;http://www.avesdeburgos.com/ciclismo/images/Born07.jpg;
Team 3C-Gruppe;2008;UCI Europa Tour Continental;Same as previous year;;x;;;http://www.avesdeburgos.com/ciclismo/images/Lamonta07.jpg;
Team 3C-Gruppe Lamonta;2007;UCI Europa Tour Continental;Same as previous year;;x;;;http://www.avesdeburgos.com/ciclismo/images/Lamonta07.jpg;
Team 3M;2014;UCI Europa Tour Continental;;;x;;;http://www.zonadeavituallamiento.es/images/3M14.jpg;
Team 3M;2015;UCI Europa Tour Continental;Same as previous year;;x;;;http://www.zonadeavituallamiento.es/images/3M14.jpg;
Team 3M;2016;UCI Europa Tour Continental;Same as previous year;;x;;;http://www.zonadeavituallamiento.es/images/3M14.jpg;
Team Androni Giocattoli - 3c Casalinghi;2005;UCI Europa Tour Continental Profesional;;;x;;;https://lakarra.net/wp-content/uploads/2019/12/musette-2005-androni-giocattoli.jpg;
Team Arcabuco;2019;;;;x;;;https://lakarra.net/wp-content/uploads/2020/04/musette-2019-team-arcabuco.jpg;
Team Argos-Shimano;2012;UCI Europa Tour Continental Profesional;;;x;;;http://www.zonadeavituallamiento.es/images/1t4i12(a).jpg;http://www.zonadeavituallamiento.es/images/1t4i12(b).jpg
Team Argos-Shimano;2012;UCI Europa Tour Continental Profesional;;;x;;;http://www.zonadeavituallamiento.es/images/Argos12.jpg;
Team Argos-Shimano;2013;UCI WorldTour;;;x;;;http://www.zonadeavituallamiento.es/images/Argos13(1).jpg;
Team Argos-Shimano;2013;UCI WorldTour;;;transparent;;;http://www.zonadeavituallamiento.es/images/Argos13(2).jpg;
Team Arkea-Samsic;2019;UCI Europa Tour Continental Profesional;;;Blue lines - bottom;;;http://www.zonadeavituallamiento.es/images/Arkea19.jpg;
Team Arkea-Samsic;2020;UCI ProTeam;;;Black lines - bottom;;;http://www.zonadeavituallamiento.es/images/Arkea19.jpg;
Team Arkea-Samsic;2021;UCI ProTeam;;;x;;;http://www.zonadeavituallamiento.es/images/Arkea21.jpg;
Team Arkea-Samsic;2022;UCI WorldTeam;Same as previous year;;x;;;http://www.zonadeavituallamiento.es/images/Arkea2122.jpg;
Team Arkea-Samsic;2022;UCI WorldTeam;;;White handle;;;http://www.zonadeavituallamiento.es/images/Arkea22.jpg;
Team Arkea-Samsic;2023;UCI WorldTeam;;;x;;;http://www.zonadeavituallamiento.es/images/Arkea23.jpg;
Team Barloworld;2003;TT III;;;x;;;http://www.avesdeburgos.com/ciclismo/images/Barloworld03.jpg;
Team Barloworld-Androni Gioccatoli;2004;TT2;;;x;;;barloworld_04;
Team Barloworld-Valsir;2005;UCI Europa Tour Continental Profesional;;;x;;;http://www.avesdeburgos.com/ciclismo/images/Barloworld-Valsir05.jpg;
Team Bianchi;2003;TT I;;;x;;;http://www.zonadeavituallamiento.es/images/Bianchi03.jpg;
Team BikeExchange;2021;UCI WorldTeam;;;x;;;http://www.zonadeavituallamiento.es/images/Bike-Exchange21.jpg;
Team BikeExchange-Jayco;2022;UCI WorldTeam;;;x;;;http://www.zonadeavituallamiento.es/images/Bike-Exchange22.jpg;
Team Bonitas;2011;UCI Africa Tour Continental;;;x;;;http://www.zonadeavituallamiento.es/images/Bonitas11.jpg;
Team Bonitas;2012;UCI Africa Tour Continental;;;Serious about what you need;;;http://www.zonadeavituallamiento.es/images/Bonitas12.jpg;
Team Bridgestone Anchor;2002;TT III;;;2002 in middle;;;http://www.avesdeburgos.com/ciclismo/images/Bridgestone-Anchor02.jpg;
Team Bridgestone Anchor;2005;UCI Asia Tour Continental;;;x;;;http://www.avesdeburgos.com/ciclismo/images/Bridgestone-Anchor05.jpg;
Team Bridgestone Anchor;2005;UCI Asia Tour Continental;;;2005 top right;;;http://www.avesdeburgos.com/ciclismo/images/CycleRacingTeamVang06.jpg;
Team Bridgestone Anchor;2009;UCI Asia Tour Continental;;;x;;;http://www.zonadeavituallamiento.es/images/Bridgestone-Anchor09.jpg;
Team Bridgestone Anchor;2011;UCI Asia Tour Continental;;;2011 in middle;;;http://www.zonadeavituallamiento.es/images/Bridgestone-Anchor11.jpg;
Team Bridgestone Anchor;2012;UCI Asia Tour Continental;;;x;;;http://www.zonadeavituallamiento.es/images/Bridgestone-Anchor12(2).jpg;
Team Bridgestone Anchor;2012;UCI Asia Tour Continental;;;2012 in middle;;;http://www.zonadeavituallamiento.es/images/Bridgestone-Anchor12.jpg;
Team Bridgestone Anchor;2013;UCI Asia Tour Continental;;;2013 in middle;;;bridgestone_13;
Team Cannondale-Garmin;2015;UCI WorldTour;;;x;;;http://www.zonadeavituallamiento.es/images/Cannondale-Garmin15.jpg;
Team Coast;2001;TT I;;;x;;;http://www.avesdeburgos.com/ciclismo/images/Coast.jpg;
Team Coast;2002;TT I;Same as previous year;;x;;;http://www.avesdeburgos.com/ciclismo/images/Coast.jpg;
Team Coast;2003;TT I;;;Bigger Coast logo;;;http://www.zonadeavituallamiento.es/images/Coast03.jpg;
Team Cologne;2002;TT II;;;x;;;http://www.zonadeavituallamiento.es/images/Cologne(a).jpg;http://www.zonadeavituallamiento.es/images/Cologne(b).jpg
Team Colpack;2016;;;;x;;;https://lakarra.net/wp-content/uploads/2019/12/musette-2016-colpack-rosti.jpg;
Team Colpack;2017;;Same as previous year;;x;;;https://www.facebook.com/photo/?fbid=1925414407747177&set=a.1925413304413954;
Team Colpack;2018;;;;x;;;https://lakarra.net/wp-content/uploads/2019/12/musette-2018-colpack.jpg;
Team Colpack;2019;;;;x;;;colpack_19;
Team Colpack Ballan;2020;;;;x;;;colpack_20;
Team Colpack Ballan;2021;;;;x;;;https://lakarra.net/wp-content/uploads/2022/01/musette-2021-colpack-ballan-rosti-black.jpeg;
Team Colpack Ballan;2022;;Same as previous year;;x;;;https://www.facebook.com/photo/?fbid=3116248385330434&set=a.3077362349219038;
Team Colpack Ballan CSB;2023;;;;No rosti;x;;colpack_23;
Team Columbia-High Road;2008;UCI ProTour;;;x;;;http://www.zonadeavituallamiento.es/images/Columbia08.jpg;
Team Columbia-High Road;2009;UCI ProTour;;;x;;;http://www.zonadeavituallamiento.es/images/Columbia09.jpg;
Team ComNet-Senges;2004;TT III;;;x;;;http://www.zonadeavituallamiento.es/images/Blanca(miniovalo).jpg;
Team Concordia Forsikring- Himmerland;2012;UCI Europa Tour Continental;;;x;;;http://www.zonadeavituallamiento.es/images/Concordia-Riwal12.jpg;
Team Concordia Forsikring- Riwal;2013;UCI Europa Tour Continental;;;x;;;http://www.zonadeavituallamiento.es/images/Concordia-Riwal13.jpg;
Team Coop;2017;UCI Europa Tour Continental;;;New blue?;;;coop_17;
Team Coop;2017;UCI Europa Tour Continental;;;x;;;http://www.zonadeavituallamiento.es/images/Coop18.jpg;
Team Coop;2018;UCI Europa Tour Continental;Same as previous year;;x;;;http://www.zonadeavituallamiento.es/images/Coop18.jpg;
Team Coop;2019;UCI Europa Tour Continental;;;x;;;https://lakarra.net/wp-content/uploads/2020/04/musette-2019-coop.jpg;
Team Coop;2020;UCI Europa Tour Continental;Same as previous year;;x;;;https://www.facebook.com/photo/?fbid=2693832780905332&set=a.2520039941617951;
Team Coop Repsol;2023;;;;x;;;coop_23;
Team Coop Repsol;2024;;Same as previous year;;x;;;;
Team Coop-Oster Hus;2015;UCI Europa Tour Continental;;;x;;;http://www.zonadeavituallamiento.es/images/Coop15.jpg;
Team Coop-Oster Hus;2016;UCI Europa Tour Continental;Same as previous year;;x;;;http://www.zonadeavituallamiento.es/images/Coop15.jpg;
Team Corratec;2009;UCI Europa Tour Continental;;;x;;;http://www.zonadeavituallamiento.es/images/Corratec09(a).jpg;http://www.zonadeavituallamiento.es/images/Corratec09(b).jpg
Team CSC;2003;TT I;;;x;;;http://www.avesdeburgos.com/ciclismo/images/CSC0405.jpg;
Team CSC;2004;TT I;Same as previous year;;x;;;http://www.avesdeburgos.com/ciclismo/images/CSC0405.jpg;
Team CSC;2005;UCI ProTour;Same as previous year;;x;;;http://www.avesdeburgos.com/ciclismo/images/CSC0405.jpg;
Team CSC;2006;UCI ProTour;;;x;;;http://www.avesdeburgos.com/ciclismo/images/CSC0607.jpg;
Team CSC;2007;UCI ProTour;;;Masterseek top middle;;;http://www.avesdeburgos.com/ciclismo/images/CSC07(2).jpg;
Team CSC;2007;UCI ProTour;;;Smaller Nobili top left;;;http://www.avesdeburgos.com/ciclismo/images/CSC07.jpg;
Team CSC;2008;UCI ProTour;;;x;;;http://www.zonadeavituallamiento.es/images/CSC08.jpg;
Team CSC Saxo Bank;2008;UCI ProTour;;;x;;;http://www.zonadeavituallamiento.es/images/CSC-Saxobank08.jpg;
Team CSC Tiscali;2001;;;;x;;Tour;https://lakarra.net/wp-content/uploads/2019/12/musette-2001-TDF-csc-tiscali-01.jpg;
Team CSC Tiscali;2002;TT I;;;x;;;http://www.avesdeburgos.com/ciclismo/images/CSC-Tiscali02.jpg;
Team CSC-World Online;2001;TT I;;;x;;;http://www.zonadeavituallamiento.es/images/CSC-Tiscali01(a).jpg;http://www.zonadeavituallamiento.es/images/CSC-Tiscali01(b).jpg
Team CykelCity.se;2010;Elite-Sub23;;;x;;;http://www.zonadeavituallamiento.es/images/Cykelcity.jpg;
Team CykelCity.se;2010;Elite-Sub23;;;Sponsort on strap;;;http://www.zonadeavituallamiento.es/images/Cykelcity10.jpg;
Team CykelCity.se;2011;Elite-Sub23;;;x;;;http://www.zonadeavituallamiento.es/images/Cykelcity11(a).jpg;http://www.zonadeavituallamiento.es/images/Cykelcity11(b).jpg
Team CykelCity.se;2012;UCI Europa Tour Continental;;;High5 top left;;;http://www.zonadeavituallamiento.es/images/Cykelcity12.jpg;
Team Designa Kokken;2006;UCI Europa Tour Continental;;;x;;;http://www.avesdeburgos.com/ciclismo/images/Designa0607.jpg;
Team Designa Kokken;2007;UCI Europa Tour Continental;Same as previous year;;x;;;http://www.avesdeburgos.com/ciclismo/images/Designa0607.jpg;
Team Designa Kokken;2008;UCI Europa Tour Continental;;;x;;;http://www.zonadeavituallamiento.es/images/Designa09.jpg;
Team Designa Kokken;2009;UCI Europa Tour Continental;Same as previous year;;x;;;http://www.zonadeavituallamiento.es/images/Designa09.jpg;
Team Designa Kokken- Blue Water;2010;UCI Europa Tour Continental;Same as previous year;;x;;;http://www.zonadeavituallamiento.es/images/Designa09.jpg;
Team Deutsche Telekom;1996;TT I;;;x;;;http://www.avesdeburgos.com/ciclismo/images/Telekom2.jpg;
Team Deutsche Telekom;1997;TT I;;;Square format;;;http://www.zonadeavituallamiento.es/images/Telekom4.jpg;
Team Deutsche Telekom;2002;TT I;;;No logo top left;;;http://www.zonadeavituallamiento.es/images/Telekom02(a).jpg;http://www.zonadeavituallamiento.es/images/Telekom02(b).jpg
Team Deutsche Telekom;2002;TT I;;;ARD top left;;;http://www.zonadeavituallamiento.es/images/Telekom3.jpg;
Team Deutsche Telekom;2002;TT I;;;Square format, ARD top left;;;http://www.zonadeavituallamiento.es/images/Telekom5.jpg;
Team Deutsche Telekom;2003;TT I;;;Square format, no logo top left;;;http://www.avesdeburgos.com/ciclismo/images/Telekom03.jpg;
Team Differdange-Losch;2013;UCI Europa Tour Continental;;;x;;;http://www.zonadeavituallamiento.es/images/Immo-Casa14.jpg;
Team Differdange-Losch;2014;UCI Europa Tour Continental;Same as previous year;;x;;;http://www.zonadeavituallamiento.es/images/Immo-Casa14.jpg;
Team Differdange-Losch;2018;UCI Europa Tour Continental;Same as previous year;;x;;;http://www.zonadeavituallamiento.es/images/Immo-Casa14.jpg;
Team Dimension Data;2017;UCI WorldTour;;;x;;;http://www.zonadeavituallamiento.es/images/Dimension-Data17(a).jpg;http://www.zonadeavituallamiento.es/images/Dimension-Data17(b).jpg
Team Dimension Data;2018;UCI WorldTour;;;x;;;http://www.zonadeavituallamiento.es/images/Dimension-Data(1)18(a).jpg;http://www.zonadeavituallamiento.es/images/Dimension-Data(1)18(b).jpg
Team Dimension Data;2018;UCI WorldTour;;;x;;;http://www.zonadeavituallamiento.es/images/Dimension-Data(2)18(a).jpg;http://www.zonadeavituallamiento.es/images/Dimension-Data(2)18(b).jpg
Team Dimension Data;2018;UCI WorldTour;;;Same front and back?;;;http://www.zonadeavituallamiento.es/images/Dimension-Data17(a).jpg;
Team Dimension Data;2019;UCI WorldTour;;;x;;;http://www.zonadeavituallamiento.es/images/Dimension-Data19(a).jpg;http://www.zonadeavituallamiento.es/images/Dimension-Data19(b).jpg
Team DSM;2021;UCI WorldTeam;;;x;;;http://www.zonadeavituallamiento.es/images/DSM21(a).jpg;http://www.zonadeavituallamiento.es/images/DSM21(b).jpg
Team DSM;2021;UCI Equipo Femenino;;;x;;;https://lakarra.net/wp-content/uploads/2022/01/musette-2021-dsm-women.jpeg;https://lakarra.net/wp-content/uploads/2022/01/musette-2021-dsm-women-trasera.jpeg
Team DSM;2022;UCI WorldTeam;;;x;;;http://www.zonadeavituallamiento.es/images/DSM(2)22(a).jpg;http://www.zonadeavituallamiento.es/images/DSM(2)22(b).jpg
Team DSM-Firmenich;2023;UCI WorldTeam;;;x;;;http://www.zonadeavituallamiento.es/images/DSM23(a).jpg;http://www.zonadeavituallamiento.es/images/DSM23(b).jpg
Team Ecuador;2014;UCI Europa Tour Continental;;;x;;;http://www.zonadeavituallamiento.es/images/Ecuador14(2).jpg;
Team Ecuador;2015;UCI Europa Tour Continental;;;x;;;http://www.zonadeavituallamiento.es/images/Ecuador14(1).jpg;
Team EF Education First-Drapac p/b Cannondale;2018;UCI WorldTour;;;x;;;http://www.zonadeavituallamiento.es/images/EF-Drapac18.jpg;
Team Europcar;2011;UCI Europa Tour Continental;;;x;;;http://www.zonadeavituallamiento.es/images/Europcar11.jpg;
Team Europcar;2012;UCI Europa Tour Continental;;;x;;;http://www.zonadeavituallamiento.es/images/Europcar12.jpg;
Team Europcar;2013;UCI Europa Tour Continental;Same as previous year;;x;;;http://www.zonadeavituallamiento.es/images/Europcar12.jpg;
Team Europcar;2014;UCI WorldTour;;;x;;;http://www.zonadeavituallamiento.es/images/Europcar14.jpg;
Team Europcar;2015;UCI Europa Tour Continental Profesional;Same as previous year;;x;;;http://www.zonadeavituallamiento.es/images/Europcar14.jpg;
Team Euskadi;2018;UCI Europa Tour Continental;;;x;;;http://www.zonadeavituallamiento.es/images/Euskadi18.jpg;
Team Fakta;1999;;;;x;;;https://lakarra.net/wp-content/uploads/2019/12/musette-1999-fakta.jpg;
Team Fakta;2003;TT I;;;x;;;http://www.zonadeavituallamiento.es/images/Fakta03.jpg;
Team FixIt.no;2014;UCI Europa Tour Continental;;;x;;;http://www.zonadeavituallamiento.es/images/Fixit14.jpg;
Team FixIt.no;2015;UCI Europa Tour Continental;Same as previous year;;x;;;http://www.zonadeavituallamiento.es/images/Fixit14.jpg;
Team FixIt.no;2015;UCI Europa Tour Continental;;;x;;;http://www.zonadeavituallamiento.es/images/Fixit1516.jpg;
Team FixIt.no;2016;UCI Europa Tour Continental;Same as previous year;;x;;;http://www.zonadeavituallamiento.es/images/Fixit1516.jpg;
Team FixIt.no;2017;UCI Europa Tour Continental;Same as previous year;;x;;;http://www.zonadeavituallamiento.es/images/Fixit1516.jpg;
Team flanders;2024;UCI ProTeam;;;x;;;flanders_24;
Team Fortuneo-Samsic;2018;UCI Europa Tour Continental Profesional;;;x;;;http://www.zonadeavituallamiento.es/images/Fortuneo-Samsic18.jpg;
Team Garmin-Cervélo;2011;UCI WorldTour;;;x;;;http://www.zonadeavituallamiento.es/images/Garmin-Cervelo11.jpg;
Team Gerolsteiner;2000;TT II;;;x;;;http://www.zonadeavituallamiento.es/images/Gerolsteiner2000.jpg;
Team Giant-Alpecin;2015;UCI WorldTour;;;x;;;http://www.zonadeavituallamiento.es/images/Giant-Alpecin15.jpg;
Team Giant-Alpecin;2016;UCI WorldTour;Same as previous year;;x;;;http://www.zonadeavituallamiento.es/images/Giant-Alpecin15.jpg;
Team Giant-Scatto U23;2016;UCI Europa Tour Continental;;;x;;;http://www.zonadeavituallamiento.es/images/Giant-Scatto16.jpg;
Team Giant-Scatto U23;2017;UCI Europa Tour Continental;;;x;;;https://lakarra.net/wp-content/uploads/2019/12/musette-2017-giant-scatto-castelli-u23-white.jpg;
Team Giant-Scatto U23;2017;UCI Europa Tour Continental;Same as previous year;;x;;;https://lakarra.net/wp-content/uploads/2019/12/musette-2017-giant-scatto-u23.jpg;
Team Giant-Shimano;2014;UCI WorldTour;;;x;;;http://www.zonadeavituallamiento.es/images/Giant-Shimano14.jpg;
Team Giant-Shimano;2014;UCI Equipo femenino;;;x;;;http://www.zonadeavituallamiento.es/images/Liv-Shimano14.jpg;
Team Home-Jack&Jones;1998;TT II;;;x;;;http://www.zonadeavituallamiento.es/images/Home-Jack98.jpg;
Team Home-Jack&Jones;1999;TT II;;;x;;;http://www.avesdeburgos.com/ciclismo/images/Home-Jack99(a).jpg;http://www.avesdeburgos.com/ciclismo/images/Home-Jack99(b).jpg
Team HTC-Columbia;2010;UCI ProTour;;;x;;;http://www.zonadeavituallamiento.es/images/HTC-Columbia10.jpg;
Team IBT;2023;;;;;;;ibt_23;
Team IBT;2024;;;;x;x;;ibt_24;
Team Idea;2012;UCI Europa Tour Continental;;;x;;;http://www.zonadeavituallamiento.es/images/Idea12.jpg;
Team Idea;2014;UCI Europa Tour Continental;;;x;;;http://www.zonadeavituallamiento.es/images/Idea14.jpg;
Team Ineos;2019;UCI WorldTour;;;White Ineos;;;http://www.zonadeavituallamiento.es/images/Ineos19(2).jpg;
Team Ineos;2019;UCI WorldTour;;;x;;;ineos_19;
Team Ineos;2019;UCI WorldTour;;;x;;;ineos_19(2);
Team Ineos;2020;UCI WorldTour;;;x;;;http://www.zonadeavituallamiento.es/images/Ineos1920.jpg;
Team Jayco Alula;2023;UCI WorldTeam;;;x;;;http://www.zonadeavituallamiento.es/images/Jayco23.jpg;
Team Joker;2014;UCI Europa Tour Continental;;;original.no at bottom;;;joker_14;
Team Joker;2014;UCI Europa Tour Continental;;;x;;;http://www.zonadeavituallamiento.es/images/Joker14(a).jpg;http://www.zonadeavituallamiento.es/images/Joker14(b).jpg
Team Joker;2015;UCI Europa Tour Continental;;;x;;;joker_15;
Team Joker;2015;UCI Europa Tour Continental;Same as previous year;;x;;;http://www.zonadeavituallamiento.es/images/Joker14(a).jpg;http://www.zonadeavituallamiento.es/images/Joker14(b).jpg
Team Joker - Merida;2012;;;;x;;;https://lakarra.net/wp-content/uploads/2019/12/musette-2012-jartazi-joker-merida.jpg;
Team Joker Biggtorget;2016;UCI Europa Tour Continental;;;Sportswear under kalas;;;http://www.zonadeavituallamiento.es/images/Joker16(a).jpg;http://www.zonadeavituallamiento.es/images/Joker16(b).jpg
Team Joker Icopal;2017;UCI Europa Tour Continental;Same as previous year;;x;;;http://www.zonadeavituallamiento.es/images/Joker16(a).jpg;http://www.zonadeavituallamiento.es/images/Joker16(b).jpg
Team Joker Icopal;2018;UCI Europa Tour Continental;;;x;;;https://lakarra.net/wp-content/uploads/2019/12/musette-2018-joker-fuel.jpg;
Team Jumbo-Visma;2019;UCI WorldTour;;;x;;;http://www.zonadeavituallamiento.es/images/Jumbo19.jpg;
Team Jumbo-Visma;2022;UCI WorldTeam;;;Food coach top left;;;http://www.zonadeavituallamiento.es/images/Jumbo22.jpg;
Team Jumbo-Visma;2023;UCI WorldTeam;;;x;;;http://www.zonadeavituallamiento.es/images/Jumbo23.jpg;
Team Jumbo-Visma Devo;2022;;;;Valkenburg bottom right;;;https://lakarra.net/wp-content/uploads/2023/02/musette-2022-jumbo-valkenburg-parkhotel.jpeg;
Team Katusha;2009;UCI Pro Tour;;;x;;;http://www.zonadeavituallamiento.es/images/Katusha09.jpg;
Team Katusha;2010;UCI Pro Tour;;;x;;;http://www.zonadeavituallamiento.es/images/Katusha10.jpg;
Team Katusha;2014;UCI WorldTour;;;x;;;http://www.zonadeavituallamiento.es/images/Katusha14.jpg;
Team Katusha;2015;UCI WorldTour;;;x;;;http://www.zonadeavituallamiento.es/images/Katusha15.jpg;
Team Katusha;2016;UCI WorldTour;;;x;;;http://www.zonadeavituallamiento.es/images/Katusha16.jpg;
Team Katusha Alpecin;2017;UCI WorldTour;;;x;;;http://www.zonadeavituallamiento.es/images/Katusha17.jpg;
Team Katusha Alpecin;2017;UCI WorldTour;;;x;;;https://lakarra.net/wp-content/uploads/2019/12/musette-2017-katusha-tour.jpg;
Team Katusha Alpecin;2018;UCI WorldTour;;;x;;;http://www.zonadeavituallamiento.es/images/Katusha18(1).jpg;
Team Katusha Alpecin;2018;UCI WorldTour;;;x;;;katusha_18;
Team Katusha Alpecin;2018;UCI WorldTour;;;x;;;http://www.zonadeavituallamiento.es/images/Katusha18(2).jpg;
Team Katusha Alpecin;2019;UCI WorldTour;;;x;;;http://www.zonadeavituallamiento.es/images/Katusha19.jpg;
Team Kuota-Indeland;2009;UCI Europa Tour Continental;;;x;;;http://www.zonadeavituallamiento.es/images/Nutrixxion09.jpg;
Team Kuota-Lotto;2015;UCI Europa Tour Continental;;;x;;;http://www.zonadeavituallamiento.es/images/4Bike15.jpg;
Team Kuota-Lotto;2016;UCI Europa Tour Continental;;;x;;;http://www.zonadeavituallamiento.es/images/Kuota-Lotto16.jpg;
Team La Pomme Marseille 13;2014;UCI Europa Tour Continental;;;x;;;http://www.zonadeavituallamiento.es/images/La-Pomme14(a).jpg;http://www.zonadeavituallamiento.es/images/La-Pomme14(b).jpg
Team Lamonta;2004;TT III;;;x;;;http://www.avesdeburgos.com/ciclismo/images/Lamonta07.jpg;
Team Lamonta;2005;UCI Europa Tour Continental;Same as previous year;;x;;;http://www.avesdeburgos.com/ciclismo/images/Lamonta07.jpg;
Team Lamonta;2006;UCI Europa Tour Continental;;;x;;;http://www.zonadeavituallamiento.es/images/Lamonta06.jpg;
Team Liv-Plantur;2015;UCI Equipo femenino;;;x;;;http://www.zonadeavituallamiento.es/images/Liv-Plantur15.jpg;
Team Liv-Plantur;2016;UCI Equipo femenino;Same as previous year;;x;;;http://www.zonadeavituallamiento.es/images/Liv-Plantur15.jpg;
Team Lombarden;Años 90;Amateur;;;x;;;http://www.avesdeburgos.com/ciclismo/images/Littoral.jpg;
Team Lombarden;Años 90;Amateur;;;x;;;http://www.zonadeavituallamiento.es/images/Decorte.jpg;
Team Lombarden;Años 90;Amateur;;;x;;;http://www.zonadeavituallamiento.es/images/Littoral-Gatorade.jpg;
Team Lotto NL-Jumbo;2015;UCI WorldTour;;;x;;;http://www.zonadeavituallamiento.es/images/Lotto-Jumbo15.jpg;
Team Lotto NL-Jumbo;2016;UCI WorldTour;Same as previous year;;x;;;http://www.zonadeavituallamiento.es/images/Lotto-Jumbo15.jpg;
Team Lotto NL-Jumbo;2017;UCI WorldTour;;;x;;;http://www.zonadeavituallamiento.es/images/Lotto-Jumbo17.jpg;
Team Lotto NL-Jumbo;2018;UCI WorldTour;;;x;;;http://www.zonadeavituallamiento.es/images/Lotto-Jumbo18.jpg;
Team Lotto-Kern Haus;2018;;;;x;;;https://lakarra.net/wp-content/uploads/2019/12/musette-2018-lotto-kern-haus.jpg;
Team Lotto-Kern Haus;2017;;;;x;;;kernhaus_17;
Team Lotto-Kern Haus;2019;;Same as previous year;;x;;;https://www.facebook.com/photo/?fbid=2263977243890890&set=a.2228225577466057;
Team Lotto-Kern Haus;;;;;;;;kernhaus;
Team Löwik Meubelen;2006;UCI Europa Tour Continental;;;x;;;http://www.zonadeavituallamiento.es/images/Amarilla09.jpg;
Team LPR-Piacenza Management srl;2004;TT II;;;x;;;http://www.avesdeburgos.com/ciclismo/images/Lpr04.jpg;
Team Marseille 13 KTM;2015;UCI Europa Tour Continental;;;x;;;http://www.zonadeavituallamiento.es/images/Marseille15(a).jpg;http://www.zonadeavituallamiento.es/images/Marseille15(b).jpg
Team Milram;2006;UCI ProTour;;;x;;;http://www.avesdeburgos.com/ciclismo/images/Milram06.jpg;
Team Milram;2007;UCI ProTour;;;Colnago bottom middle;;;http://www.avesdeburgos.com/ciclismo/images/Milram07.jpg;
Team Milram;2008;UCI ProTour;Same as previous year;;x;;;http://www.avesdeburgos.com/ciclismo/images/Milram07.jpg;
Team Milram;2009;UCI ProTour;;;x;;;http://www.zonadeavituallamiento.es/images/Milram09.jpg;
Team Milram;2010;UCI ProTour;Same as previous year;;x;;;http://www.zonadeavituallamiento.es/images/Milram09.jpg;
Team NetApp;2010;UCI Europa Tour Continental;;;x;;;http://www.zonadeavituallamiento.es/images/NetApp10.jpg;
Team NetApp;2011;UCI Europa Tour Continental Profesional;Same as previous year;;x;;;http://www.zonadeavituallamiento.es/images/NetApp10.jpg;
Team NetApp;2012;UCI Europa Tour Continental Profesional;;;x;;;http://www.zonadeavituallamiento.es/images/NetApp12.jpg;
Team NetApp-Endura;2013;UCI Europa Tour Continental Profesional;;;x;;;http://www.zonadeavituallamiento.es/images/NetApp13.jpg;
Team NetApp-Endura;2014;UCI Europa Tour Continental Profesional;Same as previous year;;x;;;http://www.zonadeavituallamiento.es/images/NetApp13.jpg;
Team Nippo;2012;UCI Asia Tour Continental;;;x;;;http://www.zonadeavituallamiento.es/images/Nippo10.jpg;
Team Novo Nordisk;2013;UCI América Tour Continental Profesional;;;x;;;http://www.zonadeavituallamiento.es/images/Novo-Nordisk13(a).jpg;http://www.zonadeavituallamiento.es/images/Novo-Nordisk13(b).jpg
Team Novo Nordisk;2014;UCI América Tour Continental Profesional;Same as previous year;;x;;;http://www.zonadeavituallamiento.es/images/Novo-Nordisk13(a).jpg;http://www.zonadeavituallamiento.es/images/Novo-Nordisk13(b).jpg
Team Novo Nordisk;2015;UCI América Tour Continental Profesional;Same as previous year;;x;;;http://www.zonadeavituallamiento.es/images/Novo-Nordisk15(a).jpg;http://www.zonadeavituallamiento.es/images/Novo-Nordisk15(b).jpg
Team Novo Nordisk;2016;UCI América Tour Continental Profesional;;;x;;;http://www.zonadeavituallamiento.es/images/Novo-Nordisk16(a).jpg;http://www.zonadeavituallamiento.es/images/Novo-Nordisk16(b).jpg
Team Novo Nordisk;2017;UCI América Tour Continental Profesional;Same as previous year;;x;;;http://www.zonadeavituallamiento.es/images/Novo-Nordisk16(a).jpg;http://www.zonadeavituallamiento.es/images/Novo-Nordisk16(b).jpg
Team Novo Nordisk;2018;UCI América Tour Continental Profesional;Same as previous year;;x;;;http://www.zonadeavituallamiento.es/images/Novo-Nordisk1618(a).jpg;http://www.zonadeavituallamiento.es/images/Novo-Nordisk1618(b).jpg
Team Novo Nordisk;2020;;;;blue pro cycling bottom;;;https://lakarra.net/wp-content/uploads/2021/02/musette-2020-novo-nordisk.jpeg;https://lakarra.net/wp-content/uploads/2021/02/musette-2020-novo-nordisk-trasera.jpeg
Team Novo Nordisk;2021;;Same as previous year;;x;;;https://www.facebook.com/photo/?fbid=2886954824926459&set=a.2831224660499476;
Team Novo Nordisk;2022;;;;yellow pro cycling botton;;;https://lakarra.net/wp-content/uploads/2023/01/musette-2022-novo-nordisk-gsg.jpeg;
Team Novo Nordisk;2023;;;;x;;;novo_23;
Team Novo Nordisk;2024;UCI ProTeam;;;x;x;;novo_24;
Team Nürnberger;Años 90;Profesional;;;;;;http://www.zonadeavituallamiento.es/images/Mike.jpg;
Team Nürnberger Versicherung;2002;TT II;;;;;;http://www.zonadeavituallamiento.es/images/Nurnberger02(a).jpg;http://www.zonadeavituallamiento.es/images/Nurnberger02(b).jpg
Team Nutrixxion Sparkasse;2009;UCI Europa Tour Continental;;;x;;;http://www.zonadeavituallamiento.es/images/Nutrixxion09.jpg;
Team Nutrixxion Sparkasse;2010;UCI Europa Tour Continental;Same as previous year;;x;;;http://www.zonadeavituallamiento.es/images/Nutrixxion09.jpg;
Team Oster Hus-Ridley;2014;UCI Europa Tour Continental;Same as previous year;;x;;;http://www.zonadeavituallamiento.es/images/Oster-Hus13.jpg;
Team Oster Hus-Ridley;2013;UCI Europa Tour Continental;;;x;;;http://www.zonadeavituallamiento.es/images/Oster-Hus13.jpg;
Team Piemonte;2009;UCI Europa Tour Continental;;;x;;;http://www.avesdeburgos.com/ciclismo/images/VermarcAzul07.jpg;
Team Polti-Granarolo-Santini;1995;Profesional;;;x;;;http://www.zonadeavituallamiento.es/images/Polti95(a).jpg;http://www.zonadeavituallamiento.es/images/Polti95(b).jpg
Team Qhubeka Ekoi;2022;;;;Ekoi bottom;;;https://lakarra.net/wp-content/uploads/2023/01/musette-2022-qhubeka-ekoi.jpeg;
Team Qhubeka Nexthash;2021;UCI WorldTeam;;;Assos bottom;;;http://www.zonadeavituallamiento.es/images/Qhubeka21.jpg;
Team Qhubeka Nexthash;2021;;;;x;;;https://lakarra.net/wp-content/uploads/2022/01/musette-2021-qhubeka-duursport.jpeg;
Team RadioShack;2010;UCI ProTour;;;x;;;http://www.zonadeavituallamiento.es/images/RadioShack10(2).jpg;
Team RadioShack;2010;UCI ProTour;;;x;;;http://www.zonadeavituallamiento.es/images/RadioShack10.jpg;
Team RadioShack;2011;UCI WorldTour;;;x;;;http://www.zonadeavituallamiento.es/images/RadioShack11.jpg;
Team Roth;2016;UCI Europa Tour Continental Profesional;;;x;;;http://www.zonadeavituallamiento.es/images/Roth16.jpg;
Team Saleine;;;;;;;;saleine;
Team Saxo Bank;2009;UCI ProTour;;;Play itas left;;;http://www.zonadeavituallamiento.es/images/SaxoBank09(2).jpg;
Team Saxo Bank;2009;UCI ProTour;;;x;;;http://www.zonadeavituallamiento.es/images/SaxoBank09.jpg;
Team Saxo Bank;2010;UCI ProTour;;;x;;;http://www.zonadeavituallamiento.es/images/SaxoBank10.jpg;
Team Saxo Bank (hasta junio);2012;UCI WorldTour;;;x;;;http://www.zonadeavituallamiento.es/images/SaxoBank12.jpg;
Team Saxo Bank-Tinkoff Bank;2012;UCI WorldTour;;;x;;;http://www.zonadeavituallamiento.es/images/SaxoBank-Tinkoff12.jpg;
Team Saxo-Tinkoff;2013;UCI WorldTour;;;Darker blue top;;;http://www.zonadeavituallamiento.es/images/SaxoBank-Tinkoff13.jpg;
Team Skil-Moser;2005;UCI Europa Tour Continental;;;x;;;http://www.avesdeburgos.com/ciclismo/images/Skill05.jpg;
Team Skil-Moser;2005;UCI Europa Tour Continental;;;Power tools red;;;http://www.zonadeavituallamiento.es/images/Skil05(2).jpg;
Team Sky;2014;UCI WorldTour;Same as previous year;;x;;;http://www.zonadeavituallamiento.es/images/Sky13(b).jpg;http://www.zonadeavituallamiento.es/images/Sky13(a).jpg
Team Sky;2015;UCI WorldTour;;;x;;;http://www.zonadeavituallamiento.es/images/Sky15.jpg;
Team Sky;2016;UCI WorldTour;;;x;;;sky_16;
Team Sky;2017;UCI WorldTour;;;Scorpion - bottom right;;;http://www.zonadeavituallamiento.es/images/Sky17.jpg;
Team Sky;2018;UCI WorldTour;;;x;;Tour;https://lakarra.net/wp-content/uploads/2020/12/musette-2018-sky-ocean-rescue-tour-france-tdf.jpeg;
Team Sky;2018;UCI WorldTour;;;x;;;http://www.zonadeavituallamiento.es/images/Sky18(1).jpg;
Team Sky;2018;UCI WorldTour;;;x;;;http://www.zonadeavituallamiento.es/images/Sky18(2).jpg;
Team Sky;2019;UCI WorldTour;;;x;;;http://www.zonadeavituallamiento.es/images/Sky19(1).jpg;
Team Sky;2019;UCI WorldTour;;;x;;;http://www.zonadeavituallamiento.es/images/Sky19(2).jpg;
Team Smartstop P/B Mountain Khakis;2013;UCI America Tour Continental;;;x;;;http://www.zonadeavituallamiento.es/images/Smartstop13.jpg;
Team SpiderTech powered by C10;2011;UCI America Tour Continental Profesional;;;x;;;http://www.zonadeavituallamiento.es/images/SpiderTech11.jpg;
Team Storez V.C. Ath;2006;Elite-Sub23;;;x;;;http://www.zonadeavituallamiento.es/images/Storez06.jpg;
Team Stuttgart;2014;UCI Europa Tour Continental;;;x;;;http://www.zonadeavituallamiento.es/images/Stuttgart14(a).jpg;http://www.zonadeavituallamiento.es/images/Stuttgart14(b).jpg
Team Stuttgart;2015;UCI Europa Tour Continental;;;x;;;http://www.zonadeavituallamiento.es/images/Stuttgart15.jpg;
Team Stuttgart;2016;;Same as previous year;;x;;;https://www.facebook.com/photo/?fbid=2150190271936255&set=a.2150187431936539;
Team Sunweb;2017;UCI WorldTour;;;x;;;http://www.zonadeavituallamiento.es/images/Sunweb17.jpg;
Team Sunweb;2018;UCI WorldTour;;;Liv and Giant bottom;;;http://www.zonadeavituallamiento.es/images/Sunweb18.jpg;
Team Sunweb;2019;UCI WorldTour;;;Craft bottom;;;http://www.zonadeavituallamiento.es/images/Sunweb19.jpg;
Team Sunweb;2020;UCI WorldTour;;;x;;;http://www.zonadeavituallamiento.es/images/Sunweb20.jpg;
Team Tavira;2015;UCI Europa Tour Continental;;;x;;;http://www.zonadeavituallamiento.es/images/Nutrixxion1516.jpg;
Team Technipes;2023;;;;x;;;technipes;
Team Tibco;2008;UCI Equipo femenino;;;x;;;http://www.zonadeavituallamiento.es/images/Tibco08.jpg;
Team Tre Berg-Postnord;2017;UCI Europa Tour Continental;;;x;;;http://www.zonadeavituallamiento.es/images/Tre-Berg17(a).jpg;http://www.zonadeavituallamiento.es/images/Tre-Berg17(b).jpg
Team TreFor-Blue Water;2015;UCI Europa Tour Continental;;;;;;http://www.zonadeavituallamiento.es/images/Tre-For15(a).jpg;http://www.zonadeavituallamiento.es/images/Tre-For15(b).jpg
Team Type 1;2008;UCI America Tour Continental;;;x;;;http://www.zonadeavituallamiento.es/images/Lipton08.jpg;
Team Type 1-Sanofi;2011;UCI America Tour Continental;;;Press button;;;http://www.zonadeavituallamiento.es/images/TT1-2011.jpg;
Team Type 1-Sanofi;2012;UCI America Tour Continental;;;Scratch;;;http://www.zonadeavituallamiento.es/images/TT1-12.jpg;
Team Ukyo;2018;UCI Asia Tour Continental;Same as previous year;;X;;;http://www.zonadeavituallamiento.es/images/Ukyo1718.jpg;
Team Ukyo;2017;UCI Asia Tour Continental;;;White U in the middle;;;http://www.zonadeavituallamiento.es/images/Ukyo1718.jpg;
Team Ukyo;2016;UCI Asia Tour Continental;Same as previous year;;X;;;http://www.zonadeavituallamiento.es/images/Ukyo14(1).jpg;
Team Ukyo;2015;UCI Asia Tour Continental;Same as previous year;;X;;;http://www.zonadeavituallamiento.es/images/Ukyo14(1).jpg;
Team Ukyo;2014;UCI Asia Tour Continental;;;X;;;http://www.zonadeavituallamiento.es/images/Ukyo14(1).jpg;
Team Ukyo;2014;UCI Asia Tour Continental;;;X;;;http://www.zonadeavituallamiento.es/images/Ukyo14(2).jpg;
Team Ukyo;2023;UCI Asia Tour Continental;;;X;;;ukyo_23;
Team Ukyo;2024;UCI Asia Tour Continental;;;X;;;ukyo_24;
Team Universal Caffè-Ecopetrol;2007;UCI Europa Tour Continental;;;x;;;http://www.avesdeburgos.com/ciclismo/images/Universal07.jpg;
Team Utensilnord;2009;UCI Europa Tour Continental;;;x;;;http://www.zonadeavituallamiento.es/images/Corratec09(a).jpg;http://www.zonadeavituallamiento.es/images/Corratec09(b).jpg
Team Valdarno;2010;UCI Equipo femenino;;;x;;;http://www.zonadeavituallamiento.es/images/Valdarno10.jpg;
Team Valdarno;2010;;;;;;;https://lakarra.net/wp-content/uploads/2019/12/musette-2010-valdarno.jpg;
Team Valdarno;2010;;;;;;;https://lakarra.net/wp-content/uploads/2019/12/musette-2010-valdarno-2.jpg;
Team Virtu Cycling;2018;UCI Europa Tour Continental;;;x;;;http://www.zonadeavituallamiento.es/images/Virtu18(a).jpg;http://www.zonadeavituallamiento.es/images/Virtu18(b).jpg
Team Virtu Cycling;2019;UCI Europa Tour Continental;;;x;;;https://lakarra.net/wp-content/uploads/2020/04/musette-2019-virtu.jpg;https://lakarra.net/wp-content/uploads/2020/04/musette-2019-virtu-waoo-trasera.jpg
Team Visma-Lease a bike;2024;UCI WorldTeam;;;x;x;;visma_24;
Team Visma-Lease a bike;2024;UCI WorldTeam;;;x;x;Tour;visma_tdf_24;
Team Volksbank;2008;UCI Europa Tour Continental Profesional;;;x;;;http://www.zonadeavituallamiento.es/images/Volksbank08.jpg;
Team Volksbank;2008;;;;x;;;https://lakarra.net/wp-content/uploads/2019/12/volksbank-musette-2008.jpg;
Team Vorarlberg;2011;UCI Europa Tour Continental;Same as previous year;;x;;;http://www.zonadeavituallamiento.es/images/Vorarlberg0910.jpg;
Team Vorarlberg;2013;UCI Europa Tour Continental;Same as previous year;;x;;;https://lakarra.net/wp-content/uploads/2019/12/musette-2013-vorarlberg-cuore-squeezy.jpg;
Team Vorarlberg;2015;UCI Europa Tour Continental;;;x;;;http://www.zonadeavituallamiento.es/images/Vorarlberg15.jpg;
Team Vorarlberg;2016;UCI Europa Tour Continental;;;x;;;http://www.zonadeavituallamiento.es/images/Vorarlberg16.jpg;
Team Vorarlberg;2017;UCI Europa Tour Continental;Same as previous year;;x;;;http://www.zonadeavituallamiento.es/images/Vorarlberg16.jpg;
Team Vorarlberg;2021;UCI Europa Tour Continental;Same as previous year;;x;;;https://www.facebook.com/photo/?fbid=2881733808781894&set=a.2831224660499476;
Team Vorarlberg;2022;UCI Europa Tour Continental;;;x;;;https://lakarra.net/wp-content/uploads/2023/01/musette-2022-vorarlberg-gls-agu.jpeg;
Team Vorarlberg-Santic;2018;UCI Europa Tour Continental;;;x;;;http://www.zonadeavituallamiento.es/images/Vorarlberg-Santic18.jpg;
Team Vorarlberg-Santic;2019;UCI Europa Tour Continental;Same as previous year;;x;;;https://www.facebook.com/photo/?fbid=2263976380557643&set=a.2228225577466057;
Team Vorarlberg-Santic;2020;UCI Europa Tour Continental;;;x;;;https://lakarra.net/wp-content/uploads/2021/02/musette-2020-vorarlberg.jpeg;
Team Wallonie;2009;Elite-Sub23;;;x;;;http://www.avesdeburgos.com/ciclismo/images/rlvb-Bioracer.jpg;
Team Wiesenhof Akud;2006;UCI Europa Tour Continental Profesional;;;Akud middle;;;http://www.avesdeburgos.com/ciclismo/images/Wiesenhof06.jpg;
Team Wiesenhof Felt;2007;UCI Europa Tour Continental Profesional;;;x;;;http://www.avesdeburgos.com/ciclismo/images/Wiesenhof07.jpg;
Team Wiggins;2015;;;;x;;;wiggins_15;
Team Wiggins;2017;UCI Europa Tour Continental;;;x;;;https://lakarra.net/wp-content/uploads/2020/12/musette-2017-wiggins-rapha.jpeg;https://lakarra.net/wp-content/uploads/2020/12/musette-2017-wiggins-rapha-trasera.jpeg
Team Wiggins;2017;UCI Europa Tour Continental;;;No Rapha;;;http://www.zonadeavituallamiento.es/images/Wiggins17(a).jpg;http://www.zonadeavituallamiento.es/images/Wiggins17(b).jpg
Team Wiggins;2018;UCI Europa Tour Continental;;;x;;;https://lakarra.net/wp-content/uploads/2020/12/musette-2018-wiggins-le-col.jpeg;
Team Wiggins;2018;UCI Europa Tour Continental;Same as previous year;;x;;;http://www.zonadeavituallamiento.es/images/Wiggins17(a).jpg;http://www.zonadeavituallamiento.es/images/Wiggins17(b).jpg
Team Wiggins Le Col;2019;UCI Europa Tour Continental;;;x;;;https://lakarra.net/wp-content/uploads/2020/04/musette-2019-wiggins-lecol.jpg;
Tecnofilm-Betonexpressz 2000;2010;UCI Europa Tour Continental;;;x;;;http://www.zonadeavituallamiento.es/images/Tecnofilm.jpg;
Teka;1980;Profesional;;;x;;;http://www.avesdeburgos.com/ciclismo/images/Teka8x.jpg;
Teka;1981;Profesional;Same as previous year;;x;;;http://www.avesdeburgos.com/ciclismo/images/Teka8x.jpg;
Teka;1983;Profesional;;;Campagnolo top;;;http://www.avesdeburgos.com/ciclismo/images/Teka79.jpg;
Teka;1984;Profesional;;;Mavic top;;;http://www.zonadeavituallamiento.es/images/Teka(2).jpg;
Teka;1985;Profesional;Same as previous year;;x;;;http://www.zonadeavituallamiento.es/images/Teka(2).jpg;
Teka;1986;Profesional;Same as previous year;;x;;;http://www.zonadeavituallamiento.es/images/Teka(2).jpg;
Teka;1989;Profesional;;;Mavic bottom right;;;http://www.avesdeburgos.com/ciclismo/images/Teka.jpg;
Teka;1990;Profesional;;;x;;;http://www.avesdeburgos.com/ciclismo/images/Teka90.jpg;
Teka;70s;Profesional;;;x;;;http://www.zonadeavituallamiento.es/images/Teka(3).jpg;
Teka;70s;Profesional;;;bigger teka;;;http://www.zonadeavituallamiento.es/images/Teka(4).jpg;
Telecom-Flavia;1997;TT II;;;x;;;http://www.zonadeavituallamiento.es/images/Telecom-Flavia97.jpg;
Telekom;1991;Profesional;;;x;;;http://www.avesdeburgos.com/ciclismo/images/Telekom1.jpg;
Tenax;2005;UCI Europa Tour Continental Profesional;;;x;;;http://www.avesdeburgos.com/ciclismo/images/Tenax05.jpg;
Tenax;2006;UCI Europa Tour Continental Profesional;;;x;;;http://www.avesdeburgos.com/ciclismo/images/Tenax06.jpg;
Tenax;2007;UCI Europa Tour Continental Profesional;;;x;;;http://www.zonadeavituallamiento.es/images/Tenax07.jpg;
Tenax;2008;UCI Europa Tour Continental Profesional;Same as previous year;;x;;;https://lakarra.net/wp-content/uploads/2019/12/tenax-musette-2008.jpg;
Terengganu Polygon;2024;;;;x;x;;terengganu_24;
Tetange;;;;;;;;https://lakarra.net/wp-content/uploads/2019/12/musette-luxembourgueise-tetange.jpg;
Thermote & Van Halst;1992;Profesional;;;x;;;http://www.zonadeavituallamiento.es/images/Thermote.jpg;
Thüringer Energie Team;2007;UCI Europa Tour Continental;;;x;;;http://www.avesdeburgos.com/ciclismo/images/Thuringer07.jpg;
Thüringer Energie Team;2008;UCI Europa Tour Continental;;;x;;;http://www.zonadeavituallamiento.es/images/Thuringer08.jpg;
Thüringer Energie Team;2009;UCI Europa Tour Continental;Same as previous year;;x;;;http://www.zonadeavituallamiento.es/images/Thuringer08.jpg;
Thüringer Energie Team;2010;UCI Europa Tour Continental;Same as previous year;;x;;;http://www.zonadeavituallamiento.es/images/Thuringer08.jpg;
Thüringer Energie Team;2010;UCI Europa Tour Continental;;;x;;;http://www.zonadeavituallamiento.es/images/Thuringer10.jpg;
Thüringer Energie Team;2011;UCI Europa Tour Continental;;;x;;;https://lakarra.net/wp-content/uploads/2020/12/musette-2011-e-on-thuringer-spirit-scg.jpeg;
Thüringer Energie Team;2011;UCI Europa Tour Continental;Same as previous year;;x;;;http://www.zonadeavituallamiento.es/images/Thuringer08.jpg;
Thüringer Energie Team;2012;UCI Europa Tour Continental;Same as previous year;;x;;;http://www.zonadeavituallamiento.es/images/Thuringer08.jpg;
Tinkoff;2016;UCI WorldTour;;;x;;;http://www.zonadeavituallamiento.es/images/Tinkoff16.jpg;
Tinkoff Credit Systems;2007;UCI Europa Tour Continental Profesional;;;x;;;http://www.avesdeburgos.com/ciclismo/images/Tinkoff07(a).jpg;http://www.avesdeburgos.com/ciclismo/images/Tinkoff07(b).jpg
Tinkoff Credit Systems;2008;UCI Europa Tour Continental Profesional;;;Red Elite bottom right;;;http://www.zonadeavituallamiento.es/images/Tinkoff08.jpg;
Tinkoff-Saxo;2014;UCI WorldTour;;;x;;;http://www.zonadeavituallamiento.es/images/Tinkoff-Saxo14.jpg;
Tinkoff-Saxo;2015;UCI WorldTour;;;x;;;http://www.zonadeavituallamiento.es/images/Tinkoff-Saxo15.jpg;
Ti-Raleigh;--;Profesional;;;x;;;http://www.zonadeavituallamiento.es/images/Ti-Raleigh.jpg;
Ti-Raleigh-Campagnolo;1982;Profesional;;;x;;;http://www.zonadeavituallamiento.es/images/Raleigh-Campagnolo.jpg;
Ti-Raleigh-Creda;1980;Profesional;;;x;;;http://www.zonadeavituallamiento.es/images/Ti-Raleigh80.jpg;
Ti-Raleigh-McGregor;1979;Profesional;;;x;;;http://www.zonadeavituallamiento.es/images/Raleigh-McGregor.jpg;
Tirol Cycling Team;2012;UCI Europa Tour Continental;Same as previous year;;x;;;http://www.zonadeavituallamiento.es/images/Tyrol11.jpg;
Tirol Cycling Team;2013;UCI Europa Tour Continental;;;x;;;https://lakarra.net/wp-content/uploads/2019/12/musette-2013-tyrol-tirol-ride-with-passion.jpg;
Tirol Cycling Team;2014;UCI Europa Tour Continental;;;Red square bottom right;;;http://www.zonadeavituallamiento.es/images/Tirol15(a).jpg;http://www.zonadeavituallamiento.es/images/Tirol15(b).jpg
Tirol Cycling Team;2015;UCI Europa Tour Continental;Same as previous year;;x;;;http://www.zonadeavituallamiento.es/images/Tirol15(a).jpg;http://www.zonadeavituallamiento.es/images/Tirol15(b).jpg
Tirol Cycling Team;2016;UCI Europa Tour Continental;Same as previous year;;x;;;http://www.zonadeavituallamiento.es/images/Tirol15(a).jpg;http://www.zonadeavituallamiento.es/images/Tirol15(b).jpg
Tirol Cycling Team;2017;UCI Europa Tour Continental;Same as previous year;;x;;;http://www.zonadeavituallamiento.es/images/Tirol15(a).jpg;http://www.zonadeavituallamiento.es/images/Tirol15(b).jpg
Tirol Cycling Team;2018;UCI Europa Tour Continental;;;x;;;http://www.zonadeavituallamiento.es/images/Tirol1820.jpg;
Tirol Cycling Team;2019;UCI Europa Tour Continental;Same as previous year;;x;;;http://www.zonadeavituallamiento.es/images/Tirol1820.jpg;
Tirol Cycling Team;2020;UCI Europa Tour Continental;Same as previous year;;x;;;http://www.zonadeavituallamiento.es/images/Tirol1820.jpg;
Tirol Cycling Team;2022;UCI Europa Tour Continental;;;x;;;https://lakarra.net/wp-content/uploads/2023/01/musette-2022-tirol-ktm.jpeg;
Tirol Cycling Team;2022;UCI Europa Tour Continental;;;x;;;tirol_22;
Tirol Cycling Team;2023;UCI Europa Tour Continental;;;x;;;tirol_23;
Titanbonifica-Benotto-Sidermec;1989;Profesional;;;x;;;http://www.zonadeavituallamiento.es/images/Titanbonifica89.jpg;
T-Mobile Team;2004;TT I;;;Ard top left;;;http://www.avesdeburgos.com/ciclismo/images/T-Mobile04.jpg;
T-Mobile Team;2005;UCI ProTour;;;Freemove top left;;;http://www.avesdeburgos.com/ciclismo/images/T-Mobile0506.jpg;
T-Mobile Team;2005;UCI ProTour;;;Square format;;;http://www.zonadeavituallamiento.es/images/T-Mobile05(2).jpg;
T-Mobile Team;2006;UCI ProTour;Same as previous year;;x;;;http://www.avesdeburgos.com/ciclismo/images/T-Mobile0506.jpg;
T-Mobile Team;2007;UCI ProTour;;;No logo top left;;;http://www.avesdeburgos.com/ciclismo/images/T-Mobile07(2).jpg;
T-Mobile Team;2007;UCI ProTour;;;Giant top left;;;http://www.avesdeburgos.com/ciclismo/images/T-Mobile07.jpg;
Tokyo 2020;2021;Olympics;;;x;;;https://lakarra.net/wp-content/uploads/2022/01/musette-2021-tokyo-2020.jpeg;
Tönissteiner-Lotto-Mavic-Pecotex;1984;Profesional;;;x;;;http://www.avesdeburgos.com/ciclismo/images/Tonissteiner.jpg;
Tonton Tapis-GB-Corona;1991;Profesional;;;x;;;http://www.avesdeburgos.com/ciclismo/images/Tonton-Tapis91.jpg;
Topsport Vlaanderen;2008;UCI Europa Tour Continental Profesional;;;x;;;http://www.zonadeavituallamiento.es/images/Topsport08.jpg;
Topsport Vlaanderen;2008;UCI Europa Tour Continental Profesional;;;x;;;https://lakarra.net/wp-content/uploads/2020/12/musette-2008-topsport-vlaanderen.jpeg;
Topsport Vlaanderen-Baloise;2013;UCI Europa Tour Continental Profesional;;;x;;;http://www.zonadeavituallamiento.es/images/Topsport13.jpg;
Topsport Vlaanderen-Baloise;2014;UCI Europa Tour Continental Profesional;Same as previous year;;x;;;http://www.zonadeavituallamiento.es/images/Topsport13.jpg;
Topsport Vlaanderen-Baloise;2015;UCI Europa Tour Continental Profesional;;;Topsport Vlaanderen;;;http://www.zonadeavituallamiento.es/images/Topsport1516.jpg;
Topsport Vlaanderen-Baloise;2016;UCI Europa Tour Continental Profesional;Same as previous year;;x;;;http://www.zonadeavituallamiento.es/images/Topsport1516.jpg;
Topsport Vlaanderen-Mercator;2009;UCI Europa Tour Continental Profesional;;;x;;;http://www.zonadeavituallamiento.es/images/Topsport09.jpg;
Topsport Vlaanderen-Mercator;2010;UCI Europa Tour Continental Profesional;;;x;;;http://www.zonadeavituallamiento.es/images/Topsport10.jpg;
Topsport Vlaanderen-Mercator;2010;UCI Europa Tour Continental Profesional;Same as previous year;;x;;;http://www.zonadeavituallamiento.es/images/Topsport09.jpg;
Topsport Vlaanderen-Mercator;2011;UCI Europa Tour Continental Profesional;Same as previous year;;x;;;http://www.zonadeavituallamiento.es/images/Topsport10.jpg;
Topsport Vlaanderen-Mercator;2012;UCI Europa Tour Continental Profesional;Same as previous year;;x;;;http://www.zonadeavituallamiento.es/images/Topsport12.jpg;
Torku-Sekerspor;2012;UCI Asia Tour Continental;;;x;;;http://www.zonadeavituallamiento.es/images/Konya12(a).jpg;http://www.zonadeavituallamiento.es/images/Konya12(b).jpg
Torku-Sekerspor;2013;UCI Europa Tour Continental;Same as previous year;;x;;;http://www.zonadeavituallamiento.es/images/Torku13(a).jpg;http://www.zonadeavituallamiento.es/images/Torku13(b).jpg
Toshiba;1991;Profesional;;;Square format;;;http://www.zonadeavituallamiento.es/images/Toshiba91.jpg;
Toshiba-Kaercher-Look;1989;Profesional;Same as previous year;;x;;;http://www.zonadeavituallamiento.es/images/Toshiba-Look88.jpg;
Toshiba-Look-La Vie Claire;1987;Profesional;;;x;;;http://www.zonadeavituallamiento.es/images/Toshiba-Vie-Claire87.jpg;
Toshiba-Look-Nievre;1988;Profesional;;;x;;;http://www.zonadeavituallamiento.es/images/Toshiba-Look88.jpg;
Toshiba-SMS;1990;Profesional;;;x;;;http://www.avesdeburgos.com/ciclismo/images/Toshiba.jpg;
Total Direct Energie;2019;UCI Europa Tour Continental Profesional;;;x;;;http://www.zonadeavituallamiento.es/images/Total19.jpg;
Total Direct Energie;2020;UCI ProTeams;;;Pays de Loire bottom right;;;https://lakarra.net/wp-content/uploads/2021/02/musette-2020-direct-energie-total.jpeg;
TotalEnergies;2021;UCI ProTeams;;;x;;;http://www.zonadeavituallamiento.es/images/Total21.jpg;
TotalEnergies;2021;UCI ProTeams;Same as previous year;;x;;;https://www.facebook.com/photo/?fbid=2832103310411611&set=a.2831224660499476;
TotalEnergies;2022;UCI ProTeams;;;x;;;http://www.zonadeavituallamiento.es/images/Total22(a).jpg;http://www.zonadeavituallamiento.es/images/Total22(b).jpg
TotalEnergies;2023;UCI ProTeams;;;Region Pays de Loire bottom;;;http://www.zonadeavituallamiento.es/images/Total23(a).jpg;http://www.zonadeavituallamiento.es/images/Total23(b).jpg
TotalEnergies;2024;UCI ProTeam;;;Enve bottom left;x;;total_24;
Tour d'Azerbaidjan;;Race;;;x;;;azerbaidjan;
Tour de France;1981;Race;;;;;;https://lakarra.net/wp-content/uploads/2019/12/musette-1981-tour-de-france-tdf-riz-yoman.jpg;
Tour de France;1982;Race;;;;;;https://lakarra.net/wp-content/uploads/2019/12/musette-1982-coop-tour-de-france.jpg;
Tour de France;1996;Race;;;;;Tour;https://lakarra.net/wp-content/uploads/2019/12/musette-1996-tour-de-france.jpg;
Tour de France;;Race;;;;;Tour;https://lakarra.net/wp-content/uploads/2019/12/musette-tour-de-france-tdf-coop.jpg;
Tour de France;1986;Race;;;;;;https://lakarra.net/wp-content/uploads/2020/12/musette-1986-spar-tour-france.jpeg;
Tour de France;1987;Race;;;;;;https://lakarra.net/wp-content/uploads/2020/12/musette-1987-tour-france-ravitaillement.jpeg;
Tour de France;1988;Race;;;;;;https://lakarra.net/wp-content/uploads/2020/12/musette-1988-velo-tour-france.jpeg;
Tour de France femmes;2023;;;;;;;tdf_23;
Tour de Georgia;2006;Race;;;x;;;https://lakarra.net/wp-content/uploads/2019/12/musette-2006-tour-de-georgia-maxxis.jpg;
Tour de Indonesia;2005;Race;;;x;;;https://lakarra.net/wp-content/uploads/2019/12/musette-2005-tour-de-indonesia.jpg;
Tour de Korea;2007;Race;;;x;;;https://lakarra.net/wp-content/uploads/2019/12/tour-de-corea-musette-2008.jpg;
Tour de Korea;2008;Race;;;x;;;https://lakarra.net/wp-content/uploads/2019/12/musette-2008-tour-de-korea.jpg;
Tour de Korea;2008;Race;;;x;;;https://lakarra.net/wp-content/uploads/2019/12/musette-2008-tour-de-korea-75289122.jpg;
Tour de Korea;2014;Race;;;x;;;https://lakarra.net/wp-content/uploads/2019/12/musette-2014-tour-of-korea-le-coq-sportif.jpg;
Tour de Korea;2014;Race;;;x;;;korea_14;
Tour de Langkawi;2009;Race;;;;;;https://lakarra.net/wp-content/uploads/2019/12/musette-2009-tour-langkawi-malaysia-nestle-milo.jpg;
Tour de Langkawi;2012;Race;;;;;;https://lakarra.net/wp-content/uploads/2019/12/musette-2015-tour-langkawi-malaysia-miko.jpg;
Tour de Langkawi;2003;Race;;;;;;https://lakarra.net/wp-content/uploads/2022/01/musette-2003-tour-langkawi-milo.jpeg;
Tour de Singkarak;2019;Race;;;;;;singkarak_19;
Tour donostia;1992;Race;;;;;;https://lakarra.net/wp-content/uploads/2019/12/musette-1992-tour-donostia-arratibel.jpg;
Tour Down Under;2014;Race;;;;;;https://lakarra.net/wp-content/uploads/2019/12/musette-2014-tour-down-under.jpg;
Tour Down Under;2020;Race;;;;;;https://lakarra.net/wp-content/uploads/2021/02/musette-2020-tour-de-down-under-santos-skilled-careers.jpeg;
Tour du Luxembourg;1990;Race;;;;;;https://lakarra.net/wp-content/uploads/2020/12/musette-1990-tour-luxebourg-coca-cola.jpeg;
Tour du Luxembourg;1991;Race;;;;;;https://lakarra.net/wp-content/uploads/2020/12/musette-1991-tour-luxebourg-coca-cola.jpeg;
Tour of Azerbaidjan;2012;Race;;;x;;;https://lakarra.net/wp-content/uploads/2019/12/musette-2012-tour-of-azarbaijan.jpg;
Tour of Beijing;2013;Race;;;x;;;beijing_13;
Tour of britain;2011;Race;;;;;;https://lakarra.net/wp-content/uploads/2020/04/musette-2011-sky-tour-britain.jpg;
Tour of California;2020;Race;;;;;;https://lakarra.net/wp-content/uploads/2021/02/musette-2020-tour-of-california.jpeg;https://lakarra.net/wp-content/uploads/2021/02/musette-2020-tour-of-california-trasera.jpeg
Tour of China;2020;Race;;;x;;;https://lakarra.net/wp-content/uploads/2021/02/musette-2020-tour-of-china.jpeg;
Tour of China;2010;Race;;;;;;china_10;
Tour of Hainan;2008;Race;;;x;;;https://lakarra.net/wp-content/uploads/2019/12/musette-2008-tour-of-hainan.jpg;
Tour of Hainan;2013;Race;;;x;;;https://lakarra.net/wp-content/uploads/2019/12/musette-2013-tour-of-hainan.jpg;
Tour of Hainan;2007;Race;;;x;;;hainan_07;
Tour of Hainan;2009;Race;;;x;;;hainan_09;
Tour of Hainan;2010;Race;;;x;;;hainan_10;
Tour of Hainan;2011;Race;;;x;;;hainan_11;
Tour of Japan;2020;Race;;;x;;;https://lakarra.net/wp-content/uploads/2021/02/musette-2020-tour-of-japan-toj.jpeg;
Tour of Qinghai Lake;2013;Race;;;x;;;https://lakarra.net/wp-content/uploads/2019/12/musette-2013-tour-of-qinghai-Lake.jpg;
Tour of Qinghai Lake;2014;;;;x;;;https://lakarra.net/wp-content/uploads/2019/12/musette-2014-tour-of-quingai-lake.jpg;
Tour of Qinghai Lake;2016;;;;x;;;https://lakarra.net/wp-content/uploads/2019/12/musette-2016-qinghai-lake.jpg;
Tour of Qinghai Lake;2017;;;;x;;;https://lakarra.net/wp-content/uploads/2019/12/musette-2017-qinghai-lake.jpg;
Tour of Qinghai Lake;2019;;;;x;;;https://lakarra.net/wp-content/uploads/2020/04/musette-2019-qinghai-lake.jpg;
Tour of Qinghai Lake;2019;Race;Same as previous year;;x;;;https://www.facebook.com/photo/?fbid=2383294608625819&set=a.2228225577466057;
Tour of Taihu Lake;2014;Race;;;x;;;https://lakarra.net/wp-content/uploads/2019/12/musette-2014-tour-de-taihu-lake-china.jpg;
Tour of Taihu Lake;2016;Race;;;x;;;https://lakarra.net/wp-content/uploads/2019/12/musette-2016-tour-of-taihu-lake-china.jpg;
Tour of Taihu Lake;2017;Race;Same as previous year;;x;;;https://lakarra.net/wp-content/uploads/2019/12/musette-2017-taihu-lake.jpg;
Tour of Taihu Lake;2019;Race;;;x;;;taihu_19;
Toyota-United Pro cycling Team;2006;UCI America Tour Continental;;;x;;;http://www.zonadeavituallamiento.es/images/Toyota.jpg;
Toyota-United Pro cycling Team;2007;UCI America Tour Continental;;;x;;;http://www.zonadeavituallamiento.es/images/Toyota07.jpg;
Toyota-United Pro cycling Team;2008;UCI America Tour Continental;;;Giordana top;;;http://www.zonadeavituallamiento.es/images/Toyota08.jpg;
Transvemij-Van Schilt-Elro;1986;Profesional;;;x;;;http://www.zonadeavituallamiento.es/images/Transvemij86.jpg;
Transvemij-Van Schilt-Floorgres;1987;Profesional;;;x;;;http://www.avesdeburgos.com/ciclismo/images/Transvemij(a).jpg;http://www.avesdeburgos.com/ciclismo/images/Transvemij(b).jpg
TRE BERG;2016;;;;;;;https://lakarra.net/wp-content/uploads/2019/12/musette-2016-tre-berg-trasera.jpg;https://lakarra.net/wp-content/uploads/2019/12/musette-2016-tre-berg-bianchi.jpg
Tre berg;2017;;;;;;;treberg_17;
Trek Factory Racing;2014;UCI WorldTour;;;x;;;http://www.zonadeavituallamiento.es/images/Trek14(a).jpg;http://www.zonadeavituallamiento.es/images/Trek14(b).jpg
Trek Factory Racing;2015;UCI WorldTour;;;x;;;https://lakarra.net/wp-content/uploads/2019/12/musette-2015-trek.jpg;
TREK SEGAFREDO WOMEN;2020;;;;Colored segafredo;;;https://lakarra.net/wp-content/uploads/2021/02/musette-2020-trek-segafredo-women.jpeg;
TREK SEGRAFEDO WOMEN;2019;;;;s;;;https://lakarra.net/wp-content/uploads/2020/04/musette-2019-trek-segrafedo-women.jpg;
Trek-Segafredo;2016;UCI WorldTour;;;x;;;http://www.zonadeavituallamiento.es/images/Trek-Segafredo16.jpg;
Trek-Segafredo;2017;UCI WorldTour;;;x;;;http://www.zonadeavituallamiento.es/images/Trek-Segafredo17.jpg;
Trek-Segafredo;2018;UCI WorldTour;;;x;;;http://www.zonadeavituallamiento.es/images/Trek-Segafredo18.jpg;
Trek-Segafredo;2019;UCI WorldTour;;;x;;;http://www.zonadeavituallamiento.es/images/Trek-Segafredo19.jpg;
Trek-Segafredo;2020;UCI WorldTour;;;Splunk + Sram + Santini - bottom;;;http://www.zonadeavituallamiento.es/images/Trek-Segafredo20.jpg;
Trek-Segafredo;2021;UCI Women's WorldTeam;;;x;;;http://www.zonadeavituallamiento.es/images/Trek-Femenino21.jpg;
Trek-Segafredo;2021;UCI WorldTeam;;;Sram + Santini - bottom;;;http://www.zonadeavituallamiento.es/images/Trek-Segafredo21.jpg;
Trek-Segafredo;2022;UCI Women's WorldTeam;;;x;;;http://www.zonadeavituallamiento.es/images/TrekFemenino22.jpg;
Trek-Segafredo;2022;UCI WorldTeam;;;x;;;http://www.zonadeavituallamiento.es/images/Trek-Segafredo22.jpg;
Trek-Segafredo;2022;UCI WorldTeam;;;x;;Tour;trek_22;
Trek-Segafredo;2023;UCI Women's WorldTeam;Same as previous year;;x;;;http://www.zonadeavituallamiento.es/images/TrekFemenino22.jpg;
Trek-Segafredo;2023;UCI WorldTeam;Same as previous year;;x;;;http://www.zonadeavituallamiento.es/images/Trek-Segafredo22.jpg;
Trek-Segafredo;;;;;;;;trek;
Tres Molinos Resort;2006;UCI Europa Tour Continental Profesional;;;x;;;http://www.zonadeavituallamiento.es/images/3Molinos06.jpg;
Trident-Schick;1994;Profesional;;;x;;;http://www.zonadeavituallamiento.es/images/Trident.jpg;
Trimtex;2017;;;;x;;;https://lakarra.net/wp-content/uploads/2019/12/musette-2017-trimtex-sparebanken.jpg;
Trinity;2020;;;;x;;;trinity_20;
Trinity;2022;;Same as previous year;;x;;;https://lakarra.net/wp-content/uploads/2023/01/musette-2022-trinity.jpeg;
Trinity;2023;;;;x;;;trinity_23;
Trofeo 3 naciones;1990;;;;;;;https://lakarra.net/wp-content/uploads/2019/12/musette-1990-cam-azul-trofeo-3-naciones.jpg;
TRW WALLONIE FIDEA;2017;;;;x;;;https://lakarra.net/wp-content/uploads/2019/12/musette-2017-trw-wallonie-fidea-ago.jpg;
TSC SAPURA;2018;;;;;;;https://lakarra.net/wp-content/uploads/2019/12/musette-2018-tsc-sapura.jpg;
TUC;;;;;;;Tour;https://lakarra.net/wp-content/uploads/2019/12/musette-tour-de-france-tdf-tuc.jpg;
Tudor Pro Cycling Team;2022;;;;x;;;tudor_22;
Tudor Pro Cycling Team;2023;UCI ProTeam;;;x;;;http://www.zonadeavituallamiento.es/images/Tudor23(a).jpg;http://www.zonadeavituallamiento.es/images/Tudor23(b).jpg
Tudor Pro Cycling Team;2024;UCI ProTeam;;;Synthetic;x;;tudor_24;
Tufo Pardus;2018;;;;;;;tufo_18;
Tufo Pardus;2022;;;;;x;;tufo_22;
Tufo Pardus;2024;;;;x;x;;tufo_24;
Tulip Computers;1990;Profesional;;;x;;;http://www.zonadeavituallamiento.es/images/Tulip90.jpg;
Tulip Computers;1990;;;;x;;;https://lakarra.net/wp-content/uploads/2019/12/musette-1990-tulip-computers.jpg;
Tulip Computers;1991;;;;x;;;https://lakarra.net/wp-content/uploads/2019/12/musette-1991-tulip-computers.jpg;
Tulip Computers-Koga Miyata;1991;Profesional;;;x;;;http://www.zonadeavituallamiento.es/images/Tulip91.jpg;
Tulip Computers-Koga Miyata;1992;Profesional;;;x;;;http://www.zonadeavituallamiento.es/images/Tulip.jpg;
Tulip Computers-Koga Miyata;1992;Profesional;;;Bigger logo;;;http://www.zonadeavituallamiento.es/images/Tulip2.jpg;
Turkey;2020;;;;;;;turkey_20;
TVM;1995;Profesional;;;x;;;http://www.zonadeavituallamiento.es/images/TVM.jpg;
TVM;Años 90;Profesional;;;x;;;http://www.zonadeavituallamiento.es/images/Born(3).jpg;
TVM-Farm Frites;1996;TT I;;;x;;;http://www.avesdeburgos.com/ciclismo/images/TVM-Extran.jpg;
TVM-Farm Frites;1996;TT I;;;x;;;http://www.zonadeavituallamiento.es/images/TVM-FarmFrites3(a).jpg;http://www.zonadeavituallamiento.es/images/TVM-FarmFrites3(b).jpg
TVM-Farm Frites;1997;TT I;;;Enmyco top right;;;http://www.zonadeavituallamiento.es/images/TVM-FarmFrites2(a).jpg;http://www.zonadeavituallamiento.es/images/TVM-FarmFrites2(b).jpg
TVM-Farm Frites;1998;TT I;Same as previous year;;x;;;http://www.zonadeavituallamiento.es/images/TVM-FarmFrites2(a).jpg;http://www.zonadeavituallamiento.es/images/TVM-FarmFrites2(b).jpg
TVM-Farm Frites;1999;TT I;;;x;;;http://www.avesdeburgos.com/ciclismo/images/TVM-FarmFrites.jpg;
Tyrol Team;2010;UCI Europa Tour Continental;;;;;;http://www.zonadeavituallamiento.es/images/Tyrol11.jpg;
U.C. Flandres-Artois-Coop;1971;Profesional;;;x;;;http://www.zonadeavituallamiento.es/images/Coop1.jpg;
U.C. Flandres-Artois-Coop;1972;Profesional;Same as previous year;;x;;;http://www.zonadeavituallamiento.es/images/Coop1.jpg;
U.C. Liancourt  R.C.;2002;Elite 2;;;x;;;http://www.avesdeburgos.com/ciclismo/images/Liancourt02.jpg;
U.S. Postal Service;1998;TT I;;;x;;;http://www.zonadeavituallamiento.es/images/USPostal98.jpg;
U.S. Postal Service;2000;TT I;;;x;;;http://www.avesdeburgos.com/ciclismo/images/USPostal.jpg;
U.S. Postal Service;2001;TT I;;;x;;;http://www.avesdeburgos.com/ciclismo/images/USPostal02.jpg;
U.S. Postal Service;2001;TT I;;;x;;Tour;http://www.zonadeavituallamiento.es/images/Coca-Cola01(USPostal).jpg;
U.S. Postal Service;2002;TT I;Same as previous year;;x;;;http://www.avesdeburgos.com/ciclismo/images/USPostal02.jpg;
U.S. Postal Service presented by Berry Floor;2003;TT I;Same as previous year;;x;;;http://www.avesdeburgos.com/ciclismo/images/USPostal02.jpg;
U.S. Postal Service presented by Berry Floor;2004;TT I;;;Blue text;;;http://www.zonadeavituallamiento.es/images/USPostal04(2).jpg;
U.S. Postal Service presented by Berry Floor;2004;TT I;;;Black text;;;http://www.zonadeavituallamiento.es/images/USPostal04(3).jpg;
U.S. Postal Service presented by Berry Floor;2004;TT I;;;Blue lines;;;http://www.zonadeavituallamiento.es/images/USPostal04.jpg;
U.S. Postal Service presented by Berry Floor;2004;TT I;;;Red line;;;https://lakarra.net/wp-content/uploads/2020/04/musette-2004-us-postal-united-states-postal-service.jpg;
UAE Team ADQ;2022;UCI Women's WorldTeam;;;x;;;http://www.zonadeavituallamiento.es/images/UAE-Femenino22(b).jpg;http://www.zonadeavituallamiento.es/images/UAE-Femenino22(a).jpg
UAE Team ADQ;2023;UCI Women's WorldTeam;;;More orange;;;http://www.zonadeavituallamiento.es/images/UAE-Femenino23(b).jpg;http://www.zonadeavituallamiento.es/images/UAE-Femenino23(a).jpg
UAE Team ADQ;2024;UCI Women's WorldTeam;;;ADQ ;x;;uae_adq_24;
UAE Team Emirates;2017;UCI WorldTour;;;Fly Emirates;;;http://www.zonadeavituallamiento.es/images/UAE17(1).jpg;
UAE Team Emirates;2017;UCI WorldTour;;;x;;;http://www.zonadeavituallamiento.es/images/UAE17(3).jpg;
UAE Team Emirates;2018;UCI WorldTour;;;x;;;http://www.zonadeavituallamiento.es/images/UAE1718.jpg;
UAE Team Emirates;2019;UCI WorldTour;;;x;;;http://www.zonadeavituallamiento.es/images/UAE19.jpg;
UAE Team Emirates;2020;UCI WorldTour;;;x;;;http://www.zonadeavituallamiento.es/images/UAE20.jpg;
UAE Team Emirates;2021;UCI WorldTeam;;;x;;;http://www.zonadeavituallamiento.es/images/UAE21.jpg;http://www.zonadeavituallamiento.es/images/UAE21(b).jpg
UAE Team Emirates;2022;UCI WorldTeam;;;No red in the black at the bottom;;;http://www.zonadeavituallamiento.es/images/UAE22(a).jpg;http://www.zonadeavituallamiento.es/images/UAE22(b).jpg
UAE Team Emirates;2023;UCI WorldTeam;;;x;;;http://www.zonadeavituallamiento.es/images/UAE23.jpg;
UAE Team Emirates;2024;UCI WorldTeam;;;x;x;;uae_24;
Ubbink-Koga Cycling Team;2011;Elite-Sub23;;;x;;;http://www.zonadeavituallamiento.es/images/Ubbink11.jpg;
Ubbink-Koga Cycling Team;2012;;;;x;;;https://lakarra.net/wp-content/uploads/2019/12/musette-2012-koga-agu-ubbink.jpg;
Ubbink-Koga Cycling Team;2013;;Same as previous year;;x;;;https://www.facebook.com/photo/?fbid=2700724843549459&set=a.1608208979467723;
Ubbink-Syntec Cycling Team;2006;UCI Europa Tour Continental;;;x;;;http://www.avesdeburgos.com/ciclismo/images/Eas-Energy.jpg;
UC Monaco;2016;;;;;;;monaco_16;
UCI Centre mondial du cyclisme;2018;;;;x;;;uci_18;
UD Oliveirense;2019;;;;x;;;https://lakarra.net/wp-content/uploads/2020/04/musette-2019-oliveirense-inoutbuild.jpg;
UD Oliveirense;2019;;;;x;;;https://lakarra.net/wp-content/uploads/2020/04/musette-2019-oliveirense-inoutbuild-volta.jpg;
UHC;2018;;;;;;;uhc_18;
Unibet.com;2006;UCI Europa Tour Continental Profesional;;;x;;;http://www.avesdeburgos.com/ciclismo/images/Unibet06(2).jpg;
Unibet.com;2006;UCI Europa Tour Continental Profesional;;;Both logo at the bottom;;;http://www.avesdeburgos.com/ciclismo/images/Unibet06.jpg;
Unibet.com;2007;UCI ProTour;;;x;;;http://www.avesdeburgos.com/ciclismo/images/Unibet07.jpg;
UNICO;;;;;;;Tour;https://lakarra.net/wp-content/uploads/2019/12/musette-tour-de-france-tdf-unico.jpg;
Unieuro Willier;2016;;;;x;;;https://lakarra.net/wp-content/uploads/2019/12/musette-2017-unieuro-velo-armofer.jpg;https://lakarra.net/wp-content/uploads/2019/12/musette-2017-unieuro-velo-armofer-trasera.jpg
Unieuro Willier;2017;;Same as previous year;;x;;;https://lakarra.net/wp-content/uploads/2019/12/musette-2017-unieuro-velo-armofer.jpg;https://lakarra.net/wp-content/uploads/2019/12/musette-2017-unieuro-velo-armofer-trasera.jpg
Union Raiffeisen Radteam Tirol;2011;UCI Europa Tour Continental;;;x;;;http://www.zonadeavituallamiento.es/images/Tyrol11.jpg;
UnitedHealthcare Pro Cycling;2014;UCI America Tour Continental Profesional;;;x;;;http://www.zonadeavituallamiento.es/images/Vermarc12.jpg;
UnitedHealthcare Pro Cycling;2011;UCI America Tour Continental Profesional;;;x;;;http://www.zonadeavituallamiento.es/images/UnitedHealthcare11.jpg;
UnitedHealthcare Pro Cycling;2012;UCI America Tour Continental Profesional;;;x;;;http://www.zonadeavituallamiento.es/images/UnitedHealthcare12.jpg;
UnitedHealthcare Pro Cycling;2013;UCI America Tour Continental Profesional;Same as previous year;;x;;;http://www.zonadeavituallamiento.es/images/UnitedHealthcare12.jpg;
UnitedHealthcare Pro Cycling;2014;UCI America Tour Continental Profesional;Same as previous year;;x;;;http://www.zonadeavituallamiento.es/images/UnitedHealthcare12.jpg;
UnitedHealthcare Pro Cycling;2015;UCI America Tour Continental Profesional;;;x;;;http://www.zonadeavituallamiento.es/images/UHC15.jpg;
Uno-X Hydrogen Development Team;2017;UCI Europa Tour Continental;;;x;;;http://www.zonadeavituallamiento.es/images/Uno-X17.jpg;
Uno-X Norwegian Development Team;2018;UCI Europa Tour Continental;;;x;;;http://www.zonadeavituallamiento.es/images/Uno-X18.jpg;
Uno-X Norwegian Development Team;2019;UCI Europa Tour Continental;Same as previous year;;x;;;http://www.zonadeavituallamiento.es/images/Uno-X18.jpg;
Uno-X Pro Cycling Team;2020;UCI ProTeam;Same as previous year;;x;;;http://www.zonadeavituallamiento.es/images/Uno-X18.jpg;
Uno-X Pro Cycling Team;2021;UCI ProTeam;;;x;;;https://lakarra.net/wp-content/uploads/2022/01/musette-2021-unox.jpeg;
Uno-X Pro Cycling Team;2022;UCI ProTeam;;;x;;;https://lakarra.net/wp-content/uploads/2023/01/musette-2022-unox.jpeg;
Uno-X Pro Cycling Team;2023;UCI ProTeam;Same as previous year;;x;;;https://www.facebook.com/photo/?fbid=3593794354242499&set=a.3368383393450264;
Uno-X Pro Cycling Team;2024;UCI ProTeam;Same as previous year;;x;x;;;
Urbano Vulsteke;2024;;;;;;;urbano_24;
USA;2014;;;;x;;;https://lakarra.net/wp-content/uploads/2019/12/musette-2014-optum-usa.jpg;
USA;2014;;;;x;;;https://lakarra.net/wp-content/uploads/2019/12/musette-2014-skratch-usa.jpg;
USA;2016;;;;x;;;https://lakarra.net/wp-content/uploads/2019/12/musette-2016-usa.jpg;
USA;2017;;;;x;;;https://lakarra.net/wp-content/uploads/2019/12/musette-2017-usa.jpg;
USA;2018;;;;x;;;usa_18;
USA;2019;;Same as previous year;;x;;;https://lakarra.net/wp-content/uploads/2020/04/musette-2019-usa-cycling.jpg;
USA;2021;;;;x;;;usa_21;
USA;2022;;Same as previous year;;x;;;https://lakarra.net/wp-content/uploads/2023/01/musette-2022-usa-cycling.jpeg;
USA;2022;;;;x;;;usa_22;
Utensilnord;2014;UCI Europa Tour Continental;Same as previous year;;x;;;http://www.zonadeavituallamiento.es/images/Utensilnord1314.jpg;
Utensilnord Named;2012;UCI Europa Tour Continental Profesional;;;x;;;http://www.zonadeavituallamiento.es/images/Utensilnord12.jpg;
Utensilnord Ora24.eu;2013;UCI Europa Tour Continental;;;x;;;http://www.zonadeavituallamiento.es/images/Utensilnord1314.jpg;
UWTC de Volharding-Jan Snel club cycling team;2001;--;;;x;;;http://www.zonadeavituallamiento.es/images/Snel.jpg;
V.C. Frankfurt Radteam-Brügelmann;2004;TT III;;;;;;http://www.zonadeavituallamiento.es/images/Bruguelmann.jpg;
Vacansoleil Pro Cycling Team;2010;UCI Europa Tour Continental Profesional;;;No DCM ;;;http://www.zonadeavituallamiento.es/images/Vacansoleil10(a).jpg;http://www.zonadeavituallamiento.es/images/Vacansoleil10(b).jpg
Vacansoleil-DCM Pro Cycling Team;2011;UCI WorldTour;;;x;;;http://www.zonadeavituallamiento.es/images/Etixx.jpg;
Vacansoleil-DCM Pro Cycling Team;2011;UCI WorldTour;;;x;;;http://www.zonadeavituallamiento.es/images/Vacansoleil11(a).jpg;http://www.zonadeavituallamiento.es/images/Vacansoleil11(b).jpg
Vacansoleil-DCM Pro Cycling Team;2012;UCI WorldTour;Same as previous year;;x;;;http://www.zonadeavituallamiento.es/images/Vacansoleil11(a).jpg;http://www.zonadeavituallamiento.es/images/Vacansoleil11(b).jpg
Vacansoleil-DCM Pro Cycling Team;2013;UCI WorldTour;Same as previous year;;x;;;http://www.zonadeavituallamiento.es/images/Vacansoleil11(a).jpg;http://www.zonadeavituallamiento.es/images/Vacansoleil11(b).jpg
Valencia esport;2017;;;;x;;;https://lakarra.net/wp-content/uploads/2019/12/musette-2017-valencia-gs-esport.jpg;
Valencia esport;2019;;Same as previous year;;x;;;https://lakarra.net/wp-content/uploads/2020/04/musette-2019-valencia-gsport.jpg;
Valencia Terra I mar;2016;Elite-Sub23;Same as previous year;;x;;;https://lakarra.net/wp-content/uploads/2019/12/musette-2016-gsport-valencia-terra-i-mar.jpg;
Valverde Team-Ricardo Fuentes;2023;Elite-Sub23;Same as previous year;;x;;;http://www.zonadeavituallamiento.es/images/Valverde23.jpg;
Valverde Team-Ricardo Fuentes;2022;Elite-Sub23;;;x;;;http://www.zonadeavituallamiento.es/images/Valverde22.jpg;
Valverde Team-Terra Fecundis;2021;;;;x;;;https://lakarra.net/wp-content/uploads/2023/01/musette-2022-valverde-team-terrafecundis.jpeg;
Van Bemmelen-AA Drink;2005;UCI Equipo femenino;;;x;;;http://www.avesdeburgos.com/ciclismo/images/AA-Drink.jpg;
Van Hemert-EuroGifts;2004;TT III;;;;;;http://www.zonadeavituallamiento.es/images/EuroGifts04(a).jpg;http://www.zonadeavituallamiento.es/images/EuroGifts04(b).jpg
Van Rysel;2019;;;;;;;https://lakarra.net/wp-content/uploads/2020/04/musette-2019-van-rysel.jpg;
Van Vliet EBH Elshof;2008;UCI Europa Tour Continental;;;x;;;http://www.zonadeavituallamiento.es/images/VanVliet08.jpg;
Van Vliet EBH Elshof;2009;UCI Europa Tour Continental;Same as previous year;;x;;;http://www.zonadeavituallamiento.es/images/VanVliet08.jpg;
Van Vliet EBH Elshof;2010;UCI Europa Tour Continental;Same as previous year;;x;;;http://www.zonadeavituallamiento.es/images/VanVliet08.jpg;
Van Vliet-EBH Advocaten;2004;TT III;;;Gazelle bottom right;;;http://www.zonadeavituallamiento.es/images/VanVliet04.jpg;
Van Vliet-EBH Advocaten;2004;TT III;;;x;;;http://www.zonadeavituallamiento.es/images/VanVliet-Weba(2).jpg;
Van Vliet-EBH Advocaten;2004;TT III;;;x;;;http://www.zonadeavituallamiento.es/images/VanVliet-Weba.jpg;
Van Vliet-EBH Advocaten;2005;UCI Europa Tour Continental;;;x;;;http://www.zonadeavituallamiento.es/images/VanVliet-EBH.jpg;
Van Vliet-EBH Advocaten;2006;UCI Europa Tour Continental;Same as previous year;;x;;;http://www.zonadeavituallamiento.es/images/VanVliet-EBH.jpg;
Van Vliet-EBH Advocaten;2007;UCI Europa Tour Continental;;;x;;;http://www.zonadeavituallamiento.es/images/Gazelle08.jpg;
Van Vliet-EBH Advocaten-Gazelle;2003;TT III;;;x;;;http://www.zonadeavituallamiento.es/images/VanVliet-Gazelle.jpg;
VANBRAVANT VANLEE WELLEN;;;;;;;;https://lakarra.net/wp-content/uploads/2022/01/musette-vanbravant-vanlee-wellen.jpeg;
Velo Club Lugano;2000;Elite 2;;;x;;;http://www.zonadeavituallamiento.es/images/Lugano.jpg;
Velo Performance;2019;;;;;;;velo_perf_19;
Velo-Club La Pomme Marseille;2006;Elite 2;;;x;;;http://www.zonadeavituallamiento.es/images/Racing-Vipera.jpg;
Velo-Club La Pomme Marseille;2011;UCI Europa Tour Continental;;;x;;;http://www.zonadeavituallamiento.es/images/La-Pomme11.jpg;
Ventilair;2013;;;;;;;https://lakarra.net/wp-content/uploads/2019/12/musette-2013-ventilair-steria.jpg;
Ventilair-Steria Cycling Team;2013;UCI Europa Tour Continental;;;;;;http://www.zonadeavituallamiento.es/images/Ventilair13.jpg;
Veranclassic-Ago;2016;UCI Europa Tour Continental;;;x;;;http://www.zonadeavituallamiento.es/images/Veranclassic-Ago16.jpg;
Veranclassic-Doltcini;2014;UCI Europa Tour Continental;;;x;;;http://www.zonadeavituallamiento.es/images/Veranclassic14.jpg;
Veranclassic-Ekoi;2015;UCI Europa Tour Continental;;;x;;;http://www.zonadeavituallamiento.es/images/Veranclassic15.jpg;
Veranda Rideau-Super U;2012;UCI Europa Tour Continental;;;;;;http://www.zonadeavituallamiento.es/images/Veranda-Rideau12.jpg;
Veranda's Willems;2009;UCI Europa Tour Continental;;;x;;;http://www.zonadeavituallamiento.es/images/Maximize.jpg;
Veranda's Willems;2014;UCI Europa Tour Continental;;;x;;;http://www.zonadeavituallamiento.es/images/Jartazi14.jpg;
Veranda's Willems Cycling Team;2015;UCI Europa Tour Continental;;;x;;;http://www.zonadeavituallamiento.es/images/Willems15.jpg;
Veranda's Willems Cycling Team;2016;UCI Europa Tour Continental;Same as previous year;;x;;;http://www.zonadeavituallamiento.es/images/Willems15.jpg;
Veranda's Willems-Accent;2011;UCI Europa Tour Continental Profesional;;;x;;;http://www.zonadeavituallamiento.es/images/Willems11(a).jpg;http://www.zonadeavituallamiento.es/images/Willems11(b).jpg
Veranda's Willems-Crelan;2016;;;;x;;;https://lakarra.net/wp-content/uploads/2022/01/musette-2016-willems-crelan.jpeg;
Veranda's Willems-Crelan;2017;UCI Europa Tour Continental;;;Doltcini on top;;;http://www.zonadeavituallamiento.es/images/Crelan-Willems17(b).jpg;http://www.zonadeavituallamiento.es/images/Crelan-Willems17(a).jpg
Veranda's Willems-Crelan;2018;;;;No Charles;;;https://lakarra.net/wp-content/uploads/2019/12/musette-2018-willems-crelan-verandas.jpg;
VERMEER THIJS GIOS;1980;;;;;;;https://lakarra.net/wp-content/uploads/2019/12/musette-1980-vermeer-thijs-gios.jpg;
Verva Activejet;2016;;;;Black and white;;;verva_16;
Verva Activejet;2017;;;;x;;;verva_17;
Verynet;1989;;;;;;;https://lakarra.net/wp-content/uploads/2019/12/musette-1989-verynet.jpg;
VF Bardiani;2024;UCI ProTeam;;;x;x;;vf_24;
Victoria Sport;2024;;;;;;;victoria_24;
Vienne Futuroscope;2011;UCI Equipo femenino;;;;;;http://www.zonadeavituallamiento.es/images/Futuroscope11.jpg;
Viña Magna-Cropu;2006;UCI Europa Tour Continental;;;x;;;http://www.avesdeburgos.com/ciclismo/images/Vina-Magna06.jpg;
Viña Magna-Cropu;2007;UCI Europa Tour Continental;;;x;;;http://www.avesdeburgos.com/ciclismo/images/Vina-Magna0607.jpg;
Viña Magna-Cropu;2007;UCI Europa Tour Continental;;;Red stripes;;;http://www.avesdeburgos.com/ciclismo/images/Vina-Magna07(1).jpg;
Viña Magna-Cropu;2007;UCI Europa Tour Continental;;;Blue stripes;;;http://www.avesdeburgos.com/ciclismo/images/Vina-Magna07(2).jpg;
Viña Magna-Cropu;2007;UCI Europa Tour Continental;;;Blue Maglia top left;;;http://www.avesdeburgos.com/ciclismo/images/Vina-Magna07(3).jpg;
Viña Magna-Cropu;2007;UCI Europa Tour Continental;;;x;;;http://www.zonadeavituallamiento.es/images/Vina-Magna(4)07(a).jpg;http://www.zonadeavituallamiento.es/images/Vina-Magna(4)07(b).jpg
Viña Magna-Cropu;2008;;;;Shiny white;;;https://lakarra.net/wp-content/uploads/2019/12/villa-magna-2-musette-2008.jpg;
Vini Caldirola-Nobili Rubinetterie;2004;TT I;;;Nobili middle;;;http://www.avesdeburgos.com/ciclismo/images/Vini-Caldirola04.jpg;
Vini Caldirola-Sidermec;1999;TT I;;;x;;;http://www.avesdeburgos.com/ciclismo/images/ViniCaldirola-Sidermec.jpg;
Vini Caldirola-Sidermec;2000;TT I;;;x;;;http://www.avesdeburgos.com/ciclismo/images/ViniCaldirola2000.jpg;
Vini Caldirola-Sidermec;2003;;;;Sidermec middle;;;https://lakarra.net/wp-content/uploads/2019/12/musette-2003-vini-caldirola-sidermec.jpg;
Vini Fantini Nippo;2014;UCI Europa Tour Continental;;;x;;;http://www.zonadeavituallamiento.es/images/ViniFantini14.jpg;
Vini Fantini-Selle Italia;2013;UCI Europa Tour Continental Profesional;;;Giordana bottom;;;http://www.zonadeavituallamiento.es/images/ViniFantini13.jpg;
Vini Zabu;2020;UCI Europa Tour Continental Profesional;;;x;;;https://lakarra.net/wp-content/uploads/2021/02/musette-2020-zabu-vini-ktm.jpeg;https://lakarra.net/wp-content/uploads/2021/02/musette-2020-zabu-vini-ktm-trasera-velo.jpeg
Vini Zabu;2021;UCI Europa Tour Continental Profesional;;;x;;;https://lakarra.net/wp-content/uploads/2022/01/musette-2021-vini-zabu.jpeg;
Vital Concept B&B Hotels;2019;UCI Europa Tour Continental Profesional;;;x;;;http://www.zonadeavituallamiento.es/images/Vital-Concept19.jpg;
Vital Concept Cycling Club;2018;UCI Europa Tour Continental Profesional;;;x;;;http://www.zonadeavituallamiento.es/images/Vital-Concept18.jpg;
Vitalicio Seguros-Grupo Generali;1999;TT I;;;Vitaliciio in red;;;http://www.avesdeburgos.com/ciclismo/images/Vitalicio2000.jpg;
Vitalicio Seguros-Grupo Generali;2000;TT I;;;Vitalicio in white;;;http://www.zonadeavituallamiento.es/images/Vitalicio2000(2).jpg;
Vito - Feirense - BlackJack;2018;UCI Europa Tour Continental;;;x;;;http://www.zonadeavituallamiento.es/images/Vito18.jpg;
Vito - Feirense - Pnb;2019;UCI Europa Tour Continental;;;pnb middle;;;https://lakarra.net/wp-content/uploads/2020/04/musette-2019-vito-feirense.jpg;
Vito - Feirense - Pnb;2019;UCI Europa Tour Continental;;;x;;;https://lakarra.net/wp-content/uploads/2020/04/musette-2019-vito-feirense-volta.jpg;
Vitória-ASC;2006;UCI Europa Tour Continental;;;x;;;http://www.zonadeavituallamiento.es/images/Vitoria-ASC07.jpg;
Vitória-ASC;2007;UCI Europa Tour Continental;;;x;;;http://www.zonadeavituallamiento.es/images/Vitoria-ASC.jpg;
Vitória-ASC;2007;UCI Europa Tour Continental;Same as previous year;;x;;;http://www.zonadeavituallamiento.es/images/Vitoria-ASC07.jpg;
Vlaanderen 2002 - Eddy Merckx;2002;;;;x;;;https://lakarra.net/wp-content/uploads/2019/12/musette-2002-vlaanderen-eddy-merckx.jpg;
Vlaanderen 2002 - Eddy Merckx;--;Profesional;;;x;;;http://www.zonadeavituallamiento.es/images/Vlaanderen2002(2).jpg;
Vlaanderen 2002-Eddy Merckx;1996;TT II;;;x;;;http://www.zonadeavituallamiento.es/images/Vlaanderen2002.jpg;
Vlaanderen-T.interim;2003;TT II;;;x;;;http://www.avesdeburgos.com/ciclismo/images/VermarcAmarilla.jpg;
Vlaanderen-T.interim;2004;TT II;Same as previous year;;x;;;http://www.avesdeburgos.com/ciclismo/images/VermarcAmarilla.jpg;
Vlasman CT;2019;UCI Europa Tour Continental;Same as previous year;;x;;;http://www.zonadeavituallamiento.es/images/Vlasman1819.jpg;
Vlasman CT;2017;;;;Yellow strap;;;https://lakarra.net/wp-content/uploads/2019/12/musette-2017-vlasman.jpg;
Vlasman CT;2018;UCI Europa Tour Continental;;;Black strap;;;http://www.zonadeavituallamiento.es/images/Vlasman1819.jpg;
VOLKSBANK IDEAL;2003;;;;x;;;https://lakarra.net/wp-content/uploads/2022/01/musette-2003-volksbank-ideal.jpeg;
VOLTA CICLISTA OURENSE;;;;;;;;https://lakarra.net/wp-content/uploads/2019/12/musette-volta-ciclista-ourense-caixa.jpg;
Vorarlberg;2023;UCI Europa Tour Continental;Same as previous year;;x;;;https://www.facebook.com/photo/?fbid=3401738326781437&set=a.3368383393450264;
Vorarlberg-Corratec;2009;UCI Europa Tour Continental;;;x;;;http://www.zonadeavituallamiento.es/images/Vorarlberg0910.jpg;
Vorarlberg-Corratec;2010;UCI Europa Tour Continental;Same as previous year;;x;;;http://www.zonadeavituallamiento.es/images/Vorarlberg0910.jpg;
Voster;2018;;;;x;;;https://lakarra.net/wp-content/uploads/2019/12/musette-2018-voster.jpg;
Voster ATS;2019;;;;ATS ;;;https://lakarra.net/wp-content/uploads/2020/12/musette-2019-voster-ats-dmtex.jpeg;
Voster ATS;2020;;Same as previous year;;x;;;https://www.facebook.com/photo/?fbid=2733843620237581&set=a.2520039941617951;
Voster ATS;2021;;;;dmtex ;;;https://lakarra.net/wp-content/uploads/2023/01/musette-2022-voster-ats.jpeg;
Voster ATS;2022;;;;No dmtex;;;https://lakarra.net/wp-content/uploads/2023/01/musette-2022-voster-ats.jpeg;
Voster ATS;2023;;Same as previous year;;x;;;https://www.facebook.com/photo/?fbid=3401738483448088&set=a.3368383393450264;
Vuelta a San Juan;2018;Race;;;x;;;https://lakarra.net/wp-content/uploads/2019/12/musette-2018-vuelta-a-san-juan.jpg;
W.S.C. Merelbeke;--;--;;;;;;http://www.zonadeavituallamiento.es/images/Merelbeke.jpg;
W52/FC Porto;2016;UCI Europa Tour Continental;;;x;;;http://www.zonadeavituallamiento.es/images/FC-Porto16.jpg;
W52/FC Porto;2017;UCI Europa Tour Continental;;;x;;;http://www.zonadeavituallamiento.es/images/FC-Porto17.jpg;
W52/FC Porto;2018;UCI Europa Tour Continental;;;Small sponsors in yellow;;;http://www.zonadeavituallamiento.es/images/W52-Porto18.jpg;
W52/FC Porto;2019;UCI Europa Tour Continental;;;Sponsors top;;;http://www.zonadeavituallamiento.es/images/W52-Porto19.jpg;
W52/FC Porto;2020;UCI Europa Tour Continental;;;x;;;https://lakarra.net/wp-content/uploads/2021/02/musette-2020-w52-porto-azul.jpeg;
W52/FC Porto;2020;UCI Europa Tour Continental;;;x;;;https://lakarra.net/wp-content/uploads/2021/02/musette-2020-w52-porto-blanco.jpeg;
W52/FC Porto;2021;UCI Europa Tour Continental;;;x;;;https://lakarra.net/wp-content/uploads/2022/01/musette-2021-w52-fc-porto-bolflex-reconco.jpeg;
W52/FC Porto;2021;UCI Europa Tour Continental;;;Reconco middle;;;https://lakarra.net/wp-content/uploads/2022/01/musette-2021-w52-fc-porto-reconco.jpeg;
W52/FC Porto;2022;UCI Europa Tour Continental;;;x;;;https://lakarra.net/wp-content/uploads/2023/01/musette-2022-w52-porto.jpeg;
W52-Quinta da Lixa;2015;UCI Europa Tour Continental;;;x;;;http://www.zonadeavituallamiento.es/images/W52-Quinta15(2).jpg;
W52-Quinta da Lixa;2015;UCI Europa Tour Continental;;;x;;;http://www.zonadeavituallamiento.es/images/W52-Quinta15.jpg;
Wallonie Bruxelles-Crédit Agricole;2011;UCI Europa Tour Continental;;;x;;;http://www.zonadeavituallamiento.es/images/Wallonie-Bruxelles11.jpg;
Wallonie-Bruxelles;2015;;;;x;;;https://lakarra.net/wp-content/uploads/2019/12/musette-2015-wallonie-bruxelles-qualite.jpg;
Wallonie-Bruxelles;2015;UCI Europa Tour Continental;;;x;;;http://www.zonadeavituallamiento.es/images/Wallonie-Bruxelles15(a).jpg;http://www.zonadeavituallamiento.es/images/Wallonie-Bruxelles15(b).jpg
Wallonie-Bruxelles;2016;UCI Europa Tour Continental;Same as previous year;;x;;;http://www.zonadeavituallamiento.es/images/Wallonie-Bruxelles15(a).jpg;http://www.zonadeavituallamiento.es/images/Wallonie-Bruxelles15(b).jpg
Wanty-Groupe Gobert;2014;UCI Europa Tour Continental Profesional;;;x;;;http://www.zonadeavituallamiento.es/images/Wanty14.jpg;
Wanty-Groupe Gobert;2015;UCI Europa Tour Continental Profesional;Same as previous year;;x;;;http://www.zonadeavituallamiento.es/images/Wanty14.jpg;
Wanty-Groupe Gobert;2016;UCI Europa Tour Continental Profesional;Same as previous year;;x;;;https://lakarra.net/wp-content/uploads/2019/12/musette-2016-wanty.jpg;
Wanty-Groupe Gobert;2018;UCI Europa Tour Continental Profesional;;;x;;;http://www.zonadeavituallamiento.es/images/3Action19.jpg;
Wanty-Groupe Gobert Cycling Team;2019;UCI Europa Tour Continental Profesional;Same as previous year;;x;;;http://www.zonadeavituallamiento.es/images/3Action19.jpg;
WATAUTOS HACO;2015;;;;;;;https://lakarra.net/wp-content/uploads/2019/12/musette-2015-watautos-haco.jpg;
WB Morbihan;2022;;;;x;;;https://lakarra.net/wp-content/uploads/2023/01/musette-2022-wb-fybolia-morbihan.jpeg;
WB Morbihan;2023;;Same as previous year;;x;;;https://www.facebook.com/photo/?fbid=3534684100153525&set=a.3368383393450264;
Weinmann-La Suisse-SMM;1988;Profesional;;;x;;;http://www.avesdeburgos.com/ciclismo/images/Weinmann88.jpg;
Weinmann-SMM Uster;1990;Profesional;;;x;;;http://www.zonadeavituallamiento.es/images/Weinmann-SMM90.jpg;
Westwood;1990;Profesional;;;x;;;http://www.zonadeavituallamiento.es/images/Westwood(2).jpg;
Westwood;1990;Profesional;;;x;;;http://www.zonadeavituallamiento.es/images/Westwood.jpg;
Whirlpool;2008;;;;;;;https://lakarra.net/wp-content/uploads/2019/12/musette-2008-whirlpool.jpg;
Whirlpool;2014;;;;;;;whirlpool_14;
Wibatech Santic;2023;;;;x;;;wibatech_23;
Wibatech Santic;2024;;;;;;;wibatech_24;
Wiesenhof;2003;TT II;;;x;;;http://www.zonadeavituallamiento.es/images/Wiesenhof.jpg;
Wiesenhof;2004;TT II;Same as previous year;;x;;;http://www.zonadeavituallamiento.es/images/Wiesenhof.jpg;
Wiesenhof;2005;UCI Europa Tour Continental Profesional;;;x;;;http://www.zonadeavituallamiento.es/images/Wiesenhof05(a).jpg;http://www.zonadeavituallamiento.es/images/Wiesenhof05(b).jpg
Wigarma-JM Catering;1991;Profesional;;;x;;;http://www.zonadeavituallamiento.es/images/Wigarma.jpg;
WIGGINGS SKY;2016;;;;x;;;https://lakarra.net/wp-content/uploads/2019/12/musette-2016-rapha-wiggings-sky.jpg;
Wilier Triestina-Selle Italia;2017;UCI Europa Tour Continental Profesional;;;x;;;http://www.zonadeavituallamiento.es/images/Wilier-SelleItalia17.jpg;
Wilier Triestina-Selle Italia;2018;UCI Europa Tour Continental Profesional;;;x;;;http://www.zonadeavituallamiento.es/images/Wilier-SelleItalia18.jpg;
Wilier Triestina-Southeast;2016;UCI Europa Tour Continental Profesional;;;Dermovitamina bottom left;;;http://www.zonadeavituallamiento.es/images/Southeast16(a).jpg;http://www.zonadeavituallamiento.es/images/Southeast16(b).jpg
Wilier Triestina-Southeast;2016;UCI Europa Tour Continental Profesional;;;x;;;https://lakarra.net/wp-content/uploads/2019/12/musette-2016-southeast-wilier-sin-logo.jpg;
Wolber-Spidel;1982-1983;Profesional;;;;;;http://www.zonadeavituallamiento.es/images/Wolber-Spidel82.jpg;
Word bicycle relief;2016;;;;x;;;https://lakarra.net/wp-content/uploads/2019/12/musette-2016-rally-world-bicycle-relief.jpg;
WordPerfect-Colnago-Decca;1994;Profesional;;;x;;;http://www.zonadeavituallamiento.es/images/Isostar(10).jpg;
Work Group Service;2020;;;;x;;;https://lakarra.net/wp-content/uploads/2021/02/musette-2020-work-service-dynatek-vega.jpeg;
Work Group Service;2021;;;;x;;;work_21;
Work Group Service;2022;;;;x;;;https://lakarra.net/wp-content/uploads/2023/01/musette-2022-work-group-service-saby-negro.jpeg;
WORLD OF BIKE GRECIA;2016;;;;;;;https://lakarra.net/wp-content/uploads/2019/12/musette-2016-world-of-bike-grecia.jpg;
WPGA Wielerploeg Groot Amsterdam;2019;;;;x;;;wpga_19;
Würth;2007;Elite-Sub23;;;;;;http://www.avesdeburgos.com/ciclismo/images/Wurth07.jpg;
Würth-Bom Petisco;2004;TT III;;;;;;http://www.zonadeavituallamiento.es/images/Wurth-Tavira.jpg;
Wüstenrot Zvvz;1999;;;;x;;;https://lakarra.net/wp-content/uploads/2019/12/musette-1999-wustenrot-zvvz.jpg;
Xacobeo Galicia;2009;UCI Europa Tour Continental Profesional;;;x;;;http://www.avesdeburgos.com/ciclismo/images/Karpin-Galicia07.jpg;
Xacobeo Galicia;2009;UCI Europa Tour Continental Profesional;;;x;;;http://www.zonadeavituallamiento.es/images/Xacobeo09.jpg;
Xacobeo Galicia;2010;UCI Europa Tour Continental Profesional;;;x;;;http://www.zonadeavituallamiento.es/images/Xacobeo10.jpg;
Yawadoo-Abm-Tv-Vlaanderen;2007;UCI Europa Tour Continental;;;x;;;http://www.zonadeavituallamiento.es/images/Yawadoo08.jpg;
YOWAMUSHI PEDAL;2022;;;;;;;https://lakarra.net/wp-content/uploads/2023/01/musette-2022-yowamushi-pedal.jpeg;
Zahor-Macario-Campagnolo;1988;Profesional;;;x;;;http://www.avesdeburgos.com/ciclismo/images/Zahor88.jpg;
Zappi's Cycling Club;2011;Club;;;x;;;http://www.zonadeavituallamiento.es/images/Zappis.jpg;
Zappi's Cycling Club;2019;;;;x;;;zappi_19_2;
Zappi's Racing Team;2018;;;;Bigger logo;;;zappi_18;
Zappi's Racing Team;2018;;;;Campagnolo;;;https://lakarra.net/wp-content/uploads/2019/12/musette-2018-holdsworth-campagnolo-carnac-panaracer.jpg;
Zappi's Racing Team;2018;UCI Europa Tour Continental;;;Smaller logo;;;http://www.zonadeavituallamiento.es/images/Holdsworth18(1).jpg;
ZG Mobili-Bottecchia-Selle Italia;1992;Profesional;;;x;;;http://www.zonadeavituallamiento.es/images/ZG92.jpg;
ZG-Selle Italia-Birex;1995;Profesional;;;x;;;http://www.zonadeavituallamiento.es/images/ZG95.jpg;
Zor-BH;1986;Profesional;;;x;;;http://www.zonadeavituallamiento.es/images/Zor-BH86.jpg;
Zor-Encedor;1986;;;;x;;;https://lakarra.net/wp-content/uploads/2019/12/musette-1986-zor-encedor.jpg;
Zor-Gemeaz Cusin;1984-1985;Profesional;;;x;;;http://www.zonadeavituallamiento.es/images/Zor-Gemeaz8485.jpg;
Z-Peugeot;1987;Profesional;;;x;;;http://www.zonadeavituallamiento.es/images/Z.jpg;
Z-Peugeot;1988;Profesional;Same as previous year;;x;;;http://www.zonadeavituallamiento.es/images/Z.jpg;
;2021;;;;;;;bmc_21;
;2023;;;;;;;supq_23;
Team Visma-Lease a bike Women;2024;;;;x;x;Tour;visma_tdf_women_24;
Team Ukyo;2024;;;;;;;ukyo_24_2;
Roubaix Lille Métropole;2024;;;;;;;roubaix_24;
Tour of Taihu Lake;2024;;;;x;x;;taihu_24;
Tavfer Mortagua;2024;;;;;;;tavfer_24;
Liv Jayco Alula;2024;;;;;;TDF;liv_tdf_24;
MG.KVIS;2024;;;;;;;mgkvis_24;
Colombia;2024;;;;;;;colombia_24;
Slovakia;2024;;;;;;;slovakia_24;
Slovakia;2024;;;;;;;slovakia_24_2;
Ecuador;2024;;;;;;;ecuador_24;
China Glory;2024;;;;;;;china_glory_24;
Denmark;2024;;;;;;;denmark_24;
Avijudo Louletano;2024;;;;x;x;;;
Peloton Tenerife;2024;;;;;x;;;
Poggi;2024;;;;x;x;;;
Paris 2024;2024;;;;x;x;;;
Polska;2024;Nation;;;x;x;;;
ABTF Betao - Feirense;2024;;;;Logo centered;x;;;
